[start] 2026-05-04T23:12:17.685235
[info] retries=1 sleep=8s
fetch: https://github.com/AvenCores/goida-vpn-configs/raw/refs/heads/main/githubmirror/1.txt
size: 2212956
found: 2942 370
fetch: https://github.com/AvenCores/goida-vpn-configs/raw/refs/heads/main/githubmirror/2.txt
size: 4426278
found: 20575 0
fetch: https://github.com/AvenCores/goida-vpn-configs/raw/refs/heads/main/githubmirror/3.txt
size: 1888165
found: 5748 1189
fetch: https://github.com/AvenCores/goida-vpn-configs/raw/refs/heads/main/githubmirror/4.txt
size: 69108
found: 109 6
fetch: https://github.com/AvenCores/goida-vpn-configs/raw/refs/heads/main/githubmirror/5.txt
size: 231298
found: 694 80
fetch: https://github.com/AvenCores/goida-vpn-configs/raw/refs/heads/main/githubmirror/6.txt
size: 32528
found: 63 36
fetch: https://github.com/AvenCores/goida-vpn-configs/raw/refs/heads/main/githubmirror/7.txt
size: 98900
found: 0 0
fetch: https://github.com/AvenCores/goida-vpn-configs/raw/refs/heads/main/githubmirror/8.txt
size: 71776
found: 321 0
fetch: https://github.com/AvenCores/goida-vpn-configs/raw/refs/heads/main/githubmirror/9.txt
size: 62749
found: 299 0
fetch: https://github.com/AvenCores/goida-vpn-configs/raw/refs/heads/main/githubmirror/10.txt
size: 1356496
found: 4844 0
fetch: https://github.com/AvenCores/goida-vpn-configs/raw/refs/heads/main/githubmirror/11.txt
size: 40536
found: 13 313
fetch: https://github.com/AvenCores/goida-vpn-configs/raw/refs/heads/main/githubmirror/12.txt
size: 1012569
found: 3455 0
fetch: https://github.com/AvenCores/goida-vpn-configs/raw/refs/heads/main/githubmirror/13.txt
size: 447
found: 2 0
fetch: https://github.com/AvenCores/goida-vpn-configs/raw/refs/heads/main/githubmirror/14.txt
size: 159979
found: 507 68
fetch: https://github.com/AvenCores/goida-vpn-configs/raw/refs/heads/main/githubmirror/15.txt
size: 65310
found: 334 8
fetch: https://github.com/AvenCores/goida-vpn-configs/raw/refs/heads/main/githubmirror/16.txt
size: 3124
found: 0 2
fetch: https://github.com/AvenCores/goida-vpn-configs/raw/refs/heads/main/githubmirror/17.txt
size: 127712
found: 202 24
fetch: https://github.com/AvenCores/goida-vpn-configs/raw/refs/heads/main/githubmirror/18.txt
size: 138524
found: 380 0
fetch: https://github.com/AvenCores/goida-vpn-configs/raw/refs/heads/main/githubmirror/19.txt
size: 278779
found: 405 572
fetch: https://github.com/AvenCores/goida-vpn-configs/raw/refs/heads/main/githubmirror/20.txt
size: 399627
found: 466 242
fetch: https://github.com/AvenCores/goida-vpn-configs/raw/refs/heads/main/githubmirror/21.txt
size: 390520
found: 588 675
fetch: https://github.com/AvenCores/goida-vpn-configs/raw/refs/heads/main/githubmirror/22.txt
size: 44897
found: 128 0
fetch: https://github.com/AvenCores/goida-vpn-configs/raw/refs/heads/main/githubmirror/23.txt
size: 43309
found: 152 0
fetch: https://github.com/AvenCores/goida-vpn-configs/raw/refs/heads/main/githubmirror/24.txt
size: 306289
found: 1092 0
fetch: https://github.com/AvenCores/goida-vpn-configs/raw/refs/heads/main/githubmirror/25.txt
size: 39187
found: 212 0
fetch: https://github.com/elanski/proxy-preflight/raw/refs/heads/main/configs/VLESS+Reality+XTLS
size: 2041265
found: 7277 0
fetch: https://github.com/elanski/proxy-preflight/raw/refs/heads/main/configs/available
size: 45497
found: 180 0
fetch: https://github.com/elanski/proxy-preflight/raw/refs/heads/main/configs/collected_raw
size: 1849743
found: 6801 0
fetch: https://github.com/bonymalomalo/vless-auto-update/raw/refs/heads/main/vless-scan/dump.txt
size: 14177692
found: 55249 0
fetch: https://github.com/bonymalomalo/vless-auto-update/raw/refs/heads/main/vless-scan/vless.txt
size: 13584689
found: 63401 0
fetch: https://github.com/bonymalomalo/vless-auto-update/raw/refs/heads/main/vless-scan/vless_runapp.txt
size: 2754
found: 12 0
fetch: https://github.com/Epodonios/v2ray-configs/raw/main/Splitted-By-Protocol/vless.txt
size: 876780
found: 2820 0
fetch: https://raw.githubusercontent.com/ShatakVPN/ConfigForge-V2Ray/main/configs/vless.txt
size: 386058
found: 1578 0
fetch: https://raw.githubusercontent.com/ShatakVPN/ConfigForge-V2Ray/main/configs/shadowsocks.txt
size: 59327
found: 0 465
fetch: https://raw.githubusercontent.com/igareck/vpn-configs-for-russia/refs/heads/main/BLACK_SS+All_RUS.txt
size: 11776
found: 0 1
fetch: https://github.com/qopq1366/VlessConfig/raw/refs/heads/main/sub.txt
size: 651722
found: 2552 268
fetch: https://github.com/milchee/vless_subs/raw/refs/heads/main/hiro.txt
size: 145480
found: 573 0
fetch: https://github.com/avbak/symmetrical-spork/raw/refs/heads/main/filtered_configs.txt
size: 1566
found: 6 0
fetch: https://github.com/V2RayRoot/V2Root-ConfigPilot/raw/refs/heads/main/output/BestConfigs.txt
size: 2190
found: 5 5
fetch: https://github.com/MohsenReyhani/vless-subscriptions/raw/refs/heads/main/sub.txt
size: 22485
found: 108 8
fetch: https://github.com/gslege/CloudflareIP/blob/main/Vless.txt
size: 243417
found: 0 0
fetch: https://github.com/vovan046kursk-stack/vless-list1/raw/refs/heads/main/vless_list_new.txt
size: 57811
found: 174 0
fetch: https://github.com/Surfboardv2ray/Proxy-sorter/raw/refs/heads/main/output/US.txt
size: 14871
found: 70 0
fetch: https://github.com/Surfboardv2ray/Proxy-sorter/raw/refs/heads/main/ws_tls/7899/7899
size: 54335
found: 217 0
fetch: https://github.com/Surfboardv2ray/Proxy-sorter/raw/refs/heads/main/ws_tls/proxies/wstls
size: 55722
found: 217 0
fetch: https://github.com/Firmfox/Proxify/raw/refs/heads/main/v2ray_configs/seperated_by_protocol/vless.txt
size: 1117420
found: 4715 4
fetch: https://github.com/Firmfox/Proxify/raw/refs/heads/main/v2ray_configs/seperated_by_protocol/shadowsocks.txt
size: 353445
found: 0 1909
fetch: https://github.com/sevcator/5ubscrpt10n/raw/refs/heads/main/protocols/ss.txt
size: 2337675
found: 0 20623
fetch: https://raw.githubusercontent.com/sakha1370/OpenRay/refs/heads/main/output/kind/ss.txt
size: 58580
found: 0 370
fetch: https://github.com/T3stAcc/V2Ray/raw/refs/heads/main/Splitted-By-Protocol/vless.txt
size: 372016
found: 1076 0
fetch: https://github.com/T3stAcc/V2Ray/raw/refs/heads/main/Splitted-By-Protocol/ss.txt
size: 89588
found: 0 483
fetch: https://raw.githubusercontent.com/EtoNeYaProject/etoneyaproject.github.io/refs/heads/main/other
size: 476332
found: 1622 263
fetch: https://raw.githubusercontent.com/EtoNeYaProject/etoneyaproject.github.io/refs/heads/main/gemini
size: 6971
found: 1 51
fetch: https://raw.githubusercontent.com/EtoNeYaProject/etoneyaproject.github.io/refs/heads/main/youtube
size: 308396
found: 1030 226
fetch: https://raw.githubusercontent.com/EtoNeYaProject/etoneyaproject.github.io/refs/heads/main/ytm
size: 1152
found: 1 6

DEFAULT RESULT:
vless: 82712
ss: 15658
fetch: https://github.com/AvenCores/goida-vpn-configs/raw/refs/heads/main/githubmirror/26.txt
size: 989197
found: 2050 175
fetch: https://github.com/elanski/proxy-preflight/raw/refs/heads/main/configs/available_ru
size: 8374
found: 29 0
fetch: https://github.com/elanski/proxy-preflight/raw/refs/heads/main/configs/sub_ru.txt
size: 34656
found: 100 0
fetch: https://raw.githubusercontent.com/igareck/vpn-configs-for-russia/refs/heads/main/Vless-Reality-White-Lists-Rus-Mobile.txt
size: 43599
found: 149 0
fetch: https://raw.githubusercontent.com/igareck/vpn-configs-for-russia/refs/heads/main/Vless-Reality-White-Lists-Rus-Mobile-2.txt
size: 44826
found: 150 0
fetch: https://raw.githubusercontent.com/igareck/vpn-configs-for-russia/refs/heads/main/WHITE-CIDR-RU-all.txt
size: 205791
found: 618 0
fetch: https://raw.githubusercontent.com/igareck/vpn-configs-for-russia/refs/heads/main/WHITE-CIDR-RU-checked.txt
size: 30067
found: 105 0
fetch: https://raw.githubusercontent.com/igareck/vpn-configs-for-russia/refs/heads/main/WHITE-SNI-RU-all.txt
size: 22569
found: 74 0
fetch: https://github.com/JeBance/CheburNet/raw/refs/heads/gh-pages/cheburnet.txt
size: 29819
found: 85 0
fetch: https://raw.githubusercontent.com/EtoNeYaProject/etoneyaproject.github.io/refs/heads/main/1
size: 613392
found: 2004 263
fetch: https://gitverse.ru/api/repos/bywarm/rser/raw/branch/master/selected.txt
size: 65688
found: 217 0
fetch: https://gitverse.ru/api/repos/bywarm/rser/raw/branch/master/wl.txt
size: 857420
found: 2247 22
fetch: https://gitverse.ru/api/repos/bywarm/rser/raw/branch/master/merged.txt
size: 2891189
found: 8174 424
fetch: https://wlrus.lol/confs/blackl.txt
FAILED: https://wlrus.lol/confs/blackl.txt
size: 0
found: 0 0
fetch: https://raw.githubusercontent.com/igareck/vpn-configs-for-russia/refs/heads/main/BLACK_VLESS_RUS.txt
size: 77663
found: 270 0
fetch: https://raw.githubusercontent.com/prominbro/KfWL/refs/heads/main/KfWL.txt
size: 562648
found: 1558 10
fetch: https://obwl.vercel.app/sub.txt
size: 588
found: 3 0
fetch: https://raw.githubusercontent.com/vsevjik/OBWLautoupd/refs/heads/main/ru_vless_reality.txt#OBWL
FAILED: https://raw.githubusercontent.com/vsevjik/OBWLautoupd/refs/heads/main/ru_vless_reality.txt#OBWL
size: 0
found: 0 0
fetch: https://raw.githubusercontent.com/tankist939-afk/Obhod-WL/refs/heads/main/Obhod%20WL
size: 15157
found: 56 0
fetch: https://raw.githubusercontent.com/AirLinkVPN1/AirLinkVPN/refs/heads/main/rkn_white_list
size: 428167
found: 1305 0
fetch: https://raw.githubusercontent.com/RKPchannel/RKP_bypass_configs/refs/heads/main/configs/url_work.txt
size: 959869
found: 3422 0
fetch: https://gitflic.ru/project/sigil/my-new-cool-project/blob/raw?file=whitelist
size: 83992
found: 259 0
fetch: https://raw.githubusercontent.com/gergew452/Generation-Liberty/refs/heads/main/githubmirror/best.txt
size: 10657
found: 33 9
fetch: https://mygala.ru/vpn/premium.php
FAILED: https://mygala.ru/vpn/premium.php
size: 0
found: 0 0
fetch: https://raw.githubusercontent.com/Sanuyyq/sub-storage1/refs/heads/main/bs.txt
size: 655199
found: 2069 0
fetch: https://gbr.mydan.online/configs
size: 5712
found: 22 0
fetch: https://raw.githubusercontent.com/Temnuk/naabuzil/refs/heads/main/Svoboda
size: 21066
found: 70 0
fetch: https://raw.githubusercontent.com/ewecrow78-gif/whitelist1/main/list.txt
size: 565113
found: 1735 0
fetch: https://ety.twinkvibe.gay/whitelist
size: 137261
found: 383 0
fetch: https://raw.githubusercontent.com/LimeHi/LimeVPN/refs/heads/main/LimeVPN.txt?v=1
size: 1047
found: 3 1
fetch: https://raw.githubusercontent.com/ShatakVPN/ConfigForge-V2Ray/main/configs/ru/vless.txt
size: 210575
found: 890 0
fetch: https://subrostunnel.vercel.app/gen.txt
size: 160996
found: 301 0
fetch: https://subrostunnel.vercel.app/wl.txt
size: 399032
found: 963 0
fetch: https://rostunnel.vercel.app/mega.txt
size: 2822167
found: 5128 480
fetch: https://github.com/ksenkovsolo/HardVPN-bypass-WhiteLists-/raw/refs/heads/main/vpn-lte/WHITELIST-ALL.txt
size: 40194
found: 79 0
fetch: https://gist.github.com/DestroyST6767/50af50221ca1858ba2084efc0f524fbc.txt
size: 34890
found: 119 0
fetch: https://raw.githubusercontent.com/ByeWhiteLists/ByeWhiteLists2/refs/heads/main/ByeWhiteLists2.txt
size: 314143
found: 1031 0
fetch: https://raw.githubusercontent.com/kort0881/vpn-checker-backend/refs/heads/main/checked/RU_Best/ru_white_all_WHITE.txt
size: 795468
found: 2526 247
fetch: https://raw.githubusercontent.com/Maskkost93/kizyak-vpn-4.0/refs/heads/main/kizyakbeta6.txt
size: 84131
found: 290 0
fetch: https://raw.githubusercontent.com/Maskkost93/kizyak-vpn-4.0/refs/heads/main/kizyakbeta6BL.txt
size: 11314
found: 0 1
fetch: https://raw.githubusercontent.com/Ilyacom4ik/free-v2ray-2026/main/subscriptions/FreeCFGHub1.txt
size: 24483
found: 100 0
fetch: https://raw.githubusercontent.com/whoahaow/rjsxrd/refs/heads/main/githubmirror/bypass/bypass-all.txt
size: 1200051
found: 3920 9
fetch: https://raw.githubusercontent.com/prominbro/sub/refs/heads/main/212.txt
size: 15540
found: 58 0
fetch: https://raw.githubusercontent.com/EtoNeYaProject/etoneyaproject.github.io/refs/heads/main/whitelist
size: 137261
found: 383 0

WHITELIST DONE
total keys: 111574
[start] file/git_keys/default/ss.txt -> file/checked_keys/ss.txt, priority=100 raw=15758 unique=15379, target=100
[CACHE_OK]: 1010ms (1/100)
[CACHE_OK]: 916ms (2/100)
[CACHE_OK]: 561ms (3/100)
[CACHE_OK]: 855ms (4/100)
[CACHE_OK]: 812ms (5/100)
[CACHE_OK]: 997ms (6/100)
[CACHE_OK]: 828ms (7/100)
[CACHE_OK]: 863ms (8/100)
[CACHE_OK]: 829ms (9/100)
[CACHE_OK]: 1502ms (10/100)
[CACHE_OK]: 845ms (11/100)
[CACHE_OK]: 660ms (12/100)
[CACHE_OK]: 853ms (13/100)
[CACHE_OK]: 2438ms (14/100)
[CACHE_OK]: 865ms (15/100)
[CACHE_OK]: 343ms (16/100)
[CACHE_OK]: 779ms (17/100)
[CACHE_OK]: 877ms (18/100)
[CACHE_OK]: 257ms (19/100)
[CACHE_OK]: 649ms (20/100)
[CACHE_OK]: 3430ms (21/100)
[CACHE_OK]: 733ms (22/100)
[CACHE_OK]: 817ms (23/100)
[CACHE_OK]: 859ms (24/100)
[CACHE_OK]: 826ms (25/100)
[CACHE_OK]: 857ms (26/100)
[CACHE_OK]: 843ms (27/100)
[CACHE_OK]: 885ms (28/100)
[CACHE_OK]: 2387ms (29/100)
[CACHE_OK]: 733ms (30/100)
[CACHE_OK]: 278ms (31/100)
[CACHE_OK]: 1140ms (32/100)
[CACHE_OK]: 940ms (33/100)
[CACHE_OK]: 294ms (34/100)
[CACHE_OK]: 3023ms (35/100)
[CACHE_OK]: 701ms (36/100)
[CACHE_OK]: 2645ms (37/100)
[CACHE_OK]: 230ms (38/100)
[CACHE_OK]: 802ms (39/100)
[CACHE_OK]: 540ms (40/100)
[CACHE_OK]: 903ms (41/100)
[CACHE_OK]: 893ms (42/100)
[CACHE_OK]: 626ms (43/100)
[CACHE_OK]: 1014ms (44/100)
[CACHE_OK]: 867ms (45/100)
[CACHE_OK]: 908ms (46/100)
[CACHE_OK]: 800ms (47/100)
[CACHE_OK]: 1107ms (48/100)
[CACHE_OK]: 520ms (49/100)
[CACHE_OK]: 832ms (50/100)
[CACHE_OK]: 771ms (51/100)
[CACHE_OK]: 188ms (52/100)
[CACHE_OK]: 808ms (53/100)
[CACHE_OK]: 2749ms (54/100)
[CACHE_OK]: 943ms (55/100)
[CACHE_OK]: 821ms (56/100)
[CACHE_OK]: 864ms (57/100)
[CACHE_OK]: 834ms (58/100)
[CACHE_OK]: 838ms (59/100)
[CACHE_OK]: 1022ms (60/100)
[CACHE_OK]: 1451ms (61/100)
[CACHE_OK]: 855ms (62/100)
[CACHE_OK]: 862ms (63/100)
[CACHE_OK]: 323ms (64/100)
[CACHE_OK]: 248ms (65/100)
[CACHE_OK]: 885ms (66/100)
[CACHE_OK]: 927ms (67/100)
[CACHE_OK]: 270ms (68/100)
[CACHE_OK]: 910ms (69/100)
[CACHE_OK]: 344ms (70/100)
[CACHE_OK]: 964ms (71/100)
[CACHE_OK]: 665ms (72/100)
[CACHE_OK]: 1161ms (73/100)
[CACHE_OK]: 1009ms (74/100)
[CACHE_OK]: 1292ms (75/100)
[CACHE_OK]: 851ms (76/100)
[CACHE_OK]: 319ms (77/100)
[CACHE_OK]: 508ms (78/100)
[CACHE_OK]: 862ms (79/100)
[CACHE_OK]: 884ms (80/100)
[CACHE_OK]: 891ms (81/100)
[CACHE_OK]: 288ms (82/100)
[CACHE_FAIL]: -1
[PRECHECK_FAIL]: -1
[PRECHECK_FAIL]: -1
[PRECHECK_FAIL]: -1
[PRECHECK_FAIL]: -1
[PRECHECK_FAIL]: -1
[PRECHECK_FAIL]: -1
[PRECHECK_FAIL]: -1
[PRECHECK_FAIL]: -1
[PRECHECK_FAIL]: -1
[PRECHECK_FAIL]: -1
[PRECHECK_FAIL]: -1
[PRECHECK_FAIL]: -1
[PRECHECK_FAIL]: -1
[PRECHECK_FAIL]: -1
[PRECHECK_FAIL]: -1
[PRECHECK_FAIL]: -1
[PRECHECK_FAIL]: -1
[PRECHECK_FAIL]: -1
[PRECHECK_FAIL]: -1
[PRECHECK_FAIL]: -1
[PRECHECK_FAIL]: -1
[PRECHECK_FAIL]: -1
[PRECHECK_FAIL]: -1
[PRECHECK_FAIL]: -1
[PRECHECK_FAIL]: -1
[PRECHECK_FAIL]: -1
[PRECHECK_FAIL]: -1
[PRECHECK_FAIL]: -1
[PRECHECK_FAIL]: -1
[PRECHECK_FAIL]: -1
[PRECHECK_FAIL]: -1
[PRECHECK_FAIL]: -1
[PRECHECK_FAIL]: -1
[PRECHECK_FAIL]: -1
[PRECHECK_FAIL]: -1
[PRECHECK_FAIL]: -1
[PRECHECK_FAIL]: -1
[PRECHECK_FAIL]: -1
[PRECHECK_FAIL]: -1
[PRECHECK_FAIL]: -1
[PRECHECK_FAIL]: -1
[PRECHECK_FAIL]: -1
[PRECHECK_FAIL]: -1
[PRECHECK_FAIL]: -1
[PRECHECK_FAIL]: -1
[PRECHECK_FAIL]: -1
[PRECHECK_FAIL]: -1
[PRECHECK_FAIL]: -1
[PRECHECK_FAIL]: -1
[PRECHECK_FAIL]: -1
[PRECHECK_FAIL]: -1
[PRECHECK_FAIL]: -1
[PRECHECK_FAIL]: -1
[PRECHECK_FAIL]: -1
[PRECHECK_FAIL]: -1
[PRECHECK_FAIL]: -1
[PRECHECK_FAIL]: -1
[PRECHECK_FAIL]: -1
[PRECHECK_FAIL]: -1
[PRECHECK_FAIL]: -1
[PRECHECK_FAIL]: -1
[PRECHECK_FAIL]: -1
[PRECHECK_FAIL]: -1
[PRECHECK_FAIL]: -1
[PRECHECK_FAIL]: -1
[PRECHECK_FAIL]: -1
[PRECHECK_FAIL]: -1
[PRECHECK_FAIL]: -1
[PRECHECK_FAIL]: -1
[PRECHECK_FAIL]: -1
[PRECHECK_FAIL]: -1
[PRECHECK_FAIL]: -1
[PRECHECK_FAIL]: -1
[PRECHECK_FAIL]: -1
[PRECHECK_FAIL]: -1
[PRECHECK_FAIL]: -1
[PRECHECK_FAIL]: -1
[PRECHECK_FAIL]: -1
[PRECHECK_FAIL]: -1
[PRECHECK_FAIL]: -1
[PRECHECK_FAIL]: -1
[PRECHECK_FAIL]: -1
[PRECHECK_FAIL]: -1
[PRECHECK_FAIL]: -1
[PRECHECK_FAIL]: -1
[PRECHECK_FAIL]: -1
[PRECHECK_FAIL]: -1
[PRECHECK_FAIL]: -1
[PRECHECK_FAIL]: -1
[PRECHECK_FAIL]: -1
[PRECHECK_FAIL]: -1
[PRECHECK_FAIL]: -1
[PRECHECK_FAIL]: -1
[PRECHECK_FAIL]: -1
[PRECHECK_FAIL]: -1
[PRECHECK_FAIL]: -1
[PRECHECK_FAIL]: -1
[PRECHECK_FAIL]: -1
[PRECHECK_FAIL]: -1
[PRECHECK_FAIL]: -1
[PRECHECK_FAIL]: -1
[PRECHECK_FAIL]: -1
[PRECHECK_FAIL]: -1
[PRECHECK_FAIL]: -1
[PRECHECK_FAIL]: -1
[PRECHECK_FAIL]: -1
[PRECHECK_FAIL]: -1
[PRECHECK_FAIL]: -1
[PRECHECK_FAIL]: -1
[PRECHECK_FAIL]: -1
[PRECHECK_FAIL]: -1
[PRECHECK_FAIL]: -1
[PRECHECK_FAIL]: -1
[PRECHECK_FAIL]: -1
[PRECHECK_FAIL]: -1
[PRECHECK_FAIL]: -1
[PRECHECK_FAIL]: -1
[PRECHECK_FAIL]: -1
[PRECHECK_FAIL]: -1
[PRECHECK_FAIL]: -1
[PRECHECK_FAIL]: -1
[PRECHECK_FAIL]: -1
[PRECHECK_FAIL]: -1
[PRECHECK_FAIL]: -1
[PRECHECK_FAIL]: -1
[PRECHECK_FAIL]: -1
[PRECHECK_FAIL]: -1
[PRECHECK_FAIL]: -1
[PRECHECK_FAIL]: -1
[PRECHECK_FAIL]: -1
[PRECHECK_FAIL]: -1
[PRECHECK_FAIL]: -1
[PRECHECK_FAIL]: -1
[PRECHECK_FAIL]: -1
[PRECHECK_FAIL]: -1
[PRECHECK_FAIL]: -1
[PRECHECK_FAIL]: -1
[PRECHECK_FAIL]: -1
[PRECHECK_FAIL]: -1
[PRECHECK_FAIL]: -1
[PRECHECK_FAIL]: -1
[PRECHECK_FAIL]: -1
[PRECHECK_FAIL]: -1
[PRECHECK_FAIL]: -1
[PRECHECK_FAIL]: -1
[PRECHECK_FAIL]: -1
[PRECHECK_FAIL]: -1
[PRECHECK_FAIL]: -1
[PRECHECK_FAIL]: -1
[PRECHECK_FAIL]: -1
[PRECHECK_FAIL]: -1
[PRECHECK_FAIL]: -1
[PRECHECK_FAIL]: -1
[PRECHECK_FAIL]: -1
[PRECHECK_FAIL]: -1
[PRECHECK_FAIL]: -1
[PRECHECK_FAIL]: -1
[PRECHECK_FAIL]: -1
[PRECHECK_FAIL]: -1
[PRECHECK_FAIL]: -1
[PRECHECK_FAIL]: -1
[PRECHECK_FAIL]: -1
[PRECHECK_FAIL]: -1
[PRECHECK_FAIL]: -1
[PRECHECK_FAIL]: -1
[PRECHECK_FAIL]: -1
[PRECHECK_FAIL]: -1
[PRECHECK_FAIL]: -1
[PRECHECK_FAIL]: -1
[PRECHECK_FAIL]: -1
[PRECHECK_FAIL]: -1
[PRECHECK_FAIL]: -1
[PRECHECK_FAIL]: -1
[PRECHECK_FAIL]: -1
[PRECHECK_FAIL]: -1
[PRECHECK_FAIL]: -1
[PRECHECK_FAIL]: -1
[PRECHECK_FAIL]: -1
[PRECHECK_FAIL]: -1
[PRECHECK_FAIL]: -1
[PRECHECK_FAIL]: -1
[PRECHECK_FAIL]: -1
[PRECHECK_FAIL]: -1
[PRECHECK_FAIL]: -1
[PRECHECK_FAIL]: -1
[PRECHECK_FAIL]: -1
[PRECHECK_FAIL]: -1
[PRECHECK_FAIL]: -1
[PRECHECK_FAIL]: -1
[PRECHECK_FAIL]: -1
[PRECHECK_FAIL]: -1
[PRECHECK_FAIL]: -1
[PRECHECK_FAIL]: -1
[PRECHECK_FAIL]: -1
[PRECHECK_FAIL]: -1
[PRECHECK_FAIL]: -1
[PRECHECK_FAIL]: -1
[PRECHECK_FAIL]: -1
[PRECHECK_FAIL]: -1
[PRECHECK_FAIL]: -1
[PRECHECK_FAIL]: -1
[PRECHECK_FAIL]: -1
[PRECHECK_FAIL]: -1
[PRECHECK_FAIL]: -1
[PRECHECK_FAIL]: -1
[PRECHECK_FAIL]: -1
[PRECHECK_FAIL]: -1
[PRECHECK_FAIL]: -1
[PRECHECK_FAIL]: -1
[PRECHECK_FAIL]: -1
[PRECHECK_FAIL]: -1
[PRECHECK_FAIL]: -1
[PRECHECK_FAIL]: -1
[PRECHECK_FAIL]: -1
[PRECHECK_FAIL]: -1
[PRECHECK_FAIL]: -1
[PRECHECK_FAIL]: -1
[PRECHECK_FAIL]: -1
[PRECHECK_FAIL]: -1
[PRECHECK_FAIL]: -1
[PRECHECK_FAIL]: -1
[PRECHECK_FAIL]: -1
[PRECHECK_FAIL]: -1
[PRECHECK_FAIL]: -1
[PRECHECK_FAIL]: -1
[PRECHECK_FAIL]: -1
[PRECHECK_FAIL]: -1
[PRECHECK_FAIL]: -1
[PRECHECK_FAIL]: -1
[PRECHECK_FAIL]: -1
[PRECHECK_FAIL]: -1
[PRECHECK_FAIL]: -1
[PRECHECK_FAIL]: -1
[PRECHECK_FAIL]: -1
[PRECHECK_FAIL]: -1
[PRECHECK_FAIL]: -1
[PRECHECK_FAIL]: -1
[PRECHECK_FAIL]: -1
[PRECHECK_FAIL]: -1
[PRECHECK_FAIL]: -1
[PRECHECK_FAIL]: -1
[PRECHECK_FAIL]: -1
[PRECHECK_FAIL]: -1
[PRECHECK_FAIL]: -1
[PRECHECK_FAIL]: -1
[PRECHECK_FAIL]: -1
[PRECHECK_FAIL]: -1
[PRECHECK_FAIL]: -1
[PRECHECK_FAIL]: -1
[PRECHECK_FAIL]: -1
[PRECHECK_FAIL]: -1
[PRECHECK_FAIL]: -1
[PRECHECK_FAIL]: -1
[PRECHECK_FAIL]: -1
[PRECHECK_FAIL]: -1
[PRECHECK_FAIL]: -1
[PRECHECK_FAIL]: -1
[PRECHECK_FAIL]: -1
[PRECHECK_FAIL]: -1
[PRECHECK_FAIL]: -1
[PRECHECK_FAIL]: -1
[PRECHECK_FAIL]: -1
[PRECHECK_FAIL]: -1
[PRECHECK_FAIL]: -1
[PRECHECK_FAIL]: -1
[PRECHECK_FAIL]: -1
[PRECHECK_FAIL]: -1
[PRECHECK_FAIL]: -1
[PRECHECK_FAIL]: -1
[PRECHECK_FAIL]: -1
[PRECHECK_FAIL]: -1
[PRECHECK_FAIL]: -1
[PRECHECK_FAIL]: -1
[PRECHECK_FAIL]: -1
[PRECHECK_FAIL]: -1
[PRECHECK_FAIL]: -1
[PRECHECK_FAIL]: -1
[PRECHECK_FAIL]: -1
[PRECHECK_FAIL]: -1
[PRECHECK_FAIL]: -1
[PRECHECK_FAIL]: -1
[PRECHECK_FAIL]: -1
[PRECHECK_FAIL]: -1
[PRECHECK_FAIL]: -1
[PRECHECK_FAIL]: -1
[PRECHECK_FAIL]: -1
[PRECHECK_FAIL]: -1
[PRECHECK_FAIL]: -1
[PRECHECK_FAIL]: -1
[PRECHECK_FAIL]: -1
[PRECHECK_FAIL]: -1
[PRECHECK_FAIL]: -1
[PRECHECK_FAIL]: -1
[PRECHECK_FAIL]: -1
[PRECHECK_FAIL]: -1
[PRECHECK_FAIL]: -1
[PRECHECK_FAIL]: -1
[PRECHECK_FAIL]: -1
[PRECHECK_FAIL]: -1
[PRECHECK_FAIL]: -1
[PRECHECK_FAIL]: -1
[PRECHECK_FAIL]: -1
[PRECHECK_FAIL]: -1
[PRECHECK_FAIL]: -1
[PRECHECK_FAIL]: -1
[PRECHECK_FAIL]: -1
[PRECHECK_FAIL]: -1
[PRECHECK_FAIL]: -1
[PRECHECK_FAIL]: -1
[PRECHECK_FAIL]: -1
[PRECHECK_FAIL]: -1
[PRECHECK_FAIL]: -1
[PRECHECK_FAIL]: -1
[PRECHECK_FAIL]: -1
[PRECHECK_FAIL]: -1
[PRECHECK_FAIL]: -1
[PRECHECK_FAIL]: -1
[PRECHECK_FAIL]: -1
[PRECHECK_FAIL]: -1
[PRECHECK_FAIL]: -1
[PRECHECK_FAIL]: -1
[PRECHECK_FAIL]: -1
[PRECHECK_FAIL]: -1
[PRECHECK_FAIL]: -1
[PRECHECK_FAIL]: -1
[PRECHECK_FAIL]: -1
[PRECHECK_FAIL]: -1
[PRECHECK_FAIL]: -1
[PRECHECK_FAIL]: -1
[PRECHECK_FAIL]: -1
[PRECHECK_FAIL]: -1
[PRECHECK_FAIL]: -1
[PRECHECK_FAIL]: -1
[PRECHECK_FAIL]: -1
[PRECHECK_FAIL]: -1
[PRECHECK_FAIL]: -1
[PRECHECK_FAIL]: -1
[PRECHECK_FAIL]: -1
[PRECHECK_FAIL]: -1
[PRECHECK_FAIL]: -1
[PRECHECK_FAIL]: -1
[PRECHECK_FAIL]: -1
[PRECHECK_FAIL]: -1
[PRECHECK_FAIL]: -1
[PRECHECK_FAIL]: -1
[PRECHECK_FAIL]: -1
[PRECHECK_FAIL]: -1
[PRECHECK_FAIL]: -1
[PRECHECK_FAIL]: -1
[PRECHECK_FAIL]: -1
[PRECHECK_FAIL]: -1
[PRECHECK_FAIL]: -1
[PRECHECK_FAIL]: -1
[PRECHECK_FAIL]: -1
[PRECHECK_FAIL]: -1
[PRECHECK_FAIL]: -1
[PRECHECK_FAIL]: -1
[PRECHECK_FAIL]: -1
[PRECHECK_FAIL]: -1
[PRECHECK_FAIL]: -1
[PRECHECK_FAIL]: -1
[PRECHECK_FAIL]: -1
[PRECHECK_FAIL]: -1
[PRECHECK_FAIL]: -1
[PRECHECK_FAIL]: -1
[PRECHECK_FAIL]: -1
[PRECHECK_FAIL]: -1
[PRECHECK_FAIL]: -1
[PRECHECK_FAIL]: -1
[PRECHECK_FAIL]: -1
[PRECHECK_FAIL]: -1
[PRECHECK_FAIL]: -1
[PRECHECK_FAIL]: -1
[PRECHECK_FAIL]: -1
[PRECHECK_FAIL]: -1
[PRECHECK_FAIL]: -1
[PRECHECK_FAIL]: -1
[PRECHECK_FAIL]: -1
[PRECHECK_FAIL]: -1
[PRECHECK_FAIL]: -1
[PRECHECK_FAIL]: -1
[PRECHECK_FAIL]: -1
[PRECHECK_FAIL]: -1
[PRECHECK_FAIL]: -1
[PRECHECK_FAIL]: -1
[PRECHECK_FAIL]: -1
[PRECHECK_FAIL]: -1
[PRECHECK_FAIL]: -1
[PRECHECK_FAIL]: -1
[PRECHECK_FAIL]: -1
[PRECHECK_FAIL]: -1
[PRECHECK_FAIL]: -1
[PRECHECK_FAIL]: -1
[PRECHECK_FAIL]: -1
[PRECHECK_FAIL]: -1
[PRECHECK_FAIL]: -1
[PRECHECK_FAIL]: -1
[PRECHECK_FAIL]: -1
[PRECHECK_FAIL]: -1
[PRECHECK_FAIL]: -1
[PRECHECK_FAIL]: -1
[PRECHECK_FAIL]: -1
[PRECHECK_FAIL]: -1
[PRECHECK_FAIL]: -1
[PRECHECK_FAIL]: -1
[PRECHECK_FAIL]: -1
[PRECHECK_FAIL]: -1
[PRECHECK_FAIL]: -1
[PRECHECK_FAIL]: -1
[PRECHECK_FAIL]: -1
[PRECHECK_FAIL]: -1
[PRECHECK_FAIL]: -1
[PRECHECK_FAIL]: -1
[PRECHECK_FAIL]: -1
[PRECHECK_FAIL]: -1
[PRECHECK_FAIL]: -1
[PRECHECK_FAIL]: -1
[PRECHECK_FAIL]: -1
[PRECHECK_FAIL]: -1
[PRECHECK_FAIL]: -1
[PRECHECK_FAIL]: -1
[PRECHECK_FAIL]: -1
[PRECHECK_FAIL]: -1
[PRECHECK_FAIL]: -1
[PRECHECK_FAIL]: -1
[PRECHECK_FAIL]: -1
[PRECHECK_FAIL]: -1
[PRECHECK_FAIL]: -1
[PRECHECK_FAIL]: -1
[PRECHECK_FAIL]: -1
[PRECHECK_FAIL]: -1
[PRECHECK_FAIL]: -1
[PRECHECK_FAIL]: -1
[PRECHECK_FAIL]: -1
[PRECHECK_FAIL]: -1
[PRECHECK_FAIL]: -1
[PRECHECK_FAIL]: -1
[PRECHECK_FAIL]: -1
[PRECHECK_FAIL]: -1
[PRECHECK_FAIL]: -1
[PRECHECK_FAIL]: -1
[PRECHECK_FAIL]: -1
[PRECHECK_FAIL]: -1
[PRECHECK_FAIL]: -1
[PRECHECK_FAIL]: -1
[PRECHECK_FAIL]: -1
[PRECHECK_FAIL]: -1
[PRECHECK_FAIL]: -1
[PRECHECK_FAIL]: -1
[PRECHECK_FAIL]: -1
[PRECHECK_FAIL]: -1
[PRECHECK_FAIL]: -1
[PRECHECK_FAIL]: -1
[PRECHECK_FAIL]: -1
[PRECHECK_FAIL]: -1
[PRECHECK_FAIL]: -1
[PRECHECK_FAIL]: -1
[PRECHECK_FAIL]: -1
[PRECHECK_FAIL]: -1
[PRECHECK_FAIL]: -1
[PRECHECK_FAIL]: -1
[PRECHECK_FAIL]: -1
[PRECHECK_FAIL]: -1
[PRECHECK_FAIL]: -1
[PRECHECK_FAIL]: -1
[PRECHECK_FAIL]: -1
[PRECHECK_FAIL]: -1
[PRECHECK_FAIL]: -1
[PRECHECK_FAIL]: -1
[PRECHECK_FAIL]: -1
[PRECHECK_FAIL]: -1
[PRECHECK_FAIL]: -1
[PRECHECK_FAIL]: -1
[PRECHECK_FAIL]: -1
[PRECHECK_FAIL]: -1
[PRECHECK_FAIL]: -1
[PRECHECK_FAIL]: -1
[PRECHECK_FAIL]: -1
[PRECHECK_FAIL]: -1
[PRECHECK_FAIL]: -1
[PRECHECK_FAIL]: -1
[PRECHECK_FAIL]: -1
[PRECHECK_FAIL]: -1
[PRECHECK_FAIL]: -1
[PRECHECK_FAIL]: -1
[PRECHECK_FAIL]: -1
[PRECHECK_FAIL]: -1
[PRECHECK_FAIL]: -1
[PRECHECK_FAIL]: -1
[PRECHECK_FAIL]: -1
[PRECHECK_FAIL]: -1
[PRECHECK_FAIL]: -1
[PRECHECK_FAIL]: -1
[PRECHECK_FAIL]: -1
[PRECHECK_FAIL]: -1
[PRECHECK_FAIL]: -1
[PRECHECK_FAIL]: -1
[PRECHECK_FAIL]: -1
[PRECHECK_FAIL]: -1
[PRECHECK_FAIL]: -1
[PRECHECK_FAIL]: -1
[PRECHECK_FAIL]: -1
[PRECHECK_FAIL]: -1
[PRECHECK_FAIL]: -1
[PRECHECK_FAIL]: -1
[PRECHECK_FAIL]: -1
[PRECHECK_FAIL]: -1
[PRECHECK_FAIL]: -1
[PRECHECK_FAIL]: -1
[PRECHECK_FAIL]: -1
[PRECHECK_FAIL]: -1
[PRECHECK_FAIL]: -1
[PRECHECK_FAIL]: -1
[PRECHECK_FAIL]: -1
[PRECHECK_FAIL]: -1
[PRECHECK_FAIL]: -1
[PRECHECK_FAIL]: -1
[PRECHECK_FAIL]: -1
[PRECHECK_FAIL]: -1
[PRECHECK_FAIL]: -1
[PRECHECK_FAIL]: -1
[PRECHECK_FAIL]: -1
[PRECHECK_FAIL]: -1
[PRECHECK_FAIL]: -1
[PRECHECK_FAIL]: -1
[PRECHECK_FAIL]: -1
[PRECHECK_FAIL]: -1
[PRECHECK_FAIL]: -1
[PRECHECK_FAIL]: -1
[PRECHECK_FAIL]: -1
[PRECHECK_FAIL]: -1
[PRECHECK_FAIL]: -1
[PRECHECK_FAIL]: -1
[PRECHECK_FAIL]: -1
[PRECHECK_FAIL]: -1
[PRECHECK_FAIL]: -1
[PRECHECK_FAIL]: -1
[PRECHECK_FAIL]: -1
[PRECHECK_FAIL]: -1
[PRECHECK_FAIL]: -1
[PRECHECK_FAIL]: -1
[PRECHECK_FAIL]: -1
[PRECHECK_FAIL]: -1
[PRECHECK_FAIL]: -1
[PRECHECK_FAIL]: -1
[PRECHECK_FAIL]: -1
[PRECHECK_FAIL]: -1
[PRECHECK_FAIL]: -1
[PRECHECK_FAIL]: -1
[PRECHECK_FAIL]: -1
[PRECHECK_FAIL]: -1
[PRECHECK_FAIL]: -1
[PRECHECK_FAIL]: -1
[PRECHECK_FAIL]: -1
[PRECHECK_FAIL]: -1
[PRECHECK_FAIL]: -1
[PRECHECK_FAIL]: -1
[PRECHECK_FAIL]: -1
[PRECHECK_FAIL]: -1
[PRECHECK_FAIL]: -1
[PRECHECK_FAIL]: -1
[PRECHECK_FAIL]: -1
[PRECHECK_FAIL]: -1
[PRECHECK_FAIL]: -1
[PRECHECK_FAIL]: -1
[PRECHECK_FAIL]: -1
[PRECHECK_FAIL]: -1
[PRECHECK_FAIL]: -1
[PRECHECK_FAIL]: -1
[PRECHECK_FAIL]: -1
[PRECHECK_FAIL]: -1
[PRECHECK_FAIL]: -1
[PRECHECK_FAIL]: -1
[PRECHECK_FAIL]: -1
[PRECHECK_FAIL]: -1
[PRECHECK_FAIL]: -1
[PRECHECK_FAIL]: -1
[PRECHECK_FAIL]: -1
[PRECHECK_FAIL]: -1
[PRECHECK_FAIL]: -1
[PRECHECK_FAIL]: -1
[PRECHECK_FAIL]: -1
[PRECHECK_FAIL]: -1
[PRECHECK_FAIL]: -1
[PRECHECK_FAIL]: -1
[PRECHECK_FAIL]: -1
[PRECHECK_FAIL]: -1
[PRECHECK_FAIL]: -1
[PRECHECK_FAIL]: -1
[PRECHECK_FAIL]: -1
[PRECHECK_FAIL]: -1
[PRECHECK_FAIL]: -1
[PRECHECK_FAIL]: -1
[PRECHECK_FAIL]: -1
[PRECHECK_FAIL]: -1
[PRECHECK_FAIL]: -1
[PRECHECK_FAIL]: -1
[PRECHECK_FAIL]: -1
[PRECHECK_FAIL]: -1
[PRECHECK_FAIL]: -1
[PRECHECK_FAIL]: -1
[PRECHECK_FAIL]: -1
[PRECHECK_FAIL]: -1
[PRECHECK_FAIL]: -1
[PRECHECK_FAIL]: -1
[PRECHECK_FAIL]: -1
[PRECHECK_FAIL]: -1
[PRECHECK_FAIL]: -1
[PRECHECK_FAIL]: -1
[PRECHECK_FAIL]: -1
[PRECHECK_FAIL]: -1
[PRECHECK_FAIL]: -1
[PRECHECK_FAIL]: -1
[PRECHECK_FAIL]: -1
[PRECHECK_FAIL]: -1
[PRECHECK_FAIL]: -1
[PRECHECK_FAIL]: -1
[PRECHECK_FAIL]: -1
[PRECHECK_FAIL]: -1
[PRECHECK_FAIL]: -1
[PRECHECK_FAIL]: -1
[PRECHECK_FAIL]: -1
[PRECHECK_FAIL]: -1
[PRECHECK_FAIL]: -1
[PRECHECK_FAIL]: -1
[PRECHECK_FAIL]: -1
[PRECHECK_FAIL]: -1
[PRECHECK_FAIL]: -1
[PRECHECK_FAIL]: -1
[PRECHECK_FAIL]: -1
[PRECHECK_FAIL]: -1
[PRECHECK_FAIL]: -1
[PRECHECK_FAIL]: -1
[PRECHECK_FAIL]: -1
[PRECHECK_FAIL]: -1
[PRECHECK_FAIL]: -1
[PRECHECK_FAIL]: -1
[PRECHECK_FAIL]: -1
[PRECHECK_FAIL]: -1
[PRECHECK_FAIL]: -1
[PRECHECK_FAIL]: -1
[PRECHECK_FAIL]: -1
[PRECHECK_FAIL]: -1
[PRECHECK_FAIL]: -1
[PRECHECK_FAIL]: -1
[PRECHECK_FAIL]: -1
[PRECHECK_FAIL]: -1
[PRECHECK_FAIL]: -1
[PRECHECK_FAIL]: -1
[PRECHECK_FAIL]: -1
[PRECHECK_FAIL]: -1
[PRECHECK_FAIL]: -1
[PRECHECK_FAIL]: -1
[PRECHECK_FAIL]: -1
[PRECHECK_FAIL]: -1
[PRECHECK_FAIL]: -1
[PRECHECK_FAIL]: -1
[PRECHECK_FAIL]: -1
[PRECHECK_FAIL]: -1
[PRECHECK_FAIL]: -1
[PRECHECK_FAIL]: -1
[PRECHECK_FAIL]: -1
[PRECHECK_FAIL]: -1
[PRECHECK_FAIL]: -1
[PRECHECK_FAIL]: -1
[PRECHECK_FAIL]: -1
[PRECHECK_FAIL]: -1
[PRECHECK_FAIL]: -1
[PRECHECK_FAIL]: -1
[PRECHECK_FAIL]: -1
[PRECHECK_FAIL]: -1
[PRECHECK_FAIL]: -1
[PRECHECK_FAIL]: -1
[PRECHECK_FAIL]: -1
[PRECHECK_FAIL]: -1
[PRECHECK_FAIL]: -1
[PRECHECK_FAIL]: -1
[PRECHECK_FAIL]: -1
[PRECHECK_FAIL]: -1
[PRECHECK_FAIL]: -1
[PRECHECK_FAIL]: -1
[PRECHECK_FAIL]: -1
[PRECHECK_FAIL]: -1
[PRECHECK_FAIL]: -1
[PRECHECK_FAIL]: -1
[PRECHECK_FAIL]: -1
[PRECHECK_FAIL]: -1
[PRECHECK_FAIL]: -1
[PRECHECK_FAIL]: -1
[PRECHECK_FAIL]: -1
[PRECHECK_FAIL]: -1
[PRECHECK_FAIL]: -1
[PRECHECK_FAIL]: -1
[PRECHECK_FAIL]: -1
[PRECHECK_FAIL]: -1
[PRECHECK_FAIL]: -1
[PRECHECK_FAIL]: -1
[PRECHECK_FAIL]: -1
[PRECHECK_FAIL]: -1
[PRECHECK_FAIL]: -1
[PRECHECK_FAIL]: -1
[PRECHECK_FAIL]: -1
[PRECHECK_FAIL]: -1
[PRECHECK_FAIL]: -1
[PRECHECK_FAIL]: -1
[PRECHECK_FAIL]: -1
[PRECHECK_FAIL]: -1
[PRECHECK_FAIL]: -1
[PRECHECK_FAIL]: -1
[PRECHECK_FAIL]: -1
[PRECHECK_FAIL]: -1
[PRECHECK_FAIL]: -1
[PRECHECK_FAIL]: -1
[PRECHECK_FAIL]: -1
[PRECHECK_FAIL]: -1
[PRECHECK_FAIL]: -1
[PRECHECK_FAIL]: -1
[PRECHECK_FAIL]: -1
[PRECHECK_FAIL]: -1
[PRECHECK_FAIL]: -1
[PRECHECK_FAIL]: -1
[PRECHECK_FAIL]: -1
[PRECHECK_FAIL]: -1
[PRECHECK_FAIL]: -1
[PRECHECK_FAIL]: -1
[PRECHECK_FAIL]: -1
[PRECHECK_FAIL]: -1
[PRECHECK_FAIL]: -1
[PRECHECK_FAIL]: -1
[PRECHECK_FAIL]: -1
[PRECHECK_FAIL]: -1
[PRECHECK_FAIL]: -1
[PRECHECK_FAIL]: -1
[PRECHECK_FAIL]: -1
[PRECHECK_FAIL]: -1
[PRECHECK_FAIL]: -1
[PRECHECK_FAIL]: -1
[PRECHECK_FAIL]: -1
[PRECHECK_FAIL]: -1
[PRECHECK_FAIL]: -1
[PRECHECK_FAIL]: -1
[PRECHECK_FAIL]: -1
[PRECHECK_FAIL]: -1
[PRECHECK_FAIL]: -1
[PRECHECK_FAIL]: -1
[PRECHECK_FAIL]: -1
[PRECHECK_FAIL]: -1
[PRECHECK_FAIL]: -1
[PRECHECK_FAIL]: -1
[PRECHECK_FAIL]: -1
[PRECHECK_FAIL]: -1
[PRECHECK_FAIL]: -1
[PRECHECK_FAIL]: -1
[PRECHECK_FAIL]: -1
[PRECHECK_FAIL]: -1
[PRECHECK_FAIL]: -1
[PRECHECK_FAIL]: -1
[PRECHECK_FAIL]: -1
[PRECHECK_FAIL]: -1
[PRECHECK_FAIL]: -1
[PRECHECK_FAIL]: -1
[PRECHECK_FAIL]: -1
[PRECHECK_FAIL]: -1
[PRECHECK_FAIL]: -1
[PRECHECK_FAIL]: -1
[PRECHECK_FAIL]: -1
[PRECHECK_FAIL]: -1
[PRECHECK_FAIL]: -1
[PRECHECK_FAIL]: -1
[PRECHECK_FAIL]: -1
[PRECHECK_FAIL]: -1
[PRECHECK_FAIL]: -1
[PRECHECK_FAIL]: -1
[PRECHECK_FAIL]: -1
[PRECHECK_FAIL]: -1
[PRECHECK_FAIL]: -1
[PRECHECK_FAIL]: -1
[PRECHECK_FAIL]: -1
[PRECHECK_FAIL]: -1
[PRECHECK_FAIL]: -1
[PRECHECK_FAIL]: -1
[PRECHECK_FAIL]: -1
[PRECHECK_FAIL]: -1
[PRECHECK_FAIL]: -1
[PRECHECK_FAIL]: -1
[PRECHECK_FAIL]: -1
[PRECHECK_FAIL]: -1
[PRECHECK_FAIL]: -1
[PRECHECK_FAIL]: -1
[PRECHECK_FAIL]: -1
[PRECHECK_FAIL]: -1
[PRECHECK_FAIL]: -1
[PRECHECK_FAIL]: -1
[PRECHECK_FAIL]: -1
[PRECHECK_FAIL]: -1
[PRECHECK_FAIL]: -1
[PRECHECK_FAIL]: -1
[PRECHECK_FAIL]: -1
[PRECHECK_FAIL]: -1
[PRECHECK_FAIL]: -1
[PRECHECK_FAIL]: -1
[PRECHECK_FAIL]: -1
[PRECHECK_FAIL]: -1
[PRECHECK_FAIL]: -1
[PRECHECK_FAIL]: -1
[PRECHECK_FAIL]: -1
[PRECHECK_FAIL]: -1
[PRECHECK_FAIL]: -1
[PRECHECK_FAIL]: -1
[PRECHECK_FAIL]: -1
[PRECHECK_FAIL]: -1
[PRECHECK_FAIL]: -1
[PRECHECK_FAIL]: -1
[PRECHECK_FAIL]: -1
[PRECHECK_FAIL]: -1
[PRECHECK_FAIL]: -1
[PRECHECK_FAIL]: -1
[PRECHECK_FAIL]: -1
[PRECHECK_FAIL]: -1
[PRECHECK_FAIL]: -1
[PRECHECK_FAIL]: -1
[PRECHECK_FAIL]: -1
[PRECHECK_FAIL]: -1
[PRECHECK_FAIL]: -1
[PRECHECK_FAIL]: -1
[PRECHECK_FAIL]: -1
[PRECHECK_FAIL]: -1
[PRECHECK_FAIL]: -1
[PRECHECK_FAIL]: -1
[PRECHECK_FAIL]: -1
[PRECHECK_FAIL]: -1
[PRECHECK_FAIL]: -1
[PRECHECK_FAIL]: -1
[PRECHECK_FAIL]: -1
[PRECHECK_FAIL]: -1
[PRECHECK_FAIL]: -1
[PRECHECK_FAIL]: -1
[PRECHECK_FAIL]: -1
[PRECHECK_FAIL]: -1
[PRECHECK_FAIL]: -1
[PRECHECK_FAIL]: -1
[PRECHECK_FAIL]: -1
[PRECHECK_FAIL]: -1
[PRECHECK_FAIL]: -1
[PRECHECK_FAIL]: -1
[PRECHECK_FAIL]: -1
[PRECHECK_FAIL]: -1
[PRECHECK_FAIL]: -1
[PRECHECK_FAIL]: -1
[PRECHECK_FAIL]: -1
[PRECHECK_FAIL]: -1
[PRECHECK_FAIL]: -1
[PRECHECK_FAIL]: -1
[PRECHECK_FAIL]: -1
[PRECHECK_FAIL]: -1
[PRECHECK_FAIL]: -1
[PRECHECK_FAIL]: -1
[PRECHECK_FAIL]: -1
[PRECHECK_FAIL]: -1
[PRECHECK_FAIL]: -1
[PRECHECK_FAIL]: -1
[PRECHECK_FAIL]: -1
[PRECHECK_FAIL]: -1
[PRECHECK_FAIL]: -1
[PRECHECK_FAIL]: -1
[PRECHECK_FAIL]: -1
[PRECHECK_FAIL]: -1
[PRECHECK_FAIL]: -1
[PRECHECK_FAIL]: -1
[PRECHECK_FAIL]: -1
[PRECHECK_FAIL]: -1
[PRECHECK_FAIL]: -1
[PRECHECK_FAIL]: -1
[PRECHECK_FAIL]: -1
[PRECHECK_FAIL]: -1
[PRECHECK_FAIL]: -1
[PRECHECK_FAIL]: -1
[PRECHECK_FAIL]: -1
[PRECHECK_FAIL]: -1
[PRECHECK_FAIL]: -1
[PRECHECK_FAIL]: -1
[PRECHECK_FAIL]: -1
[PRECHECK_FAIL]: -1
[PRECHECK_FAIL]: -1
[PRECHECK_FAIL]: -1
[PRECHECK_FAIL]: -1
[PRECHECK_FAIL]: -1
[PRECHECK_FAIL]: -1
[PRECHECK_FAIL]: -1
[PRECHECK_FAIL]: -1
[PRECHECK_FAIL]: -1
[PRECHECK_FAIL]: -1
[PRECHECK_FAIL]: -1
[PRECHECK_FAIL]: -1
[PRECHECK_FAIL]: -1
[PRECHECK_FAIL]: -1
[PRECHECK_FAIL]: -1
[PRECHECK_FAIL]: -1
[PRECHECK_FAIL]: -1
[PRECHECK_FAIL]: -1
[PRECHECK_FAIL]: -1
[PRECHECK_FAIL]: -1
[PRECHECK_FAIL]: -1
[PRECHECK_FAIL]: -1
[PRECHECK_FAIL]: -1
[PRECHECK_FAIL]: -1
[PRECHECK_FAIL]: -1
[PRECHECK_FAIL]: -1
[PRECHECK_FAIL]: -1
[PRECHECK_FAIL]: -1
[PRECHECK_FAIL]: -1
[PRECHECK_FAIL]: -1
[PRECHECK_FAIL]: -1
[PRECHECK_FAIL]: -1
[PRECHECK_FAIL]: -1
[PRECHECK_FAIL]: -1
[PRECHECK_FAIL]: -1
[PRECHECK_FAIL]: -1
[PRECHECK_FAIL]: -1
[PRECHECK_FAIL]: -1
[PRECHECK_FAIL]: -1
[PRECHECK_FAIL]: -1
[PRECHECK_FAIL]: -1
[PRECHECK_FAIL]: -1
[PRECHECK_FAIL]: -1
[PRECHECK_FAIL]: -1
[PRECHECK_FAIL]: -1
[PRECHECK_FAIL]: -1
[PRECHECK_FAIL]: -1
[PRECHECK_FAIL]: -1
[PRECHECK_FAIL]: -1
[PRECHECK_FAIL]: -1
[PRECHECK_FAIL]: -1
[PRECHECK_FAIL]: -1
[PRECHECK_FAIL]: -1
[PRECHECK_FAIL]: -1
[PRECHECK_FAIL]: -1
[PRECHECK_FAIL]: -1
[PRECHECK_FAIL]: -1
[PRECHECK_FAIL]: -1
[PRECHECK_FAIL]: -1
[PRECHECK_FAIL]: -1
[PRECHECK_FAIL]: -1
[PRECHECK_FAIL]: -1
[PRECHECK_FAIL]: -1
[PRECHECK_FAIL]: -1
[PRECHECK_FAIL]: -1
[PRECHECK_FAIL]: -1
[PRECHECK_FAIL]: -1
[PRECHECK_FAIL]: -1
[PRECHECK_FAIL]: -1
[PRECHECK_FAIL]: -1
[PRECHECK_FAIL]: -1
[PRECHECK_FAIL]: -1
[PRECHECK_FAIL]: -1
[PRECHECK_FAIL]: -1
[PRECHECK_FAIL]: -1
[PRECHECK_FAIL]: -1
[PRECHECK_FAIL]: -1
[PRECHECK_FAIL]: -1
[PRECHECK_FAIL]: -1
[PRECHECK_FAIL]: -1
[PRECHECK_FAIL]: -1
[PRECHECK_FAIL]: -1
[PRECHECK_FAIL]: -1
[PRECHECK_FAIL]: -1
[PRECHECK_FAIL]: -1
[PRECHECK_FAIL]: -1
[PRECHECK_FAIL]: -1
[PRECHECK_FAIL]: -1
[PRECHECK_FAIL]: -1
[PRECHECK_FAIL]: -1
[PRECHECK_FAIL]: -1
[PRECHECK_FAIL]: -1
[PRECHECK_FAIL]: -1
[PRECHECK_FAIL]: -1
[PRECHECK_FAIL]: -1
[PRECHECK_FAIL]: -1
[PRECHECK_FAIL]: -1
[PRECHECK_FAIL]: -1
[PRECHECK_FAIL]: -1
[PRECHECK_FAIL]: -1
[PRECHECK_FAIL]: -1
[PRECHECK_FAIL]: -1
[PRECHECK_FAIL]: -1
[PRECHECK_FAIL]: -1
[PRECHECK_FAIL]: -1
[PRECHECK_FAIL]: -1
[PRECHECK_FAIL]: -1
[PRECHECK_FAIL]: -1
[PRECHECK_FAIL]: -1
[PRECHECK_FAIL]: -1
[PRECHECK_FAIL]: -1
[PRECHECK_FAIL]: -1
[PRECHECK_FAIL]: -1
[PRECHECK_FAIL]: -1
[PRECHECK_FAIL]: -1
[PRECHECK_FAIL]: -1
[PRECHECK_FAIL]: -1
[PRECHECK_FAIL]: -1
[PRECHECK_FAIL]: -1
[PRECHECK_FAIL]: -1
[PRECHECK_FAIL]: -1
[PRECHECK_FAIL]: -1
[PRECHECK_FAIL]: -1
[PRECHECK_FAIL]: -1
[PRECHECK_FAIL]: -1
[PRECHECK_FAIL]: -1
[PRECHECK_FAIL]: -1
[PRECHECK_FAIL]: -1
[PRECHECK_FAIL]: -1
[PRECHECK_FAIL]: -1
[PRECHECK_FAIL]: -1
[PRECHECK_FAIL]: -1
[PRECHECK_FAIL]: -1
[PRECHECK_FAIL]: -1
[PRECHECK_FAIL]: -1
[PRECHECK_FAIL]: -1
[PRECHECK_FAIL]: -1
[PRECHECK_FAIL]: -1
[PRECHECK_FAIL]: -1
[PRECHECK_FAIL]: -1
[PRECHECK_FAIL]: -1
[PRECHECK_FAIL]: -1
[PRECHECK_FAIL]: -1
[PRECHECK_FAIL]: -1
[PRECHECK_FAIL]: -1
[PRECHECK_FAIL]: -1
[PRECHECK_FAIL]: -1
[PRECHECK_FAIL]: -1
[PRECHECK_FAIL]: -1
[PRECHECK_FAIL]: -1
[PRECHECK_FAIL]: -1
[PRECHECK_FAIL]: -1
[PRECHECK_FAIL]: -1
[PRECHECK_FAIL]: -1
[PRECHECK_FAIL]: -1
[PRECHECK_FAIL]: -1
[PRECHECK_FAIL]: -1
[PRECHECK_FAIL]: -1
[PRECHECK_FAIL]: -1
[PRECHECK_FAIL]: -1
[PRECHECK_FAIL]: -1
[PRECHECK_FAIL]: -1
[PRECHECK_FAIL]: -1
[PRECHECK_FAIL]: -1
[PRECHECK_FAIL]: -1
[PRECHECK_FAIL]: -1
[PRECHECK_FAIL]: -1
[PRECHECK_FAIL]: -1
[PRECHECK_FAIL]: -1
[PRECHECK_FAIL]: -1
[PRECHECK_FAIL]: -1
[PRECHECK_FAIL]: -1
[PRECHECK_FAIL]: -1
[PRECHECK_FAIL]: -1
[PRECHECK_FAIL]: -1
[PRECHECK_FAIL]: -1
[PRECHECK_FAIL]: -1
[PRECHECK_FAIL]: -1
[PRECHECK_FAIL]: -1
[PRECHECK_FAIL]: -1
[PRECHECK_FAIL]: -1
[PRECHECK_FAIL]: -1
[PRECHECK_FAIL]: -1
[PRECHECK_FAIL]: -1
[PRECHECK_FAIL]: -1
[PRECHECK_FAIL]: -1
[PRECHECK_FAIL]: -1
[PRECHECK_FAIL]: -1
[PRECHECK_FAIL]: -1
[PRECHECK_FAIL]: -1
[PRECHECK_FAIL]: -1
[PRECHECK_FAIL]: -1
[PRECHECK_FAIL]: -1
[PRECHECK_FAIL]: -1
[PRECHECK_FAIL]: -1
[PRECHECK_FAIL]: -1
[PRECHECK_FAIL]: -1
[PRECHECK_FAIL]: -1
[PRECHECK_FAIL]: -1
[PRECHECK_FAIL]: -1
[PRECHECK_FAIL]: -1
[PRECHECK_FAIL]: -1
[PRECHECK_FAIL]: -1
[PRECHECK_FAIL]: -1
[PRECHECK_FAIL]: -1
[PRECHECK_FAIL]: -1
[PRECHECK_FAIL]: -1
[PRECHECK_FAIL]: -1
[PRECHECK_FAIL]: -1
[PRECHECK_FAIL]: -1
[PRECHECK_FAIL]: -1
[PRECHECK_FAIL]: -1
[PRECHECK_FAIL]: -1
[PRECHECK_FAIL]: -1
[PRECHECK_FAIL]: -1
[PRECHECK_FAIL]: -1
[PRECHECK_FAIL]: -1
[PRECHECK_FAIL]: -1
[PRECHECK_FAIL]: -1
[PRECHECK_FAIL]: -1
[PRECHECK_FAIL]: -1
[PRECHECK_FAIL]: -1
[PRECHECK_FAIL]: -1
[PRECHECK_FAIL]: -1
[PRECHECK_FAIL]: -1
[PRECHECK_FAIL]: -1
[PRECHECK_FAIL]: -1
[PRECHECK_FAIL]: -1
[PRECHECK_FAIL]: -1
[PRECHECK_FAIL]: -1
[PRECHECK_FAIL]: -1
[PRECHECK_FAIL]: -1
[PRECHECK_FAIL]: -1
[PRECHECK_FAIL]: -1
[PRECHECK_FAIL]: -1
[PRECHECK_FAIL]: -1
[PRECHECK_FAIL]: -1
[PRECHECK_FAIL]: -1
[PRECHECK_FAIL]: -1
[PRECHECK_FAIL]: -1
[PRECHECK_FAIL]: -1
[PRECHECK_FAIL]: -1
[PRECHECK_FAIL]: -1
[PRECHECK_FAIL]: -1
[PRECHECK_FAIL]: -1
[PRECHECK_FAIL]: -1
[PRECHECK_FAIL]: -1
[PRECHECK_FAIL]: -1
[PRECHECK_FAIL]: -1
[PRECHECK_FAIL]: -1
[PRECHECK_FAIL]: -1
[PRECHECK_FAIL]: -1
[PRECHECK_FAIL]: -1
[PRECHECK_FAIL]: -1
[PRECHECK_FAIL]: -1
[PRECHECK_FAIL]: -1
[PRECHECK_FAIL]: -1
[PRECHECK_FAIL]: -1
[PRECHECK_FAIL]: -1
[PRECHECK_FAIL]: -1
[PRECHECK_FAIL]: -1
[PRECHECK_FAIL]: -1
[PRECHECK_FAIL]: -1
[PRECHECK_FAIL]: -1
[PRECHECK_FAIL]: -1
[PRECHECK_FAIL]: -1
[PRECHECK_FAIL]: -1
[PRECHECK_FAIL]: -1
[PRECHECK_FAIL]: -1
[PRECHECK_FAIL]: -1
[PRECHECK_FAIL]: -1
[PRECHECK_FAIL]: -1
[PRECHECK_FAIL]: -1
[PRECHECK_FAIL]: -1
[PRECHECK_FAIL]: -1
[PRECHECK_FAIL]: -1
[PRECHECK_FAIL]: -1
[PRECHECK_FAIL]: -1
[PRECHECK_FAIL]: -1
[PRECHECK_FAIL]: -1
[PRECHECK_FAIL]: -1
[PRECHECK_FAIL]: -1
[PRECHECK_FAIL]: -1
[PRECHECK_FAIL]: -1
[PRECHECK_FAIL]: -1
[PRECHECK_FAIL]: -1
[PRECHECK_FAIL]: -1
[PRECHECK_FAIL]: -1
[PRECHECK_FAIL]: -1
[PRECHECK_FAIL]: -1
[PRECHECK_FAIL]: -1
[PRECHECK_FAIL]: -1
[PRECHECK_FAIL]: -1
[PRECHECK_FAIL]: -1
[PRECHECK_FAIL]: -1
[PRECHECK_FAIL]: -1
[PRECHECK_FAIL]: -1
[PRECHECK_FAIL]: -1
[PRECHECK_FAIL]: -1
[PRECHECK_FAIL]: -1
[PRECHECK_FAIL]: -1
[PRECHECK_FAIL]: -1
[PRECHECK_FAIL]: -1
[PRECHECK_FAIL]: -1
[PRECHECK_FAIL]: -1
[PRECHECK_FAIL]: -1
[PRECHECK_FAIL]: -1
[PRECHECK_FAIL]: -1
[PRECHECK_FAIL]: -1
[PRECHECK_FAIL]: -1
[PRECHECK_FAIL]: -1
[PRECHECK_FAIL]: -1
[PRECHECK_FAIL]: -1
[PRECHECK_FAIL]: -1
[PRECHECK_FAIL]: -1
[PRECHECK_FAIL]: -1
[PRECHECK_FAIL]: -1
[PRECHECK_FAIL]: -1
[PRECHECK_FAIL]: -1
[PRECHECK_FAIL]: -1
[PRECHECK_FAIL]: -1
[PRECHECK_FAIL]: -1
[PRECHECK_FAIL]: -1
[PRECHECK_FAIL]: -1
[PRECHECK_FAIL]: -1
[PRECHECK_FAIL]: -1
[PRECHECK_FAIL]: -1
[PRECHECK_FAIL]: -1
[PRECHECK_FAIL]: -1
[PRECHECK_FAIL]: -1
[PRECHECK_FAIL]: -1
[PRECHECK_FAIL]: -1
[PRECHECK_FAIL]: -1
[PRECHECK_FAIL]: -1
[PRECHECK_FAIL]: -1
[PRECHECK_FAIL]: -1
[PRECHECK_FAIL]: -1
[PRECHECK_FAIL]: -1
[PRECHECK_FAIL]: -1
[PRECHECK_FAIL]: -1
[PRECHECK_FAIL]: -1
[PRECHECK_FAIL]: -1
[PRECHECK_FAIL]: -1
[PRECHECK_FAIL]: -1
[PRECHECK_FAIL]: -1
[PRECHECK_FAIL]: -1
[PRECHECK_FAIL]: -1
[PRECHECK_FAIL]: -1
[PRECHECK_FAIL]: -1
[PRECHECK_FAIL]: -1
[PRECHECK_FAIL]: -1
[PRECHECK_FAIL]: -1
[PRECHECK_FAIL]: -1
[PRECHECK_FAIL]: -1
[PRECHECK_FAIL]: -1
[PRECHECK_FAIL]: -1
[PRECHECK_FAIL]: -1
[PRECHECK_FAIL]: -1
[PRECHECK_FAIL]: -1
[PRECHECK_FAIL]: -1
[PRECHECK_FAIL]: -1
[PRECHECK_FAIL]: -1
[PRECHECK_FAIL]: -1
[PRECHECK_FAIL]: -1
[PRECHECK_FAIL]: -1
[PRECHECK_FAIL]: -1
[PRECHECK_FAIL]: -1
[PRECHECK_FAIL]: -1
[PRECHECK_FAIL]: -1
[PRECHECK_FAIL]: -1
[PRECHECK_FAIL]: -1
[PRECHECK_FAIL]: -1
[PRECHECK_FAIL]: -1
[PRECHECK_FAIL]: -1
[PRECHECK_FAIL]: -1
[PRECHECK_FAIL]: -1
[PRECHECK_FAIL]: -1
[PRECHECK_FAIL]: -1
[PRECHECK_FAIL]: -1
[PRECHECK_FAIL]: -1
[PRECHECK_FAIL]: -1
[PRECHECK_FAIL]: -1
[PRECHECK_FAIL]: -1
[PRECHECK_FAIL]: -1
[PRECHECK_FAIL]: -1
[PRECHECK_FAIL]: -1
[PRECHECK_FAIL]: -1
[PRECHECK_FAIL]: -1
[PRECHECK_FAIL]: -1
[PRECHECK_FAIL]: -1
[PRECHECK_FAIL]: -1
[PRECHECK_FAIL]: -1
[PRECHECK_FAIL]: -1
[PRECHECK_FAIL]: -1
[PRECHECK_FAIL]: -1
[PRECHECK_FAIL]: -1
[PRECHECK_FAIL]: -1
[PRECHECK_FAIL]: -1
[PRECHECK_FAIL]: -1
[PRECHECK_FAIL]: -1
[PRECHECK_FAIL]: -1
[PRECHECK_FAIL]: -1
[PRECHECK_FAIL]: -1
[PRECHECK_FAIL]: -1
[PRECHECK_FAIL]: -1
[PRECHECK_FAIL]: -1
[PRECHECK_FAIL]: -1
[PRECHECK_FAIL]: -1
[PRECHECK_FAIL]: -1
[PRECHECK_FAIL]: -1
[PRECHECK_FAIL]: -1
[PRECHECK_FAIL]: -1
[PRECHECK_FAIL]: -1
[PRECHECK_FAIL]: -1
[PRECHECK_FAIL]: -1
[PRECHECK_FAIL]: -1
[PRECHECK_FAIL]: -1
[PRECHECK_FAIL]: -1
[PRECHECK_FAIL]: -1
[PRECHECK_FAIL]: -1
[PRECHECK_FAIL]: -1
[PRECHECK_FAIL]: -1
[PRECHECK_FAIL]: -1
[PRECHECK_FAIL]: -1
[PRECHECK_FAIL]: -1
[PRECHECK_FAIL]: -1
[PRECHECK_FAIL]: -1
[PRECHECK_FAIL]: -1
[PRECHECK_FAIL]: -1
[PRECHECK_FAIL]: -1
[PRECHECK_FAIL]: -1
[PRECHECK_FAIL]: -1
[PRECHECK_FAIL]: -1
[PRECHECK_FAIL]: -1
[PRECHECK_FAIL]: -1
[PRECHECK_FAIL]: -1
[PRECHECK_FAIL]: -1
[PRECHECK_FAIL]: -1
[PRECHECK_FAIL]: -1
[PRECHECK_FAIL]: -1
[PRECHECK_FAIL]: -1
[PRECHECK_FAIL]: -1
[PRECHECK_FAIL]: -1
[PRECHECK_FAIL]: -1
[PRECHECK_FAIL]: -1
[PRECHECK_FAIL]: -1
[PRECHECK_FAIL]: -1
[PRECHECK_FAIL]: -1
[PRECHECK_FAIL]: -1
[PRECHECK_FAIL]: -1
[PRECHECK_FAIL]: -1
[PRECHECK_FAIL]: -1
[PRECHECK_FAIL]: -1
[PRECHECK_FAIL]: -1
[PRECHECK_FAIL]: -1
[PRECHECK_FAIL]: -1
[PRECHECK_FAIL]: -1
[PRECHECK_FAIL]: -1
[PRECHECK_FAIL]: -1
[PRECHECK_FAIL]: -1
[PRECHECK_FAIL]: -1
[PRECHECK_FAIL]: -1
[PRECHECK_FAIL]: -1
[PRECHECK_FAIL]: -1
[PRECHECK_FAIL]: -1
[PRECHECK_FAIL]: -1
[PRECHECK_FAIL]: -1
[PRECHECK_FAIL]: -1
[PRECHECK_FAIL]: -1
[PRECHECK_FAIL]: -1
[PRECHECK_FAIL]: -1
[PRECHECK_FAIL]: -1
[PRECHECK_FAIL]: -1
[PRECHECK_FAIL]: -1
[PRECHECK_FAIL]: -1
[PRECHECK_FAIL]: -1
[PRECHECK_FAIL]: -1
[PRECHECK_FAIL]: -1
[PRECHECK_FAIL]: -1
[PRECHECK_FAIL]: -1
[PRECHECK_FAIL]: -1
[PRECHECK_FAIL]: -1
[PRECHECK_FAIL]: -1
[PRECHECK_FAIL]: -1
[PRECHECK_FAIL]: -1
[PRECHECK_FAIL]: -1
[PRECHECK_FAIL]: -1
[PRECHECK_FAIL]: -1
[PRECHECK_FAIL]: -1
[PRECHECK_FAIL]: -1
[PRECHECK_FAIL]: -1
[PRECHECK_FAIL]: -1
[PRECHECK_FAIL]: -1
[PRECHECK_FAIL]: -1
[PRECHECK_FAIL]: -1
[PRECHECK_FAIL]: -1
[PRECHECK_FAIL]: -1
[PRECHECK_FAIL]: -1
[PRECHECK_FAIL]: -1
[PRECHECK_FAIL]: -1
[PRECHECK_FAIL]: -1
[PRECHECK_FAIL]: -1
[PRECHECK_FAIL]: -1
[PRECHECK_FAIL]: -1
[PRECHECK_FAIL]: -1
[PRECHECK_FAIL]: -1
[PRECHECK_FAIL]: -1
[PRECHECK_FAIL]: -1
[PRECHECK_FAIL]: -1
[PRECHECK_FAIL]: -1
[PRECHECK_FAIL]: -1
[PRECHECK_FAIL]: -1
[PRECHECK_FAIL]: -1
[PRECHECK_FAIL]: -1
[PRECHECK_FAIL]: -1
[PRECHECK_FAIL]: -1
[PRECHECK_FAIL]: -1
[PRECHECK_FAIL]: -1
[PRECHECK_FAIL]: -1
[PRECHECK_FAIL]: -1
[PRECHECK_FAIL]: -1
[PRECHECK_FAIL]: -1
[PRECHECK_FAIL]: -1
[PRECHECK_FAIL]: -1
[PRECHECK_FAIL]: -1
[PRECHECK_FAIL]: -1
[PRECHECK_FAIL]: -1
[PRECHECK_FAIL]: -1
[PRECHECK_FAIL]: -1
[PRECHECK_FAIL]: -1
[PRECHECK_FAIL]: -1
[PRECHECK_FAIL]: -1
[PRECHECK_FAIL]: -1
[PRECHECK_FAIL]: -1
[PRECHECK_FAIL]: -1
[PRECHECK_FAIL]: -1
[PRECHECK_FAIL]: -1
[PRECHECK_FAIL]: -1
[PRECHECK_FAIL]: -1
[PRECHECK_FAIL]: -1
[PRECHECK_FAIL]: -1
[PRECHECK_FAIL]: -1
[PRECHECK_FAIL]: -1
[PRECHECK_FAIL]: -1
[PRECHECK_FAIL]: -1
[PRECHECK_FAIL]: -1
[PRECHECK_FAIL]: -1
[PRECHECK_FAIL]: -1
[PRECHECK_FAIL]: -1
[PRECHECK_FAIL]: -1
[PRECHECK_FAIL]: -1
[PRECHECK_FAIL]: -1
[PRECHECK_FAIL]: -1
[PRECHECK_FAIL]: -1
[PRECHECK_FAIL]: -1
[PRECHECK_FAIL]: -1
[PRECHECK_FAIL]: -1
[PRECHECK_FAIL]: -1
[PRECHECK_FAIL]: -1
[PRECHECK_FAIL]: -1
[PRECHECK_FAIL]: -1
[PRECHECK_FAIL]: -1
[PRECHECK_FAIL]: -1
[PRECHECK_FAIL]: -1
[PRECHECK_FAIL]: -1
[PRECHECK_FAIL]: -1
[PRECHECK_FAIL]: -1
[PRECHECK_FAIL]: -1
[PRECHECK_FAIL]: -1
[PRECHECK_FAIL]: -1
[PRECHECK_FAIL]: -1
[PRECHECK_FAIL]: -1
[PRECHECK_FAIL]: -1
[PRECHECK_FAIL]: -1
[PRECHECK_FAIL]: -1
[PRECHECK_FAIL]: -1
[PRECHECK_FAIL]: -1
[PRECHECK_FAIL]: -1
[PRECHECK_FAIL]: -1
[PRECHECK_FAIL]: -1
[PRECHECK_FAIL]: -1
[PRECHECK_FAIL]: -1
[PRECHECK_FAIL]: -1
[PRECHECK_FAIL]: -1
[PRECHECK_FAIL]: -1
[PRECHECK_FAIL]: -1
[PRECHECK_FAIL]: -1
[PRECHECK_FAIL]: -1
[PRECHECK_FAIL]: -1
[PRECHECK_FAIL]: -1
[PRECHECK_FAIL]: -1
[PRECHECK_FAIL]: -1
[PRECHECK_FAIL]: -1
[PRECHECK_FAIL]: -1
[PRECHECK_FAIL]: -1
[PRECHECK_FAIL]: -1
[PRECHECK_FAIL]: -1
[PRECHECK_FAIL]: -1
[PRECHECK_FAIL]: -1
[PRECHECK_FAIL]: -1
[PRECHECK_FAIL]: -1
[PRECHECK_FAIL]: -1
[PRECHECK_FAIL]: -1
[PRECHECK_FAIL]: -1
[PRECHECK_FAIL]: -1
[PRECHECK_FAIL]: -1
[PRECHECK_FAIL]: -1
[PRECHECK_FAIL]: -1
[PRECHECK_FAIL]: -1
[PRECHECK_FAIL]: -1
[PRECHECK_FAIL]: -1
[PRECHECK_FAIL]: -1
[PRECHECK_FAIL]: -1
[PRECHECK_FAIL]: -1
[PRECHECK_FAIL]: -1
[PRECHECK_FAIL]: -1
[PRECHECK_FAIL]: -1
[PRECHECK_FAIL]: -1
[PRECHECK_FAIL]: -1
[PRECHECK_FAIL]: -1
[PRECHECK_FAIL]: -1
[PRECHECK_FAIL]: -1
[PRECHECK_FAIL]: -1
[PRECHECK_FAIL]: -1
[PRECHECK_FAIL]: -1
[PRECHECK_FAIL]: -1
[PRECHECK_FAIL]: -1
[PRECHECK_FAIL]: -1
[PRECHECK_FAIL]: -1
[PRECHECK_FAIL]: -1
[PRECHECK_FAIL]: -1
[PRECHECK_FAIL]: -1
[PRECHECK_FAIL]: -1
[PRECHECK_FAIL]: -1
[PRECHECK_FAIL]: -1
[PRECHECK_FAIL]: -1
[PRECHECK_FAIL]: -1
[PRECHECK_FAIL]: -1
[PRECHECK_FAIL]: -1
[PRECHECK_FAIL]: -1
[PRECHECK_FAIL]: -1
[PRECHECK_FAIL]: -1
[PRECHECK_FAIL]: -1
[PRECHECK_FAIL]: -1
[PRECHECK_FAIL]: -1
[PRECHECK_FAIL]: -1
[PRECHECK_FAIL]: -1
[PRECHECK_FAIL]: -1
[PRECHECK_FAIL]: -1
[PRECHECK_FAIL]: -1
[PRECHECK_FAIL]: -1
[PRECHECK_FAIL]: -1
[PRECHECK_FAIL]: -1
[PRECHECK_FAIL]: -1
[PRECHECK_FAIL]: -1
[PRECHECK_FAIL]: -1
[PRECHECK_FAIL]: -1
[PRECHECK_FAIL]: -1
[PRECHECK_FAIL]: -1
[PRECHECK_FAIL]: -1
[PRECHECK_FAIL]: -1
[PRECHECK_FAIL]: -1
[PRECHECK_FAIL]: -1
[PRECHECK_FAIL]: -1
[PRECHECK_FAIL]: -1
[PRECHECK_FAIL]: -1
[PRECHECK_FAIL]: -1
[PRECHECK_FAIL]: -1
[PRECHECK_FAIL]: -1
[PRECHECK_FAIL]: -1
[PRECHECK_FAIL]: -1
[PRECHECK_FAIL]: -1
[PRECHECK_FAIL]: -1
[PRECHECK_FAIL]: -1
[PRECHECK_FAIL]: -1
[PRECHECK_FAIL]: -1
[PRECHECK_FAIL]: -1
[PRECHECK_FAIL]: -1
[PRECHECK_FAIL]: -1
[PRECHECK_FAIL]: -1
[PRECHECK_FAIL]: -1
[PRECHECK_FAIL]: -1
[PRECHECK_FAIL]: -1
[PRECHECK_FAIL]: -1
[PRECHECK_FAIL]: -1
[PRECHECK_FAIL]: -1
[PRECHECK_FAIL]: -1
[PRECHECK_FAIL]: -1
[PRECHECK_FAIL]: -1
[PRECHECK_FAIL]: -1
[PRECHECK_FAIL]: -1
[PRECHECK_FAIL]: -1
[PRECHECK_FAIL]: -1
[PRECHECK_FAIL]: -1
[PRECHECK_FAIL]: -1
[PRECHECK_FAIL]: -1
[PRECHECK_FAIL]: -1
[PRECHECK_FAIL]: -1
[PRECHECK_FAIL]: -1
[PRECHECK_FAIL]: -1
[PRECHECK_FAIL]: -1
[PRECHECK_FAIL]: -1
[PRECHECK_FAIL]: -1
[PRECHECK_FAIL]: -1
[PRECHECK_FAIL]: -1
[PRECHECK_FAIL]: -1
[PRECHECK_FAIL]: -1
[PRECHECK_FAIL]: -1
[PRECHECK_FAIL]: -1
[PRECHECK_FAIL]: -1
[PRECHECK_FAIL]: -1
[PRECHECK_FAIL]: -1
[PRECHECK_FAIL]: -1
[PRECHECK_FAIL]: -1
[PRECHECK_FAIL]: -1
[PRECHECK_FAIL]: -1
[PRECHECK_FAIL]: -1
[PRECHECK_FAIL]: -1
[PRECHECK_FAIL]: -1
[PRECHECK_FAIL]: -1
[PRECHECK_FAIL]: -1
[PRECHECK_FAIL]: -1
[PRECHECK_FAIL]: -1
[PRECHECK_FAIL]: -1
[PRECHECK_FAIL]: -1
[PRECHECK_FAIL]: -1
[PRECHECK_FAIL]: -1
[PRECHECK_FAIL]: -1
[PRECHECK_FAIL]: -1
[PRECHECK_FAIL]: -1
[PRECHECK_FAIL]: -1
[PRECHECK_FAIL]: -1
[PRECHECK_FAIL]: -1
[PRECHECK_FAIL]: -1
[PRECHECK_FAIL]: -1
[PRECHECK_FAIL]: -1
[PRECHECK_FAIL]: -1
[PRECHECK_FAIL]: -1
[PRECHECK_FAIL]: -1
[PRECHECK_FAIL]: -1
[PRECHECK_FAIL]: -1
[PRECHECK_FAIL]: -1
[PRECHECK_FAIL]: -1
[PRECHECK_FAIL]: -1
[PRECHECK_FAIL]: -1
[PRECHECK_FAIL]: -1
[PRECHECK_FAIL]: -1
[PRECHECK_FAIL]: -1
[PRECHECK_FAIL]: -1
[PRECHECK_FAIL]: -1
[PRECHECK_FAIL]: -1
[PRECHECK_FAIL]: -1
[PRECHECK_FAIL]: -1
[PRECHECK_FAIL]: -1
[PRECHECK_FAIL]: -1
[PRECHECK_FAIL]: -1
[PRECHECK_FAIL]: -1
[PRECHECK_FAIL]: -1
[PRECHECK_FAIL]: -1
[PRECHECK_FAIL]: -1
[PRECHECK_FAIL]: -1
[PRECHECK_FAIL]: -1
[PRECHECK_FAIL]: -1
[PRECHECK_FAIL]: -1
[PRECHECK_FAIL]: -1
[PRECHECK_FAIL]: -1
[PRECHECK_FAIL]: -1
[PRECHECK_FAIL]: -1
[PRECHECK_FAIL]: -1
[PRECHECK_FAIL]: -1
[PRECHECK_FAIL]: -1
[PRECHECK_FAIL]: -1
[PRECHECK_FAIL]: -1
[PRECHECK_FAIL]: -1
[PRECHECK_FAIL]: -1
[PRECHECK_FAIL]: -1
[PRECHECK_FAIL]: -1
[PRECHECK_FAIL]: -1
[PRECHECK_FAIL]: -1
[PRECHECK_FAIL]: -1
[PRECHECK_FAIL]: -1
[PRECHECK_FAIL]: -1
[PRECHECK_FAIL]: -1
[PRECHECK_FAIL]: -1
[PRECHECK_FAIL]: -1
[PRECHECK_FAIL]: -1
[PRECHECK_FAIL]: -1
[PRECHECK_FAIL]: -1
[PRECHECK_FAIL]: -1
[PRECHECK_FAIL]: -1
[PRECHECK_FAIL]: -1
[PRECHECK_FAIL]: -1
[PRECHECK_FAIL]: -1
[PRECHECK_FAIL]: -1
[PRECHECK_FAIL]: -1
[PRECHECK_FAIL]: -1
[PRECHECK_FAIL]: -1
[PRECHECK_FAIL]: -1
[PRECHECK_FAIL]: -1
[PRECHECK_FAIL]: -1
[PRECHECK_FAIL]: -1
[PRECHECK_FAIL]: -1
[PRECHECK_FAIL]: -1
[PRECHECK_FAIL]: -1
[PRECHECK_FAIL]: -1
[PRECHECK_FAIL]: -1
[PRECHECK_FAIL]: -1
[PRECHECK_FAIL]: -1
[PRECHECK_FAIL]: -1
[PRECHECK_FAIL]: -1
[PRECHECK_FAIL]: -1
[PRECHECK_FAIL]: -1
[PRECHECK_FAIL]: -1
[PRECHECK_FAIL]: -1
[PRECHECK_FAIL]: -1
[PRECHECK_FAIL]: -1
[PRECHECK_FAIL]: -1
[PRECHECK_FAIL]: -1
[PRECHECK_FAIL]: -1
[PRECHECK_FAIL]: -1
[PRECHECK_FAIL]: -1
[PRECHECK_FAIL]: -1
[PRECHECK_FAIL]: -1
[PRECHECK_FAIL]: -1
[PRECHECK_FAIL]: -1
[PRECHECK_FAIL]: -1
[PRECHECK_FAIL]: -1
[PRECHECK_FAIL]: -1
[PRECHECK_FAIL]: -1
[PRECHECK_FAIL]: -1
[PRECHECK_FAIL]: -1
[PRECHECK_FAIL]: -1
[PRECHECK_FAIL]: -1
[PRECHECK_FAIL]: -1
[PRECHECK_FAIL]: -1
[PRECHECK_FAIL]: -1
[PRECHECK_FAIL]: -1
[PRECHECK_FAIL]: -1
[PRECHECK_FAIL]: -1
[PRECHECK_FAIL]: -1
[PRECHECK_FAIL]: -1
[PRECHECK_FAIL]: -1
[PRECHECK_FAIL]: -1
[PRECHECK_FAIL]: -1
[PRECHECK_FAIL]: -1
[PRECHECK_FAIL]: -1
[PRECHECK_FAIL]: -1
[PRECHECK_FAIL]: -1
[PRECHECK_FAIL]: -1
[PRECHECK_FAIL]: -1
[PRECHECK_FAIL]: -1
[PRECHECK_FAIL]: -1
[PRECHECK_FAIL]: -1
[PRECHECK_FAIL]: -1
[PRECHECK_FAIL]: -1
[PRECHECK_FAIL]: -1
[PRECHECK_FAIL]: -1
[PRECHECK_FAIL]: -1
[PRECHECK_FAIL]: -1
[PRECHECK_FAIL]: -1
[PRECHECK_FAIL]: -1
[PRECHECK_FAIL]: -1
[PRECHECK_FAIL]: -1
[PRECHECK_FAIL]: -1
[PRECHECK_FAIL]: -1
[PRECHECK_FAIL]: -1
[PRECHECK_FAIL]: -1
[PRECHECK_FAIL]: -1
[PRECHECK_FAIL]: -1
[PRECHECK_FAIL]: -1
[PRECHECK_FAIL]: -1
[PRECHECK_FAIL]: -1
[PRECHECK_FAIL]: -1
[PRECHECK_FAIL]: -1
[PRECHECK_FAIL]: -1
[PRECHECK_FAIL]: -1
[PRECHECK_FAIL]: -1
[PRECHECK_FAIL]: -1
[PRECHECK_FAIL]: -1
[PRECHECK_FAIL]: -1
[PRECHECK_FAIL]: -1
[PRECHECK_FAIL]: -1
[PRECHECK_FAIL]: -1
[PRECHECK_FAIL]: -1
[PRECHECK_FAIL]: -1
[PRECHECK_FAIL]: -1
[PRECHECK_FAIL]: -1
[PRECHECK_FAIL]: -1
[PRECHECK_FAIL]: -1
[PRECHECK_FAIL]: -1
[PRECHECK_FAIL]: -1
[PRECHECK_FAIL]: -1
[PRECHECK_FAIL]: -1
[PRECHECK_FAIL]: -1
[PRECHECK_FAIL]: -1
[PRECHECK_FAIL]: -1
[PRECHECK_FAIL]: -1
[PRECHECK_FAIL]: -1
[PRECHECK_FAIL]: -1
[PRECHECK_FAIL]: -1
[PRECHECK_FAIL]: -1
[PRECHECK_FAIL]: -1
[PRECHECK_FAIL]: -1
[PRECHECK_FAIL]: -1
[PRECHECK_FAIL]: -1
[PRECHECK_FAIL]: -1
[PRECHECK_FAIL]: -1
[PRECHECK_FAIL]: -1
[PRECHECK_FAIL]: -1
[PRECHECK_FAIL]: -1
[PRECHECK_FAIL]: -1
[PRECHECK_FAIL]: -1
[PRECHECK_FAIL]: -1
[PRECHECK_FAIL]: -1
[PRECHECK_FAIL]: -1
[PRECHECK_FAIL]: -1
[PRECHECK_FAIL]: -1
[PRECHECK_FAIL]: -1
[PRECHECK_FAIL]: -1
[PRECHECK_FAIL]: -1
[PRECHECK_FAIL]: -1
[PRECHECK_FAIL]: -1
[PRECHECK_FAIL]: -1
[PRECHECK_FAIL]: -1
[PRECHECK_FAIL]: -1
[PRECHECK_FAIL]: -1
[PRECHECK_FAIL]: -1
[PRECHECK_FAIL]: -1
[PRECHECK_FAIL]: -1
[PRECHECK_FAIL]: -1
[PRECHECK_FAIL]: -1
[PRECHECK_FAIL]: -1
[PRECHECK_FAIL]: -1
[PRECHECK_FAIL]: -1
[PRECHECK_FAIL]: -1
[PRECHECK_FAIL]: -1
[PRECHECK_FAIL]: -1
[PRECHECK_FAIL]: -1
[PRECHECK_FAIL]: -1
[PRECHECK_FAIL]: -1
[PRECHECK_FAIL]: -1
[PRECHECK_FAIL]: -1
[PRECHECK_FAIL]: -1
[PRECHECK_FAIL]: -1
[PRECHECK_FAIL]: -1
[PRECHECK_FAIL]: -1
[PRECHECK_FAIL]: -1
[PRECHECK_FAIL]: -1
[PRECHECK_FAIL]: -1
[PRECHECK_FAIL]: -1
[PRECHECK_FAIL]: -1
[PRECHECK_FAIL]: -1
[PRECHECK_FAIL]: -1
[PRECHECK_FAIL]: -1
[PRECHECK_FAIL]: -1
[PRECHECK_FAIL]: -1
[PRECHECK_FAIL]: -1
[PRECHECK_FAIL]: -1
[PRECHECK_FAIL]: -1
[PRECHECK_FAIL]: -1
[PRECHECK_FAIL]: -1
[PRECHECK_FAIL]: -1
[PRECHECK_FAIL]: -1
[PRECHECK_FAIL]: -1
[PRECHECK_FAIL]: -1
[PRECHECK_FAIL]: -1
[PRECHECK_FAIL]: -1
[PRECHECK_FAIL]: -1
[PRECHECK_FAIL]: -1
[PRECHECK_FAIL]: -1
[PRECHECK_FAIL]: -1
[PRECHECK_FAIL]: -1
[PRECHECK_FAIL]: -1
[PRECHECK_FAIL]: -1
[PRECHECK_FAIL]: -1
[PRECHECK_FAIL]: -1
[PRECHECK_FAIL]: -1
[PRECHECK_FAIL]: -1
[PRECHECK_FAIL]: -1
[PRECHECK_FAIL]: -1
[PRECHECK_FAIL]: -1
[PRECHECK_FAIL]: -1
[PRECHECK_FAIL]: -1
[PRECHECK_FAIL]: -1
[PRECHECK_FAIL]: -1
[PRECHECK_FAIL]: -1
[PRECHECK_FAIL]: -1
[PRECHECK_FAIL]: -1
[PRECHECK_FAIL]: -1
[PRECHECK_FAIL]: -1
[PRECHECK_FAIL]: -1
[PRECHECK_FAIL]: -1
[PRECHECK_FAIL]: -1
[PRECHECK_FAIL]: -1
[PRECHECK_FAIL]: -1
[PRECHECK_FAIL]: -1
[PRECHECK_FAIL]: -1
[PRECHECK_FAIL]: -1
[PRECHECK_FAIL]: -1
[PRECHECK_FAIL]: -1
[PRECHECK_FAIL]: -1
[PRECHECK_FAIL]: -1
[PRECHECK_FAIL]: -1
[PRECHECK_FAIL]: -1
[PRECHECK_FAIL]: -1
[PRECHECK_FAIL]: -1
[PRECHECK_FAIL]: -1
[PRECHECK_FAIL]: -1
[PRECHECK_FAIL]: -1
[PRECHECK_FAIL]: -1
[PRECHECK_FAIL]: -1
[PRECHECK_FAIL]: -1
[PRECHECK_FAIL]: -1
[PRECHECK_FAIL]: -1
[PRECHECK_FAIL]: -1
[PRECHECK_FAIL]: -1
[PRECHECK_FAIL]: -1
[PRECHECK_FAIL]: -1
[PRECHECK_FAIL]: -1
[PRECHECK_FAIL]: -1
[PRECHECK_FAIL]: -1
[PRECHECK_FAIL]: -1
[PRECHECK_FAIL]: -1
[PRECHECK_FAIL]: -1
[PRECHECK_FAIL]: -1
[PRECHECK_FAIL]: -1
[PRECHECK_FAIL]: -1
[PRECHECK_FAIL]: -1
[PRECHECK_FAIL]: -1
[PRECHECK_FAIL]: -1
[PRECHECK_FAIL]: -1
[PRECHECK_FAIL]: -1
[PRECHECK_FAIL]: -1
[PRECHECK_FAIL]: -1
[PRECHECK_FAIL]: -1
[PRECHECK_FAIL]: -1
[PRECHECK_FAIL]: -1
[PRECHECK_FAIL]: -1
[PRECHECK_FAIL]: -1
[PRECHECK_FAIL]: -1
[PRECHECK_FAIL]: -1
[PRECHECK_FAIL]: -1
[PRECHECK_FAIL]: -1
[PRECHECK_FAIL]: -1
[PRECHECK_FAIL]: -1
[PRECHECK_FAIL]: -1
[PRECHECK_FAIL]: -1
[PRECHECK_FAIL]: -1
[PRECHECK_FAIL]: -1
[PRECHECK_FAIL]: -1
[PRECHECK_FAIL]: -1
[PRECHECK_FAIL]: -1
[PRECHECK_FAIL]: -1
[PRECHECK_FAIL]: -1
[PRECHECK_FAIL]: -1
[PRECHECK_FAIL]: -1
[PRECHECK_FAIL]: -1
[PRECHECK_FAIL]: -1
[PRECHECK_FAIL]: -1
[PRECHECK_FAIL]: -1
[PRECHECK_FAIL]: -1
[PRECHECK_FAIL]: -1
[PRECHECK_FAIL]: -1
[PRECHECK_FAIL]: -1
[PRECHECK_FAIL]: -1
[PRECHECK_FAIL]: -1
[PRECHECK_FAIL]: -1
[PRECHECK_FAIL]: -1
[PRECHECK_FAIL]: -1
[PRECHECK_FAIL]: -1
[PRECHECK_FAIL]: -1
[PRECHECK_FAIL]: -1
[PRECHECK_FAIL]: -1
[PRECHECK_FAIL]: -1
[PRECHECK_FAIL]: -1
[PRECHECK_FAIL]: -1
[PRECHECK_FAIL]: -1
[PRECHECK_FAIL]: -1
[PRECHECK_FAIL]: -1
[PRECHECK_FAIL]: -1
[PRECHECK_FAIL]: -1
[PRECHECK_FAIL]: -1
[PRECHECK_FAIL]: -1
[PRECHECK_FAIL]: -1
[PRECHECK_FAIL]: -1
[PRECHECK_FAIL]: -1
[PRECHECK_FAIL]: -1
[PRECHECK_FAIL]: -1
[PRECHECK_FAIL]: -1
[PRECHECK_FAIL]: -1
[PRECHECK_FAIL]: -1
[PRECHECK_FAIL]: -1
[PRECHECK_FAIL]: -1
[PRECHECK_FAIL]: -1
[PRECHECK_FAIL]: -1
[PRECHECK_FAIL]: -1
[PRECHECK_FAIL]: -1
[PRECHECK_FAIL]: -1
[PRECHECK_FAIL]: -1
[PRECHECK_FAIL]: -1
[PRECHECK_FAIL]: -1
[PRECHECK_FAIL]: -1
[PRECHECK_FAIL]: -1
[PRECHECK_FAIL]: -1
[PRECHECK_FAIL]: -1
[PRECHECK_FAIL]: -1
[PRECHECK_FAIL]: -1
[PRECHECK_FAIL]: -1
[PRECHECK_FAIL]: -1
[PRECHECK_FAIL]: -1
[PRECHECK_FAIL]: -1
[PRECHECK_FAIL]: -1
[PRECHECK_FAIL]: -1
[PRECHECK_FAIL]: -1
[PRECHECK_FAIL]: -1
[PRECHECK_FAIL]: -1
[PRECHECK_FAIL]: -1
[PRECHECK_FAIL]: -1
[PRECHECK_FAIL]: -1
[PRECHECK_FAIL]: -1
[PRECHECK_FAIL]: -1
[PRECHECK_FAIL]: -1
[PRECHECK_FAIL]: -1
[PRECHECK_FAIL]: -1
[PRECHECK_FAIL]: -1
[PRECHECK_FAIL]: -1
[PRECHECK_FAIL]: -1
[PRECHECK_FAIL]: -1
[PRECHECK_FAIL]: -1
[PRECHECK_FAIL]: -1
[PRECHECK_FAIL]: -1
[PRECHECK_FAIL]: -1
[PRECHECK_FAIL]: -1
[PRECHECK_FAIL]: -1
[PRECHECK_FAIL]: -1
[PRECHECK_FAIL]: -1
[PRECHECK_FAIL]: -1
[PRECHECK_FAIL]: -1
[PRECHECK_FAIL]: -1
[PRECHECK_FAIL]: -1
[PRECHECK_FAIL]: -1
[PRECHECK_FAIL]: -1
[PRECHECK_FAIL]: -1
[PRECHECK_FAIL]: -1
[PRECHECK_FAIL]: -1
[PRECHECK_FAIL]: -1
[PRECHECK_FAIL]: -1
[PRECHECK_FAIL]: -1
[PRECHECK_FAIL]: -1
[PRECHECK_FAIL]: -1
[PRECHECK_FAIL]: -1
[PRECHECK_FAIL]: -1
[PRECHECK_FAIL]: -1
[PRECHECK_FAIL]: -1
[PRECHECK_FAIL]: -1
[PRECHECK_FAIL]: -1
[PRECHECK_FAIL]: -1
[PRECHECK_FAIL]: -1
[PRECHECK_FAIL]: -1
[PRECHECK_FAIL]: -1
[PRECHECK_FAIL]: -1
[PRECHECK_FAIL]: -1
[PRECHECK_FAIL]: -1
[PRECHECK_FAIL]: -1
[PRECHECK_FAIL]: -1
[PRECHECK_FAIL]: -1
[PRECHECK_FAIL]: -1
[PRECHECK_FAIL]: -1
[PRECHECK_FAIL]: -1
[PRECHECK_FAIL]: -1
[PRECHECK_FAIL]: -1
[PRECHECK_FAIL]: -1
[PRECHECK_FAIL]: -1
[PRECHECK_FAIL]: -1
[PRECHECK_FAIL]: -1
[PRECHECK_FAIL]: -1
[PRECHECK_FAIL]: -1
[PRECHECK_FAIL]: -1
[PRECHECK_FAIL]: -1
[PRECHECK_FAIL]: -1
[PRECHECK_FAIL]: -1
[PRECHECK_FAIL]: -1
[PRECHECK_FAIL]: -1
[PRECHECK_FAIL]: -1
[PRECHECK_FAIL]: -1
[PRECHECK_FAIL]: -1
[PRECHECK_FAIL]: -1
[PRECHECK_FAIL]: -1
[PRECHECK_FAIL]: -1
[PRECHECK_FAIL]: -1
[PRECHECK_FAIL]: -1
[PRECHECK_FAIL]: -1
[PRECHECK_FAIL]: -1
[PRECHECK_FAIL]: -1
[PRECHECK_FAIL]: -1
[PRECHECK_FAIL]: -1
[PRECHECK_FAIL]: -1
[PRECHECK_FAIL]: -1
[PRECHECK_FAIL]: -1
[PRECHECK_FAIL]: -1
[PRECHECK_FAIL]: -1
[PRECHECK_FAIL]: -1
[PRECHECK_FAIL]: -1
[PRECHECK_FAIL]: -1
[PRECHECK_FAIL]: -1
[PRECHECK_FAIL]: -1
[PRECHECK_FAIL]: -1
[PRECHECK_FAIL]: -1
[PRECHECK_FAIL]: -1
[PRECHECK_FAIL]: -1
[PRECHECK_FAIL]: -1
[PRECHECK_FAIL]: -1
[PRECHECK_FAIL]: -1
[PRECHECK_FAIL]: -1
[PRECHECK_FAIL]: -1
[PRECHECK_FAIL]: -1
[PRECHECK_FAIL]: -1
[PRECHECK_FAIL]: -1
[PRECHECK_FAIL]: -1
[PRECHECK_FAIL]: -1
[PRECHECK_FAIL]: -1
[PRECHECK_FAIL]: -1
[PRECHECK_FAIL]: -1
[PRECHECK_FAIL]: -1
[PRECHECK_FAIL]: -1
[PRECHECK_FAIL]: -1
[PRECHECK_FAIL]: -1
[PRECHECK_FAIL]: -1
[PRECHECK_FAIL]: -1
[PRECHECK_FAIL]: -1
[PRECHECK_FAIL]: -1
[PRECHECK_FAIL]: -1
[PRECHECK_FAIL]: -1
[PRECHECK_FAIL]: -1
[PRECHECK_FAIL]: -1
[PRECHECK_FAIL]: -1
[PRECHECK_FAIL]: -1
[PRECHECK_FAIL]: -1
[PRECHECK_FAIL]: -1
[PRECHECK_FAIL]: -1
[PRECHECK_FAIL]: -1
[PRECHECK_FAIL]: -1
[PRECHECK_FAIL]: -1
[PRECHECK_FAIL]: -1
[PRECHECK_FAIL]: -1
[PRECHECK_FAIL]: -1
[PRECHECK_FAIL]: -1
[PRECHECK_FAIL]: -1
[PRECHECK_FAIL]: -1
[PRECHECK_FAIL]: -1
[PRECHECK_FAIL]: -1
[PRECHECK_FAIL]: -1
[PRECHECK_FAIL]: -1
[PRECHECK_FAIL]: -1
[PRECHECK_FAIL]: -1
[PRECHECK_FAIL]: -1
[PRECHECK_FAIL]: -1
[PRECHECK_FAIL]: -1
[PRECHECK_FAIL]: -1
[PRECHECK_FAIL]: -1
[PRECHECK_FAIL]: -1
[PRECHECK_FAIL]: -1
[PRECHECK_FAIL]: -1
[PRECHECK_FAIL]: -1
[PRECHECK_FAIL]: -1
[PRECHECK_FAIL]: -1
[PRECHECK_FAIL]: -1
[PRECHECK_FAIL]: -1
[PRECHECK_FAIL]: -1
[PRECHECK_FAIL]: -1
[PRECHECK_FAIL]: -1
[PRECHECK_FAIL]: -1
[PRECHECK_FAIL]: -1
[PRECHECK_FAIL]: -1
[PRECHECK_FAIL]: -1
[PRECHECK_FAIL]: -1
[PRECHECK_FAIL]: -1
[PRECHECK_FAIL]: -1
[PRECHECK_FAIL]: -1
[PRECHECK_FAIL]: -1
[PRECHECK_FAIL]: -1
[PRECHECK_FAIL]: -1
[PRECHECK_FAIL]: -1
[PRECHECK_FAIL]: -1
[PRECHECK_FAIL]: -1
[PRECHECK_FAIL]: -1
[PRECHECK_FAIL]: -1
[PRECHECK_FAIL]: -1
[PRECHECK_FAIL]: -1
[PRECHECK_FAIL]: -1
[PRECHECK_FAIL]: -1
[PRECHECK_FAIL]: -1
[PRECHECK_FAIL]: -1
[PRECHECK_FAIL]: -1
[PRECHECK_FAIL]: -1
[PRECHECK_FAIL]: -1
[PRECHECK_FAIL]: -1
[PRECHECK_FAIL]: -1
[PRECHECK_FAIL]: -1
[PRECHECK_FAIL]: -1
[PRECHECK_FAIL]: -1
[PRECHECK_FAIL]: -1
[PRECHECK_FAIL]: -1
[PRECHECK_FAIL]: -1
[PRECHECK_FAIL]: -1
[PRECHECK_FAIL]: -1
[PRECHECK_FAIL]: -1
[PRECHECK_FAIL]: -1
[PRECHECK_FAIL]: -1
[PRECHECK_FAIL]: -1
[PRECHECK_FAIL]: -1
[PRECHECK_FAIL]: -1
[PRECHECK_FAIL]: -1
[PRECHECK_FAIL]: -1
[PRECHECK_FAIL]: -1
[PRECHECK_FAIL]: -1
[PRECHECK_FAIL]: -1
[PRECHECK_FAIL]: -1
[PRECHECK_FAIL]: -1
[PRECHECK_FAIL]: -1
[PRECHECK_FAIL]: -1
[PRECHECK_FAIL]: -1
[PRECHECK_FAIL]: -1
[PRECHECK_FAIL]: -1
[PRECHECK_FAIL]: -1
[PRECHECK_FAIL]: -1
[PRECHECK_FAIL]: -1
[PRECHECK_FAIL]: -1
[PRECHECK_FAIL]: -1
[PRECHECK_FAIL]: -1
[PRECHECK_FAIL]: -1
[PRECHECK_FAIL]: -1
[PRECHECK_FAIL]: -1
[PRECHECK_FAIL]: -1
[PRECHECK_FAIL]: -1
[PRECHECK_FAIL]: -1
[PRECHECK_FAIL]: -1
[PRECHECK_FAIL]: -1
[PRECHECK_FAIL]: -1
[PRECHECK_FAIL]: -1
[PRECHECK_FAIL]: -1
[PRECHECK_FAIL]: -1
[PRECHECK_FAIL]: -1
[PRECHECK_FAIL]: -1
[PRECHECK_FAIL]: -1
[PRECHECK_FAIL]: -1
[PRECHECK_FAIL]: -1
[PRECHECK_FAIL]: -1
[PRECHECK_FAIL]: -1
[PRECHECK_FAIL]: -1
[PRECHECK_FAIL]: -1
[PRECHECK_FAIL]: -1
[PRECHECK_FAIL]: -1
[PRECHECK_FAIL]: -1
[PRECHECK_FAIL]: -1
[PRECHECK_FAIL]: -1
[PRECHECK_FAIL]: -1
[PRECHECK_FAIL]: -1
[PRECHECK_FAIL]: -1
[PRECHECK_FAIL]: -1
[PRECHECK_FAIL]: -1
[PRECHECK_FAIL]: -1
[PRECHECK_FAIL]: -1
[PRECHECK_FAIL]: -1
[PRECHECK_FAIL]: -1
[PRECHECK_FAIL]: -1
[PRECHECK_FAIL]: -1
[PRECHECK_FAIL]: -1
[PRECHECK_FAIL]: -1
[PRECHECK_FAIL]: -1
[PRECHECK_FAIL]: -1
[PRECHECK_FAIL]: -1
[PRECHECK_FAIL]: -1
[PRECHECK_FAIL]: -1
[PRECHECK_FAIL]: -1
[PRECHECK_FAIL]: -1
[PRECHECK_FAIL]: -1
[PRECHECK_FAIL]: -1
[PRECHECK_FAIL]: -1
[PRECHECK_FAIL]: -1
[PRECHECK_FAIL]: -1
[PRECHECK_FAIL]: -1
[PRECHECK_FAIL]: -1
[PRECHECK_FAIL]: -1
[PRECHECK_FAIL]: -1
[PRECHECK_FAIL]: -1
[PRECHECK_FAIL]: -1
[PRECHECK_FAIL]: -1
[PRECHECK_FAIL]: -1
[PRECHECK_FAIL]: -1
[PRECHECK_FAIL]: -1
[PRECHECK_FAIL]: -1
[PRECHECK_FAIL]: -1
[PRECHECK_FAIL]: -1
[PRECHECK_FAIL]: -1
[PRECHECK_FAIL]: -1
[PRECHECK_FAIL]: -1
[PRECHECK_FAIL]: -1
[PRECHECK_FAIL]: -1
[PRECHECK_FAIL]: -1
[PRECHECK_FAIL]: -1
[PRECHECK_FAIL]: -1
[PRECHECK_FAIL]: -1
[PRECHECK_FAIL]: -1
[PRECHECK_FAIL]: -1
[PRECHECK_FAIL]: -1
[PRECHECK_FAIL]: -1
[PRECHECK_FAIL]: -1
[PRECHECK_FAIL]: -1
[PRECHECK_FAIL]: -1
[PRECHECK_FAIL]: -1
[PRECHECK_FAIL]: -1
[PRECHECK_FAIL]: -1
[PRECHECK_FAIL]: -1
[PRECHECK_FAIL]: -1
[PRECHECK_FAIL]: -1
[PRECHECK_FAIL]: -1
[PRECHECK_FAIL]: -1
[PRECHECK_FAIL]: -1
[PRECHECK_FAIL]: -1
[PRECHECK_FAIL]: -1
[PRECHECK_FAIL]: -1
[PRECHECK_FAIL]: -1
[PRECHECK_FAIL]: -1
[PRECHECK_FAIL]: -1
[PRECHECK_FAIL]: -1
[PRECHECK_FAIL]: -1
[PRECHECK_FAIL]: -1
[PRECHECK_FAIL]: -1
[PRECHECK_FAIL]: -1
[PRECHECK_FAIL]: -1
[PRECHECK_FAIL]: -1
[PRECHECK_FAIL]: -1
[PRECHECK_FAIL]: -1
[PRECHECK_FAIL]: -1
[PRECHECK_FAIL]: -1
[PRECHECK_FAIL]: -1
[PRECHECK_FAIL]: -1
[PRECHECK_FAIL]: -1
[PRECHECK_FAIL]: -1
[PRECHECK_FAIL]: -1
[PRECHECK_FAIL]: -1
[PRECHECK_FAIL]: -1
[PRECHECK_FAIL]: -1
[PRECHECK_FAIL]: -1
[PRECHECK_FAIL]: -1
[PRECHECK_FAIL]: -1
[PRECHECK_FAIL]: -1
[PRECHECK_FAIL]: -1
[PRECHECK_FAIL]: -1
[PRECHECK_FAIL]: -1
[PRECHECK_FAIL]: -1
[PRECHECK_FAIL]: -1
[PRECHECK_FAIL]: -1
[PRECHECK_FAIL]: -1
[PRECHECK_FAIL]: -1
[PRECHECK_FAIL]: -1
[PRECHECK_FAIL]: -1
[PRECHECK_FAIL]: -1
[PRECHECK_FAIL]: -1
[PRECHECK_FAIL]: -1
[PRECHECK_FAIL]: -1
[PRECHECK_FAIL]: -1
[PRECHECK_FAIL]: -1
[PRECHECK_FAIL]: -1
[PRECHECK_FAIL]: -1
[PRECHECK_FAIL]: -1
[PRECHECK_FAIL]: -1
[PRECHECK_FAIL]: -1
[PRECHECK_FAIL]: -1
[PRECHECK_FAIL]: -1
[PRECHECK_FAIL]: -1
[PRECHECK_FAIL]: -1
[PRECHECK_FAIL]: -1
[PRECHECK_FAIL]: -1
[PRECHECK_FAIL]: -1
[PRECHECK_FAIL]: -1
[PRECHECK_FAIL]: -1
[PRECHECK_FAIL]: -1
[PRECHECK_FAIL]: -1
[PRECHECK_FAIL]: -1
[PRECHECK_FAIL]: -1
[PRECHECK_FAIL]: -1
[PRECHECK_FAIL]: -1
[PRECHECK_FAIL]: -1
[PRECHECK_FAIL]: -1
[PRECHECK_FAIL]: -1
[PRECHECK_FAIL]: -1
[PRECHECK_FAIL]: -1
[PRECHECK_FAIL]: -1
[PRECHECK_FAIL]: -1
[PRECHECK_FAIL]: -1
[PRECHECK_FAIL]: -1
[PRECHECK_FAIL]: -1
[PRECHECK_FAIL]: -1
[PRECHECK_FAIL]: -1
[PRECHECK_FAIL]: -1
[PRECHECK_FAIL]: -1
[PRECHECK_FAIL]: -1
[PRECHECK_FAIL]: -1
[PRECHECK_FAIL]: -1
[PRECHECK_FAIL]: -1
[PRECHECK_FAIL]: -1
[PRECHECK_FAIL]: -1
[PRECHECK_FAIL]: -1
[PRECHECK_FAIL]: -1
[PRECHECK_FAIL]: -1
[PRECHECK_FAIL]: -1
[PRECHECK_FAIL]: -1
[PRECHECK_FAIL]: -1
[PRECHECK_FAIL]: -1
[PRECHECK_FAIL]: -1
[PRECHECK_FAIL]: -1
[PRECHECK_FAIL]: -1
[PRECHECK_FAIL]: -1
[PRECHECK_FAIL]: -1
[PRECHECK_FAIL]: -1
[PRECHECK_FAIL]: -1
[PRECHECK_FAIL]: -1
[PRECHECK_FAIL]: -1
[PRECHECK_FAIL]: -1
[PRECHECK_FAIL]: -1
[PRECHECK_FAIL]: -1
[PRECHECK_FAIL]: -1
[PRECHECK_FAIL]: -1
[PRECHECK_FAIL]: -1
[PRECHECK_FAIL]: -1
[PRECHECK_FAIL]: -1
[PRECHECK_FAIL]: -1
[PRECHECK_FAIL]: -1
[PRECHECK_FAIL]: -1
[PRECHECK_FAIL]: -1
[PRECHECK_FAIL]: -1
[PRECHECK_FAIL]: -1
[PRECHECK_FAIL]: -1
[PRECHECK_FAIL]: -1
[PRECHECK_FAIL]: -1
[PRECHECK_FAIL]: -1
[PRECHECK_FAIL]: -1
[PRECHECK_FAIL]: -1
[PRECHECK_FAIL]: -1
[PRECHECK_FAIL]: -1
[PRECHECK_FAIL]: -1
[PRECHECK_FAIL]: -1
[PRECHECK_FAIL]: -1
[PRECHECK_FAIL]: -1
[PRECHECK_FAIL]: -1
[PRECHECK_FAIL]: -1
[PRECHECK_FAIL]: -1
[PRECHECK_FAIL]: -1
[PRECHECK_FAIL]: -1
[PRECHECK_FAIL]: -1
[PRECHECK_FAIL]: -1
[PRECHECK_FAIL]: -1
[PRECHECK_FAIL]: -1
[PRECHECK_FAIL]: -1
[PRECHECK_FAIL]: -1
[PRECHECK_FAIL]: -1
[PRECHECK_FAIL]: -1
[PRECHECK_FAIL]: -1
[PRECHECK_FAIL]: -1
[PRECHECK_FAIL]: -1
[PRECHECK_FAIL]: -1
[PRECHECK_FAIL]: -1
[PRECHECK_FAIL]: -1
[PRECHECK_FAIL]: -1
[PRECHECK_FAIL]: -1
[PRECHECK_FAIL]: -1
[PRECHECK_FAIL]: -1
[PRECHECK_FAIL]: -1
[PRECHECK_FAIL]: -1
[PRECHECK_FAIL]: -1
[PRECHECK_FAIL]: -1
[PRECHECK_FAIL]: -1
[PRECHECK_FAIL]: -1
[PRECHECK_FAIL]: -1
[PRECHECK_FAIL]: -1
[PRECHECK_FAIL]: -1
[PRECHECK_FAIL]: -1
[PRECHECK_FAIL]: -1
[PRECHECK_FAIL]: -1
[PRECHECK_FAIL]: -1
[PRECHECK_FAIL]: -1
[PRECHECK_FAIL]: -1
[PRECHECK_FAIL]: -1
[PRECHECK_FAIL]: -1
[PRECHECK_FAIL]: -1
[PRECHECK_FAIL]: -1
[PRECHECK_FAIL]: -1
[PRECHECK_FAIL]: -1
[PRECHECK_FAIL]: -1
[PRECHECK_FAIL]: -1
[PRECHECK_FAIL]: -1
[PRECHECK_FAIL]: -1
[PRECHECK_FAIL]: -1
[PRECHECK_FAIL]: -1
[PRECHECK_FAIL]: -1
[PRECHECK_FAIL]: -1
[PRECHECK_FAIL]: -1
[PRECHECK_FAIL]: -1
[PRECHECK_FAIL]: -1
[PRECHECK_FAIL]: -1
[PRECHECK_FAIL]: -1
[PRECHECK_FAIL]: -1
[PRECHECK_FAIL]: -1
[PRECHECK_FAIL]: -1
[PRECHECK_FAIL]: -1
[PRECHECK_FAIL]: -1
[PRECHECK_FAIL]: -1
[PRECHECK_FAIL]: -1
[PRECHECK_FAIL]: -1
[PRECHECK_FAIL]: -1
[PRECHECK_FAIL]: -1
[PRECHECK_FAIL]: -1
[PRECHECK_FAIL]: -1
[PRECHECK_FAIL]: -1
[PRECHECK_FAIL]: -1
[PRECHECK_FAIL]: -1
[PRECHECK_FAIL]: -1
[PRECHECK_FAIL]: -1
[PRECHECK_FAIL]: -1
[PRECHECK_FAIL]: -1
[PRECHECK_FAIL]: -1
[PRECHECK_FAIL]: -1
[PRECHECK_FAIL]: -1
[PRECHECK_FAIL]: -1
[PRECHECK_FAIL]: -1
[PRECHECK_FAIL]: -1
[PRECHECK_FAIL]: -1
[PRECHECK_FAIL]: -1
[PRECHECK_FAIL]: -1
[PRECHECK_FAIL]: -1
[PRECHECK_FAIL]: -1
[PRECHECK_FAIL]: -1
[PRECHECK_FAIL]: -1
[PRECHECK_FAIL]: -1
[PRECHECK_FAIL]: -1
[PRECHECK_FAIL]: -1
[PRECHECK_FAIL]: -1
[PRECHECK_FAIL]: -1
[PRECHECK_FAIL]: -1
[PRECHECK_FAIL]: -1
[PRECHECK_FAIL]: -1
[PRECHECK_FAIL]: -1
[PRECHECK_FAIL]: -1
[PRECHECK_FAIL]: -1
[PRECHECK_FAIL]: -1
[PRECHECK_FAIL]: -1
[PRECHECK_FAIL]: -1
[PRECHECK_FAIL]: -1
[PRECHECK_FAIL]: -1
[PRECHECK_FAIL]: -1
[PRECHECK_FAIL]: -1
[PRECHECK_FAIL]: -1
[PRECHECK_FAIL]: -1
[PRECHECK_FAIL]: -1
[PRECHECK_FAIL]: -1
[PRECHECK_FAIL]: -1
[PRECHECK_FAIL]: -1
[PRECHECK_FAIL]: -1
[PRECHECK_FAIL]: -1
[PRECHECK_FAIL]: -1
[PRECHECK_FAIL]: -1
[PRECHECK_FAIL]: -1
[PRECHECK_FAIL]: -1
[PRECHECK_FAIL]: -1
[PRECHECK_FAIL]: -1
[PRECHECK_FAIL]: -1
[PRECHECK_FAIL]: -1
[PRECHECK_FAIL]: -1
[PRECHECK_FAIL]: -1
[PRECHECK_FAIL]: -1
[PRECHECK_FAIL]: -1
[PRECHECK_FAIL]: -1
[PRECHECK_FAIL]: -1
[PRECHECK_FAIL]: -1
[PRECHECK_FAIL]: -1
[PRECHECK_FAIL]: -1
[PRECHECK_FAIL]: -1
[PRECHECK_FAIL]: -1
[PRECHECK_FAIL]: -1
[PRECHECK_FAIL]: -1
[PRECHECK_FAIL]: -1
[PRECHECK_FAIL]: -1
[PRECHECK_FAIL]: -1
[PRECHECK_FAIL]: -1
[PRECHECK_FAIL]: -1
[PRECHECK_FAIL]: -1
[PRECHECK_FAIL]: -1
[PRECHECK_FAIL]: -1
[PRECHECK_FAIL]: -1
[PRECHECK_FAIL]: -1
[PRECHECK_FAIL]: -1
[PRECHECK_FAIL]: -1
[PRECHECK_FAIL]: -1
[PRECHECK_FAIL]: -1
[PRECHECK_FAIL]: -1
[PRECHECK_FAIL]: -1
[PRECHECK_FAIL]: -1
[PRECHECK_FAIL]: -1
[PRECHECK_FAIL]: -1
[PRECHECK_FAIL]: -1
[PRECHECK_FAIL]: -1
[PRECHECK_FAIL]: -1
[PRECHECK_FAIL]: -1
[PRECHECK_FAIL]: -1
[PRECHECK_FAIL]: -1
[PRECHECK_FAIL]: -1
[PRECHECK_FAIL]: -1
[PRECHECK_FAIL]: -1
[PRECHECK_FAIL]: -1
[PRECHECK_FAIL]: -1
[PRECHECK_FAIL]: -1
[PRECHECK_FAIL]: -1
[PRECHECK_FAIL]: -1
[PRECHECK_FAIL]: -1
[PRECHECK_FAIL]: -1
[PRECHECK_FAIL]: -1
[PRECHECK_FAIL]: -1
[PRECHECK_FAIL]: -1
[PRECHECK_FAIL]: -1
[PRECHECK_FAIL]: -1
[PRECHECK_FAIL]: -1
[PRECHECK_FAIL]: -1
[PRECHECK_FAIL]: -1
[PRECHECK_FAIL]: -1
[PRECHECK_FAIL]: -1
[PRECHECK_FAIL]: -1
[PRECHECK_FAIL]: -1
[PRECHECK_FAIL]: -1
[PRECHECK_FAIL]: -1
[PRECHECK_FAIL]: -1
[PRECHECK_FAIL]: -1
[PRECHECK_FAIL]: -1
[PRECHECK_FAIL]: -1
[PRECHECK_FAIL]: -1
[PRECHECK_FAIL]: -1
[PRECHECK_FAIL]: -1
[PRECHECK_FAIL]: -1
[PRECHECK_FAIL]: -1
[PRECHECK_FAIL]: -1
[PRECHECK_FAIL]: -1
[PRECHECK_FAIL]: -1
[PRECHECK_FAIL]: -1
[PRECHECK_FAIL]: -1
[PRECHECK_FAIL]: -1
[PRECHECK_FAIL]: -1
[PRECHECK_FAIL]: -1
[PRECHECK_FAIL]: -1
[PRECHECK_FAIL]: -1
[PRECHECK_FAIL]: -1
[PRECHECK_FAIL]: -1
[PRECHECK_FAIL]: -1
[PRECHECK_FAIL]: -1
[PRECHECK_FAIL]: -1
[PRECHECK_FAIL]: -1
[PRECHECK_FAIL]: -1
[PRECHECK_FAIL]: -1
[PRECHECK_FAIL]: -1
[PRECHECK_FAIL]: -1
[PRECHECK_FAIL]: -1
[PRECHECK_FAIL]: -1
[PRECHECK_FAIL]: -1
[PRECHECK_FAIL]: -1
[PRECHECK_FAIL]: -1
[PRECHECK_FAIL]: -1
[PRECHECK_FAIL]: -1
[PRECHECK_FAIL]: -1
[PRECHECK_FAIL]: -1
[PRECHECK_FAIL]: -1
[PRECHECK_FAIL]: -1
[PRECHECK_FAIL]: -1
[PRECHECK_FAIL]: -1
[PRECHECK_FAIL]: -1
[PRECHECK_FAIL]: -1
[PRECHECK_FAIL]: -1
[PRECHECK_FAIL]: -1
[PRECHECK_FAIL]: -1
[PRECHECK_FAIL]: -1
[PRECHECK_FAIL]: -1
[PRECHECK_FAIL]: -1
[PRECHECK_FAIL]: -1
[PRECHECK_FAIL]: -1
[PRECHECK_FAIL]: -1
[PRECHECK_FAIL]: -1
[PRECHECK_FAIL]: -1
[PRECHECK_FAIL]: -1
[PRECHECK_FAIL]: -1
[PRECHECK_FAIL]: -1
[PRECHECK_FAIL]: -1
[PRECHECK_FAIL]: -1
[PRECHECK_FAIL]: -1
[PRECHECK_FAIL]: -1
[PRECHECK_FAIL]: -1
[PRECHECK_FAIL]: -1
[PRECHECK_FAIL]: -1
[PRECHECK_FAIL]: -1
[PRECHECK_FAIL]: -1
[PRECHECK_FAIL]: -1
[PRECHECK_FAIL]: -1
[PRECHECK_FAIL]: -1
[PRECHECK_FAIL]: -1
[PRECHECK_FAIL]: -1
[PRECHECK_FAIL]: -1
[PRECHECK_FAIL]: -1
[PRECHECK_FAIL]: -1
[PRECHECK_FAIL]: -1
[PRECHECK_FAIL]: -1
[PRECHECK_FAIL]: -1
[PRECHECK_FAIL]: -1
[PRECHECK_FAIL]: -1
[PRECHECK_FAIL]: -1
[PRECHECK_FAIL]: -1
[PRECHECK_FAIL]: -1
[PRECHECK_FAIL]: -1
[PRECHECK_FAIL]: -1
[PRECHECK_FAIL]: -1
[PRECHECK_FAIL]: -1
[PRECHECK_FAIL]: -1
[PRECHECK_FAIL]: -1
[PRECHECK_FAIL]: -1
[PRECHECK_FAIL]: -1
[PRECHECK_FAIL]: -1
[PRECHECK_FAIL]: -1
[PRECHECK_FAIL]: -1
[PRECHECK_FAIL]: -1
[PRECHECK_FAIL]: -1
[PRECHECK_FAIL]: -1
[PRECHECK_FAIL]: -1
[PRECHECK_FAIL]: -1
[PRECHECK_FAIL]: -1
[PRECHECK_FAIL]: -1
[PRECHECK_FAIL]: -1
[PRECHECK_FAIL]: -1
[PRECHECK_FAIL]: -1
[PRECHECK_FAIL]: -1
[PRECHECK_FAIL]: -1
[PRECHECK_FAIL]: -1
[PRECHECK_FAIL]: -1
[PRECHECK_FAIL]: -1
[PRECHECK_FAIL]: -1
[PRECHECK_FAIL]: -1
[PRECHECK_FAIL]: -1
[PRECHECK_FAIL]: -1
[PRECHECK_FAIL]: -1
[PRECHECK_FAIL]: -1
[PRECHECK_FAIL]: -1
[PRECHECK_FAIL]: -1
[PRECHECK_FAIL]: -1
[PRECHECK_FAIL]: -1
[PRECHECK_FAIL]: -1
[PRECHECK_FAIL]: -1
[PRECHECK_FAIL]: -1
[PRECHECK_FAIL]: -1
[PRECHECK_FAIL]: -1
[PRECHECK_FAIL]: -1
[PRECHECK_FAIL]: -1
[PRECHECK_FAIL]: -1
[PRECHECK_FAIL]: -1
[PRECHECK_FAIL]: -1
[PRECHECK_FAIL]: -1
[PRECHECK_FAIL]: -1
[PRECHECK_FAIL]: -1
[PRECHECK_FAIL]: -1
[PRECHECK_FAIL]: -1
[PRECHECK_FAIL]: -1
[PRECHECK_FAIL]: -1
[PRECHECK_FAIL]: -1
[PRECHECK_FAIL]: -1
[PRECHECK_FAIL]: -1
[PRECHECK_FAIL]: -1
[PRECHECK_FAIL]: -1
[PRECHECK_FAIL]: -1
[PRECHECK_FAIL]: -1
[PRECHECK_FAIL]: -1
[PRECHECK_FAIL]: -1
[PRECHECK_FAIL]: -1
[PRECHECK_FAIL]: -1
[PRECHECK_FAIL]: -1
[PRECHECK_FAIL]: -1
[PRECHECK_FAIL]: -1
[PRECHECK_FAIL]: -1
[PRECHECK_FAIL]: -1
[PRECHECK_FAIL]: -1
[PRECHECK_FAIL]: -1
[PRECHECK_FAIL]: -1
[PRECHECK_FAIL]: -1
[PRECHECK_FAIL]: -1
[PRECHECK_FAIL]: -1
[PRECHECK_FAIL]: -1
[PRECHECK_FAIL]: -1
[PRECHECK_FAIL]: -1
[PRECHECK_FAIL]: -1
[PRECHECK_FAIL]: -1
[PRECHECK_FAIL]: -1
[PRECHECK_FAIL]: -1
[PRECHECK_FAIL]: -1
[PRECHECK_FAIL]: -1
[PRECHECK_FAIL]: -1
[PRECHECK_FAIL]: -1
[PRECHECK_FAIL]: -1
[PRECHECK_FAIL]: -1
[PRECHECK_FAIL]: -1
[PRECHECK_FAIL]: -1
[PRECHECK_FAIL]: -1
[PRECHECK_FAIL]: -1
[PRECHECK_FAIL]: -1
[PRECHECK_FAIL]: -1
[PRECHECK_FAIL]: -1
[PRECHECK_FAIL]: -1
[PRECHECK_FAIL]: -1
[PRECHECK_FAIL]: -1
[PRECHECK_FAIL]: -1
[PRECHECK_FAIL]: -1
[PRECHECK_FAIL]: -1
[PRECHECK_FAIL]: -1
[PRECHECK_FAIL]: -1
[PRECHECK_FAIL]: -1
[PRECHECK_FAIL]: -1
[PRECHECK_FAIL]: -1
[PRECHECK_FAIL]: -1
[PRECHECK_FAIL]: -1
[PRECHECK_FAIL]: -1
[PRECHECK_FAIL]: -1
[PRECHECK_FAIL]: -1
[PRECHECK_FAIL]: -1
[PRECHECK_FAIL]: -1
[PRECHECK_FAIL]: -1
[PRECHECK_FAIL]: -1
[PRECHECK_FAIL]: -1
[PRECHECK_FAIL]: -1
[PRECHECK_FAIL]: -1
[PRECHECK_FAIL]: -1
[PRECHECK_FAIL]: -1
[PRECHECK_FAIL]: -1
[PRECHECK_FAIL]: -1
[PRECHECK_FAIL]: -1
[PRECHECK_FAIL]: -1
[PRECHECK_FAIL]: -1
[PRECHECK_FAIL]: -1
[PRECHECK_FAIL]: -1
[PRECHECK_FAIL]: -1
[PRECHECK_FAIL]: -1
[PRECHECK_FAIL]: -1
[PRECHECK_FAIL]: -1
[PRECHECK_FAIL]: -1
[PRECHECK_FAIL]: -1
[PRECHECK_FAIL]: -1
[PRECHECK_FAIL]: -1
[PRECHECK_FAIL]: -1
[PRECHECK_FAIL]: -1
[PRECHECK_FAIL]: -1
[PRECHECK_FAIL]: -1
[PRECHECK_FAIL]: -1
[PRECHECK_FAIL]: -1
[PRECHECK_FAIL]: -1
[PRECHECK_FAIL]: -1
[PRECHECK_FAIL]: -1
[PRECHECK_FAIL]: -1
[PRECHECK_FAIL]: -1
[PRECHECK_FAIL]: -1
[PRECHECK_FAIL]: -1
[PRECHECK_FAIL]: -1
[PRECHECK_FAIL]: -1
[PRECHECK_FAIL]: -1
[PRECHECK_FAIL]: -1
[PRECHECK_FAIL]: -1
[PRECHECK_FAIL]: -1
[PRECHECK_FAIL]: -1
[PRECHECK_FAIL]: -1
[PRECHECK_FAIL]: -1
[PRECHECK_FAIL]: -1
[PRECHECK_FAIL]: -1
[PRECHECK_FAIL]: -1
[PRECHECK_FAIL]: -1
[PRECHECK_FAIL]: -1
[PRECHECK_FAIL]: -1
[PRECHECK_FAIL]: -1
[PRECHECK_FAIL]: -1
[PRECHECK_FAIL]: -1
[PRECHECK_FAIL]: -1
[PRECHECK_FAIL]: -1
[PRECHECK_FAIL]: -1
[PRECHECK_FAIL]: -1
[PRECHECK_FAIL]: -1
[PRECHECK_FAIL]: -1
[PRECHECK_FAIL]: -1
[PRECHECK_FAIL]: -1
[PRECHECK_FAIL]: -1
[PRECHECK_FAIL]: -1
[PRECHECK_FAIL]: -1
[PRECHECK_FAIL]: -1
[PRECHECK_FAIL]: -1
[PRECHECK_FAIL]: -1
[PRECHECK_FAIL]: -1
[PRECHECK_FAIL]: -1
[PRECHECK_FAIL]: -1
[PRECHECK_FAIL]: -1
[PRECHECK_FAIL]: -1
[PRECHECK_FAIL]: -1
[PRECHECK_FAIL]: -1
[PRECHECK_FAIL]: -1
[PRECHECK_FAIL]: -1
[PRECHECK_FAIL]: -1
[PRECHECK_FAIL]: -1
[PRECHECK_FAIL]: -1
[PRECHECK_FAIL]: -1
[PRECHECK_FAIL]: -1
[PRECHECK_FAIL]: -1
[PRECHECK_FAIL]: -1
[PRECHECK_FAIL]: -1
[PRECHECK_FAIL]: -1
[PRECHECK_FAIL]: -1
[PRECHECK_FAIL]: -1
[PRECHECK_FAIL]: -1
[PRECHECK_FAIL]: -1
[PRECHECK_FAIL]: -1
[PRECHECK_FAIL]: -1
[PRECHECK_FAIL]: -1
[PRECHECK_FAIL]: -1
[PRECHECK_FAIL]: -1
[PRECHECK_FAIL]: -1
[PRECHECK_FAIL]: -1
[PRECHECK_FAIL]: -1
[PRECHECK_FAIL]: -1
[PRECHECK_FAIL]: -1
[PRECHECK_FAIL]: -1
[PRECHECK_FAIL]: -1
[PRECHECK_FAIL]: -1
[PRECHECK_FAIL]: -1
[PRECHECK_FAIL]: -1
[PRECHECK_FAIL]: -1
[PRECHECK_FAIL]: -1
[PRECHECK_FAIL]: -1
[PRECHECK_FAIL]: -1
[PRECHECK_FAIL]: -1
[PRECHECK_FAIL]: -1
[PRECHECK_FAIL]: -1
[PRECHECK_FAIL]: -1
[PRECHECK_FAIL]: -1
[PRECHECK_FAIL]: -1
[PRECHECK_FAIL]: -1
[PRECHECK_FAIL]: -1
[PRECHECK_FAIL]: -1
[PRECHECK_FAIL]: -1
[PRECHECK_FAIL]: -1
[PRECHECK_FAIL]: -1
[PRECHECK_FAIL]: -1
[PRECHECK_FAIL]: -1
[PRECHECK_FAIL]: -1
[PRECHECK_FAIL]: -1
[PRECHECK_FAIL]: -1
[PRECHECK_FAIL]: -1
[PRECHECK_FAIL]: -1
[PRECHECK_FAIL]: -1
[PRECHECK_FAIL]: -1
[PRECHECK_FAIL]: -1
[PRECHECK_FAIL]: -1
[PRECHECK_FAIL]: -1
[PRECHECK_FAIL]: -1
[PRECHECK_FAIL]: -1
[PRECHECK_FAIL]: -1
[PRECHECK_FAIL]: -1
[PRECHECK_FAIL]: -1
[PRECHECK_FAIL]: -1
[PRECHECK_FAIL]: -1
[PRECHECK_FAIL]: -1
[PRECHECK_FAIL]: -1
[PRECHECK_FAIL]: -1
[PRECHECK_FAIL]: -1
[PRECHECK_FAIL]: -1
[PRECHECK_FAIL]: -1
[PRECHECK_FAIL]: -1
[PRECHECK_FAIL]: -1
[PRECHECK_FAIL]: -1
[PRECHECK_FAIL]: -1
[PRECHECK_FAIL]: -1
[PRECHECK_FAIL]: -1
[PRECHECK_FAIL]: -1
[PRECHECK_FAIL]: -1
[PRECHECK_FAIL]: -1
[PRECHECK_FAIL]: -1
[PRECHECK_FAIL]: -1
[PRECHECK_FAIL]: -1
[PRECHECK_FAIL]: -1
[PRECHECK_FAIL]: -1
[PRECHECK_FAIL]: -1
[PRECHECK_FAIL]: -1
[PRECHECK_FAIL]: -1
[PRECHECK_FAIL]: -1
[PRECHECK_FAIL]: -1
[PRECHECK_FAIL]: -1
[PRECHECK_FAIL]: -1
[PRECHECK_FAIL]: -1
[PRECHECK_FAIL]: -1
[PRECHECK_FAIL]: -1
[PRECHECK_FAIL]: -1
[PRECHECK_FAIL]: -1
[PRECHECK_FAIL]: -1
[PRECHECK_FAIL]: -1
[PRECHECK_FAIL]: -1
[PRECHECK_FAIL]: -1
[PRECHECK_FAIL]: -1
[PRECHECK_FAIL]: -1
[PRECHECK_FAIL]: -1
[PRECHECK_FAIL]: -1
[PRECHECK_FAIL]: -1
[PRECHECK_FAIL]: -1
[PRECHECK_FAIL]: -1
[PRECHECK_FAIL]: -1
[PRECHECK_FAIL]: -1
[PRECHECK_FAIL]: -1
[PRECHECK_FAIL]: -1
[PRECHECK_FAIL]: -1
[PRECHECK_FAIL]: -1
[PRECHECK_FAIL]: -1
[PRECHECK_FAIL]: -1
[PRECHECK_FAIL]: -1
[PRECHECK_FAIL]: -1
[PRECHECK_FAIL]: -1
[PRECHECK_FAIL]: -1
[PRECHECK_FAIL]: -1
[PRECHECK_FAIL]: -1
[PRECHECK_FAIL]: -1
[PRECHECK_FAIL]: -1
[PRECHECK_FAIL]: -1
[PRECHECK_FAIL]: -1
[PRECHECK_FAIL]: -1
[PRECHECK_FAIL]: -1
[PRECHECK_FAIL]: -1
[PRECHECK_FAIL]: -1
[PRECHECK_FAIL]: -1
[PRECHECK_FAIL]: -1
[PRECHECK_FAIL]: -1
[PRECHECK_FAIL]: -1
[PRECHECK_FAIL]: -1
[PRECHECK_FAIL]: -1
[PRECHECK_FAIL]: -1
[PRECHECK_FAIL]: -1
[PRECHECK_FAIL]: -1
[PRECHECK_FAIL]: -1
[PRECHECK_FAIL]: -1
[PRECHECK_FAIL]: -1
[PRECHECK_FAIL]: -1
[PRECHECK_FAIL]: -1
[PRECHECK_FAIL]: -1
[PRECHECK_FAIL]: -1
[PRECHECK_FAIL]: -1
[PRECHECK_FAIL]: -1
[PRECHECK_FAIL]: -1
[PRECHECK_FAIL]: -1
[PRECHECK_FAIL]: -1
[PRECHECK_FAIL]: -1
[PRECHECK_FAIL]: -1
[PRECHECK_FAIL]: -1
[PRECHECK_FAIL]: -1
[PRECHECK_FAIL]: -1
[PRECHECK_FAIL]: -1
[PRECHECK_FAIL]: -1
[PRECHECK_FAIL]: -1
[PRECHECK_FAIL]: -1
[PRECHECK_FAIL]: -1
[PRECHECK_FAIL]: -1
[PRECHECK_FAIL]: -1
[PRECHECK_FAIL]: -1
[PRECHECK_FAIL]: -1
[PRECHECK_FAIL]: -1
[PRECHECK_FAIL]: -1
[PRECHECK_FAIL]: -1
[PRECHECK_FAIL]: -1
[PRECHECK_FAIL]: -1
[PRECHECK_FAIL]: -1
[PRECHECK_FAIL]: -1
[PRECHECK_FAIL]: -1
[PRECHECK_FAIL]: -1
[PRECHECK_FAIL]: -1
[PRECHECK_FAIL]: -1
[PRECHECK_FAIL]: -1
[PRECHECK_FAIL]: -1
[PRECHECK_FAIL]: -1
[PRECHECK_FAIL]: -1
[PRECHECK_FAIL]: -1
[PRECHECK_FAIL]: -1
[PRECHECK_FAIL]: -1
[PRECHECK_FAIL]: -1
[PRECHECK_FAIL]: -1
[PRECHECK_FAIL]: -1
[PRECHECK_FAIL]: -1
[PRECHECK_FAIL]: -1
[PRECHECK_FAIL]: -1
[PRECHECK_FAIL]: -1
[PRECHECK_FAIL]: -1
[PRECHECK_FAIL]: -1
[PRECHECK_FAIL]: -1
[PRECHECK_FAIL]: -1
[PRECHECK_FAIL]: -1
[PRECHECK_FAIL]: -1
[PRECHECK_FAIL]: -1
[PRECHECK_FAIL]: -1
[PRECHECK_FAIL]: -1
[PRECHECK_FAIL]: -1
[PRECHECK_FAIL]: -1
[PRECHECK_FAIL]: -1
[PRECHECK_FAIL]: -1
[PRECHECK_FAIL]: -1
[PRECHECK_FAIL]: -1
[PRECHECK_FAIL]: -1
[PRECHECK_FAIL]: -1
[PRECHECK_FAIL]: -1
[PRECHECK_FAIL]: -1
[PRECHECK_FAIL]: -1
[PRECHECK_FAIL]: -1
[PRECHECK_FAIL]: -1
[PRECHECK_FAIL]: -1
[PRECHECK_FAIL]: -1
[PRECHECK_FAIL]: -1
[PRECHECK_FAIL]: -1
[PRECHECK_FAIL]: -1
[PRECHECK_FAIL]: -1
[PRECHECK_FAIL]: -1
[PRECHECK_FAIL]: -1
[PRECHECK_FAIL]: -1
[PRECHECK_FAIL]: -1
[PRECHECK_FAIL]: -1
[PRECHECK_FAIL]: -1
[PRECHECK_FAIL]: -1
[PRECHECK_FAIL]: -1
[PRECHECK_FAIL]: -1
[PRECHECK_FAIL]: -1
[PRECHECK_FAIL]: -1
[PRECHECK_FAIL]: -1
[PRECHECK_FAIL]: -1
[PRECHECK_FAIL]: -1
[PRECHECK_FAIL]: -1
[PRECHECK_FAIL]: -1
[PRECHECK_FAIL]: -1
[PRECHECK_FAIL]: -1
[PRECHECK_FAIL]: -1
[PRECHECK_FAIL]: -1
[PRECHECK_FAIL]: -1
[PRECHECK_FAIL]: -1
[PRECHECK_FAIL]: -1
[PRECHECK_FAIL]: -1
[PRECHECK_FAIL]: -1
[PRECHECK_FAIL]: -1
[PRECHECK_FAIL]: -1
[PRECHECK_FAIL]: -1
[PRECHECK_FAIL]: -1
[PRECHECK_FAIL]: -1
[PRECHECK_FAIL]: -1
[PRECHECK_FAIL]: -1
[PRECHECK_FAIL]: -1
[PRECHECK_FAIL]: -1
[PRECHECK_FAIL]: -1
[PRECHECK_FAIL]: -1
[PRECHECK_FAIL]: -1
[PRECHECK_FAIL]: -1
[PRECHECK_FAIL]: -1
[PRECHECK_FAIL]: -1
[PRECHECK_FAIL]: -1
[PRECHECK_FAIL]: -1
[PRECHECK_FAIL]: -1
[PRECHECK_FAIL]: -1
[PRECHECK_FAIL]: -1
[PRECHECK_FAIL]: -1
[PRECHECK_FAIL]: -1
[PRECHECK_FAIL]: -1
[PRECHECK_FAIL]: -1
[PRECHECK_FAIL]: -1
[PRECHECK_FAIL]: -1
[PRECHECK_FAIL]: -1
[PRECHECK_FAIL]: -1
[PRECHECK_FAIL]: -1
[PRECHECK_FAIL]: -1
[PRECHECK_FAIL]: -1
[PRECHECK_FAIL]: -1
[PRECHECK_FAIL]: -1
[PRECHECK_FAIL]: -1
[PRECHECK_FAIL]: -1
[PRECHECK_FAIL]: -1
[PRECHECK_FAIL]: -1
[PRECHECK_FAIL]: -1
[PRECHECK_FAIL]: -1
[PRECHECK_FAIL]: -1
[PRECHECK_FAIL]: -1
[PRECHECK_FAIL]: -1
[PRECHECK_FAIL]: -1
[PRECHECK_FAIL]: -1
[PRECHECK_FAIL]: -1
[PRECHECK_FAIL]: -1
[PRECHECK_FAIL]: -1
[PRECHECK_FAIL]: -1
[PRECHECK_FAIL]: -1
[PRECHECK_FAIL]: -1
[PRECHECK_FAIL]: -1
[PRECHECK_FAIL]: -1
[PRECHECK_FAIL]: -1
[PRECHECK_FAIL]: -1
[PRECHECK_FAIL]: -1
[PRECHECK_FAIL]: -1
[PRECHECK_FAIL]: -1
[PRECHECK_FAIL]: -1
[PRECHECK_FAIL]: -1
[PRECHECK_FAIL]: -1
[PRECHECK_FAIL]: -1
[PRECHECK_FAIL]: -1
[PRECHECK_FAIL]: -1
[PRECHECK_FAIL]: -1
[PRECHECK_FAIL]: -1
[PRECHECK_FAIL]: -1
[PRECHECK_FAIL]: -1
[PRECHECK_FAIL]: -1
[PRECHECK_FAIL]: -1
[PRECHECK_FAIL]: -1
[PRECHECK_FAIL]: -1
[PRECHECK_FAIL]: -1
[PRECHECK_FAIL]: -1
[PRECHECK_FAIL]: -1
[PRECHECK_FAIL]: -1
[PRECHECK_FAIL]: -1
[PRECHECK_FAIL]: -1
[PRECHECK_FAIL]: -1
[PRECHECK_FAIL]: -1
[PRECHECK_FAIL]: -1
[PRECHECK_FAIL]: -1
[PRECHECK_FAIL]: -1
[PRECHECK_FAIL]: -1
[PRECHECK_FAIL]: -1
[PRECHECK_FAIL]: -1
[PRECHECK_FAIL]: -1
[PRECHECK_FAIL]: -1
[PRECHECK_FAIL]: -1
[PRECHECK_FAIL]: -1
[PRECHECK_FAIL]: -1
[PRECHECK_FAIL]: -1
[PRECHECK_FAIL]: -1
[PRECHECK_FAIL]: -1
[PRECHECK_FAIL]: -1
[PRECHECK_FAIL]: -1
[PRECHECK_FAIL]: -1
[PRECHECK_FAIL]: -1
[PRECHECK_FAIL]: -1
[PRECHECK_FAIL]: -1
[PRECHECK_FAIL]: -1
[PRECHECK_FAIL]: -1
[PRECHECK_FAIL]: -1
[PRECHECK_FAIL]: -1
[PRECHECK_FAIL]: -1
[PRECHECK_FAIL]: -1
[PRECHECK_FAIL]: -1
[PRECHECK_FAIL]: -1
[PRECHECK_FAIL]: -1
[PRECHECK_FAIL]: -1
[PRECHECK_FAIL]: -1
[PRECHECK_FAIL]: -1
[PRECHECK_FAIL]: -1
[PRECHECK_FAIL]: -1
[PRECHECK_FAIL]: -1
[PRECHECK_FAIL]: -1
[PRECHECK_FAIL]: -1
[PRECHECK_FAIL]: -1
[PRECHECK_FAIL]: -1
[PRECHECK_FAIL]: -1
[PRECHECK_FAIL]: -1
[PRECHECK_FAIL]: -1
[PRECHECK_FAIL]: -1
[PRECHECK_FAIL]: -1
[PRECHECK_FAIL]: -1
[PRECHECK_FAIL]: -1
[PRECHECK_FAIL]: -1
[PRECHECK_FAIL]: -1
[PRECHECK_FAIL]: -1
[PRECHECK_FAIL]: -1
[PRECHECK_FAIL]: -1
[PRECHECK_FAIL]: -1
[PRECHECK_FAIL]: -1
[PRECHECK_FAIL]: -1
[PRECHECK_FAIL]: -1
[PRECHECK_FAIL]: -1
[PRECHECK_FAIL]: -1
[PRECHECK_FAIL]: -1
[PRECHECK_FAIL]: -1
[PRECHECK_FAIL]: -1
[PRECHECK_FAIL]: -1
[PRECHECK_FAIL]: -1
[PRECHECK_FAIL]: -1
[PRECHECK_FAIL]: -1
[PRECHECK_FAIL]: -1
[PRECHECK_FAIL]: -1
[PRECHECK_FAIL]: -1
[PRECHECK_FAIL]: -1
[PRECHECK_FAIL]: -1
[PRECHECK_FAIL]: -1
[PRECHECK_FAIL]: -1
[PRECHECK_FAIL]: -1
[PRECHECK_FAIL]: -1
[PRECHECK_FAIL]: -1
[PRECHECK_FAIL]: -1
[PRECHECK_FAIL]: -1
[PRECHECK_FAIL]: -1
[PRECHECK_FAIL]: -1
[PRECHECK_FAIL]: -1
[PRECHECK_FAIL]: -1
[PRECHECK_FAIL]: -1
[PRECHECK_FAIL]: -1
[PRECHECK_FAIL]: -1
[PRECHECK_FAIL]: -1
[PRECHECK_FAIL]: -1
[PRECHECK_FAIL]: -1
[PRECHECK_FAIL]: -1
[PRECHECK_FAIL]: -1
[PRECHECK_FAIL]: -1
[PRECHECK_FAIL]: -1
[PRECHECK_FAIL]: -1
[PRECHECK_FAIL]: -1
[PRECHECK_FAIL]: -1
[PRECHECK_FAIL]: -1
[PRECHECK_FAIL]: -1
[PRECHECK_FAIL]: -1
[PRECHECK_FAIL]: -1
[PRECHECK_FAIL]: -1
[PRECHECK_FAIL]: -1
[PRECHECK_FAIL]: -1
[PRECHECK_FAIL]: -1
[PRECHECK_FAIL]: -1
[PRECHECK_FAIL]: -1
[PRECHECK_FAIL]: -1
[PRECHECK_FAIL]: -1
[PRECHECK_FAIL]: -1
[PRECHECK_FAIL]: -1
[PRECHECK_FAIL]: -1
[PRECHECK_FAIL]: -1
[PRECHECK_FAIL]: -1
[PRECHECK_FAIL]: -1
[PRECHECK_FAIL]: -1
[PRECHECK_FAIL]: -1
[PRECHECK_FAIL]: -1
[PRECHECK_FAIL]: -1
[PRECHECK_FAIL]: -1
[PRECHECK_FAIL]: -1
[PRECHECK_FAIL]: -1
[PRECHECK_FAIL]: -1
[PRECHECK_FAIL]: -1
[PRECHECK_FAIL]: -1
[PRECHECK_FAIL]: -1
[PRECHECK_FAIL]: -1
[PRECHECK_FAIL]: -1
[PRECHECK_FAIL]: -1
[PRECHECK_FAIL]: -1
[PRECHECK_FAIL]: -1
[PRECHECK_FAIL]: -1
[PRECHECK_FAIL]: -1
[PRECHECK_FAIL]: -1
[PRECHECK_FAIL]: -1
[PRECHECK_FAIL]: -1
[PRECHECK_FAIL]: -1
[PRECHECK_FAIL]: -1
[PRECHECK_FAIL]: -1
[PRECHECK_FAIL]: -1
[PRECHECK_FAIL]: -1
[PRECHECK_FAIL]: -1
[PRECHECK_FAIL]: -1
[PRECHECK_FAIL]: -1
[PRECHECK_FAIL]: -1
[PRECHECK_FAIL]: -1
[PRECHECK_FAIL]: -1
[PRECHECK_FAIL]: -1
[PRECHECK_FAIL]: -1
[PRECHECK_FAIL]: -1
[PRECHECK_FAIL]: -1
[PRECHECK_FAIL]: -1
[PRECHECK_FAIL]: -1
[PRECHECK_FAIL]: -1
[PRECHECK_FAIL]: -1
[PRECHECK_FAIL]: -1
[PRECHECK_FAIL]: -1
[PRECHECK_FAIL]: -1
[PRECHECK_FAIL]: -1
[PRECHECK_FAIL]: -1
[PRECHECK_FAIL]: -1
[PRECHECK_FAIL]: -1
[PRECHECK_FAIL]: -1
[PRECHECK_FAIL]: -1
[PRECHECK_FAIL]: -1
[PRECHECK_FAIL]: -1
[PRECHECK_FAIL]: -1
[PRECHECK_FAIL]: -1
[PRECHECK_FAIL]: -1
[PRECHECK_FAIL]: -1
[PRECHECK_FAIL]: -1
[PRECHECK_FAIL]: -1
[PRECHECK_FAIL]: -1
[PRECHECK_FAIL]: -1
[PRECHECK_FAIL]: -1
[PRECHECK_FAIL]: -1
[PRECHECK_FAIL]: -1
[PRECHECK_FAIL]: -1
[PRECHECK_FAIL]: -1
[PRECHECK_FAIL]: -1
[PRECHECK_FAIL]: -1
[PRECHECK_FAIL]: -1
[PRECHECK_FAIL]: -1
[PRECHECK_FAIL]: -1
[PRECHECK_FAIL]: -1
[PRECHECK_FAIL]: -1
[PRECHECK_FAIL]: -1
[PRECHECK_FAIL]: -1
[PRECHECK_FAIL]: -1
[PRECHECK_FAIL]: -1
[PRECHECK_FAIL]: -1
[PRECHECK_FAIL]: -1
[PRECHECK_FAIL]: -1
[PRECHECK_FAIL]: -1
[PRECHECK_FAIL]: -1
[PRECHECK_FAIL]: -1
[PRECHECK_FAIL]: -1
[PRECHECK_FAIL]: -1
[PRECHECK_FAIL]: -1
[PRECHECK_FAIL]: -1
[PRECHECK_FAIL]: -1
[PRECHECK_FAIL]: -1
[PRECHECK_FAIL]: -1
[PRECHECK_FAIL]: -1
[PRECHECK_FAIL]: -1
[PRECHECK_FAIL]: -1
[PRECHECK_FAIL]: -1
[PRECHECK_FAIL]: -1
[PRECHECK_FAIL]: -1
[PRECHECK_FAIL]: -1
[PRECHECK_FAIL]: -1
[PRECHECK_FAIL]: -1
[PRECHECK_FAIL]: -1
[PRECHECK_FAIL]: -1
[PRECHECK_FAIL]: -1
[PRECHECK_FAIL]: -1
[PRECHECK_FAIL]: -1
[PRECHECK_FAIL]: -1
[PRECHECK_FAIL]: -1
[PRECHECK_FAIL]: -1
[PRECHECK_FAIL]: -1
[PRECHECK_FAIL]: -1
[PRECHECK_FAIL]: -1
[PRECHECK_FAIL]: -1
[PRECHECK_FAIL]: -1
[PRECHECK_FAIL]: -1
[PRECHECK_FAIL]: -1
[PRECHECK_FAIL]: -1
[PRECHECK_FAIL]: -1
[PRECHECK_FAIL]: -1
[PRECHECK_FAIL]: -1
[PRECHECK_FAIL]: -1
[PRECHECK_FAIL]: -1
[PRECHECK_FAIL]: -1
[PRECHECK_FAIL]: -1
[PRECHECK_FAIL]: -1
[PRECHECK_FAIL]: -1
[PRECHECK_FAIL]: -1
[PRECHECK_FAIL]: -1
[PRECHECK_FAIL]: -1
[PRECHECK_FAIL]: -1
[PRECHECK_FAIL]: -1
[PRECHECK_FAIL]: -1
[PRECHECK_FAIL]: -1
[PRECHECK_FAIL]: -1
[PRECHECK_FAIL]: -1
[PRECHECK_FAIL]: -1
[PRECHECK_FAIL]: -1
[PRECHECK_FAIL]: -1
[PRECHECK_FAIL]: -1
[PRECHECK_FAIL]: -1
[PRECHECK_FAIL]: -1
[PRECHECK_FAIL]: -1
[PRECHECK_FAIL]: -1
[PRECHECK_FAIL]: -1
[PRECHECK_FAIL]: -1
[PRECHECK_FAIL]: -1
[PRECHECK_FAIL]: -1
[PRECHECK_FAIL]: -1
[PRECHECK_FAIL]: -1
[PRECHECK_FAIL]: -1
[PRECHECK_FAIL]: -1
[PRECHECK_FAIL]: -1
[PRECHECK_FAIL]: -1
[PRECHECK_FAIL]: -1
[PRECHECK_FAIL]: -1
[PRECHECK_FAIL]: -1
[PRECHECK_FAIL]: -1
[PRECHECK_FAIL]: -1
[PRECHECK_FAIL]: -1
[PRECHECK_FAIL]: -1
[PRECHECK_FAIL]: -1
[PRECHECK_FAIL]: -1
[PRECHECK_FAIL]: -1
[PRECHECK_FAIL]: -1
[PRECHECK_FAIL]: -1
[PRECHECK_FAIL]: -1
[PRECHECK_FAIL]: -1
[PRECHECK_FAIL]: -1
[PRECHECK_FAIL]: -1
[PRECHECK_FAIL]: -1
[PRECHECK_FAIL]: -1
[PRECHECK_FAIL]: -1
[PRECHECK_FAIL]: -1
[PRECHECK_FAIL]: -1
[PRECHECK_FAIL]: -1
[PRECHECK_FAIL]: -1
[PRECHECK_FAIL]: -1
[PRECHECK_FAIL]: -1
[PRECHECK_FAIL]: -1
[PRECHECK_FAIL]: -1
[PRECHECK_FAIL]: -1
[PRECHECK_FAIL]: -1
[PRECHECK_FAIL]: -1
[PRECHECK_FAIL]: -1
[PRECHECK_FAIL]: -1
[PRECHECK_FAIL]: -1
[PRECHECK_FAIL]: -1
[PRECHECK_FAIL]: -1
[PRECHECK_FAIL]: -1
[PRECHECK_FAIL]: -1
[PRECHECK_FAIL]: -1
[PRECHECK_FAIL]: -1
[PRECHECK_FAIL]: -1
[PRECHECK_FAIL]: -1
[PRECHECK_FAIL]: -1
[PRECHECK_FAIL]: -1
[PRECHECK_FAIL]: -1
[PRECHECK_FAIL]: -1
[PRECHECK_FAIL]: -1
[PRECHECK_FAIL]: -1
[PRECHECK_FAIL]: -1
[PRECHECK_FAIL]: -1
[PRECHECK_FAIL]: -1
[PRECHECK_FAIL]: -1
[PRECHECK_FAIL]: -1
[PRECHECK_FAIL]: -1
[PRECHECK_FAIL]: -1
[PRECHECK_FAIL]: -1
[PRECHECK_FAIL]: -1
[PRECHECK_FAIL]: -1
[PRECHECK_FAIL]: -1
[PRECHECK_FAIL]: -1
[PRECHECK_FAIL]: -1
[PRECHECK_FAIL]: -1
[PRECHECK_FAIL]: -1
[PRECHECK_FAIL]: -1
[PRECHECK_FAIL]: -1
[PRECHECK_FAIL]: -1
[PRECHECK_FAIL]: -1
[PRECHECK_FAIL]: -1
[PRECHECK_FAIL]: -1
[PRECHECK_FAIL]: -1
[PRECHECK_FAIL]: -1
[PRECHECK_FAIL]: -1
[PRECHECK_FAIL]: -1
[PRECHECK_FAIL]: -1
[PRECHECK_FAIL]: -1
[PRECHECK_FAIL]: -1
[PRECHECK_FAIL]: -1
[PRECHECK_FAIL]: -1
[PRECHECK_FAIL]: -1
[PRECHECK_FAIL]: -1
[PRECHECK_FAIL]: -1
[PRECHECK_FAIL]: -1
[PRECHECK_FAIL]: -1
[PRECHECK_FAIL]: -1
[PRECHECK_FAIL]: -1
[PRECHECK_FAIL]: -1
[PRECHECK_FAIL]: -1
[PRECHECK_FAIL]: -1
[PRECHECK_FAIL]: -1
[PRECHECK_FAIL]: -1
[PRECHECK_FAIL]: -1
[PRECHECK_FAIL]: -1
[PRECHECK_FAIL]: -1
[PRECHECK_FAIL]: -1
[PRECHECK_FAIL]: -1
[PRECHECK_FAIL]: -1
[PRECHECK_FAIL]: -1
[PRECHECK_FAIL]: -1
[PRECHECK_FAIL]: -1
[PRECHECK_FAIL]: -1
[PRECHECK_FAIL]: -1
[PRECHECK_FAIL]: -1
[PRECHECK_FAIL]: -1
[PRECHECK_FAIL]: -1
[PRECHECK_FAIL]: -1
[PRECHECK_FAIL]: -1
[PRECHECK_FAIL]: -1
[PRECHECK_FAIL]: -1
[PRECHECK_FAIL]: -1
[PRECHECK_FAIL]: -1
[PRECHECK_FAIL]: -1
[PRECHECK_FAIL]: -1
[PRECHECK_FAIL]: -1
[PRECHECK_FAIL]: -1
[PRECHECK_FAIL]: -1
[PRECHECK_FAIL]: -1
[PRECHECK_FAIL]: -1
[PRECHECK_FAIL]: -1
[PRECHECK_FAIL]: -1
[PRECHECK_FAIL]: -1
[PRECHECK_FAIL]: -1
[PRECHECK_FAIL]: -1
[PRECHECK_FAIL]: -1
[PRECHECK_FAIL]: -1
[PRECHECK_FAIL]: -1
[PRECHECK_FAIL]: -1
[PRECHECK_FAIL]: -1
[PRECHECK_FAIL]: -1
[PRECHECK_FAIL]: -1
[PRECHECK_FAIL]: -1
[PRECHECK_FAIL]: -1
[PRECHECK_FAIL]: -1
[PRECHECK_FAIL]: -1
[PRECHECK_FAIL]: -1
[PRECHECK_FAIL]: -1
[PRECHECK_FAIL]: -1
[PRECHECK_FAIL]: -1
[PRECHECK_FAIL]: -1
[PRECHECK_FAIL]: -1
[PRECHECK_FAIL]: -1
[PRECHECK_FAIL]: -1
[PRECHECK_FAIL]: -1
[PRECHECK_FAIL]: -1
[PRECHECK_FAIL]: -1
[PRECHECK_FAIL]: -1
[PRECHECK_FAIL]: -1
[PRECHECK_FAIL]: -1
[PRECHECK_FAIL]: -1
[PRECHECK_FAIL]: -1
[PRECHECK_FAIL]: -1
[PRECHECK_FAIL]: -1
[PRECHECK_FAIL]: -1
[PRECHECK_FAIL]: -1
[PRECHECK_FAIL]: -1
[PRECHECK_FAIL]: -1
[PRECHECK_FAIL]: -1
[PRECHECK_FAIL]: -1
[PRECHECK_FAIL]: -1
[PRECHECK_FAIL]: -1
[PRECHECK_FAIL]: -1
[PRECHECK_FAIL]: -1
[PRECHECK_FAIL]: -1
[PRECHECK_FAIL]: -1
[PRECHECK_FAIL]: -1
[PRECHECK_FAIL]: -1
[PRECHECK_FAIL]: -1
[PRECHECK_FAIL]: -1
[PRECHECK_FAIL]: -1
[PRECHECK_FAIL]: -1
[PRECHECK_FAIL]: -1
[PRECHECK_FAIL]: -1
[PRECHECK_FAIL]: -1
[PRECHECK_FAIL]: -1
[PRECHECK_FAIL]: -1
[PRECHECK_FAIL]: -1
[PRECHECK_FAIL]: -1
[PRECHECK_FAIL]: -1
[PRECHECK_FAIL]: -1
[PRECHECK_FAIL]: -1
[PRECHECK_FAIL]: -1
[PRECHECK_FAIL]: -1
[PRECHECK_FAIL]: -1
[PRECHECK_FAIL]: -1
[PRECHECK_FAIL]: -1
[PRECHECK_FAIL]: -1
[PRECHECK_FAIL]: -1
[PRECHECK_FAIL]: -1
[PRECHECK_FAIL]: -1
[PRECHECK_FAIL]: -1
[PRECHECK_FAIL]: -1
[PRECHECK_FAIL]: -1
[PRECHECK_FAIL]: -1
[PRECHECK_FAIL]: -1
[PRECHECK_FAIL]: -1
[PRECHECK_FAIL]: -1
[PRECHECK_FAIL]: -1
[PRECHECK_FAIL]: -1
[PRECHECK_FAIL]: -1
[PRECHECK_FAIL]: -1
[PRECHECK_FAIL]: -1
[PRECHECK_FAIL]: -1
[PRECHECK_FAIL]: -1
[PRECHECK_FAIL]: -1
[PRECHECK_FAIL]: -1
[PRECHECK_FAIL]: -1
[PRECHECK_FAIL]: -1
[PRECHECK_FAIL]: -1
[PRECHECK_FAIL]: -1
[PRECHECK_FAIL]: -1
[PRECHECK_FAIL]: -1
[PRECHECK_FAIL]: -1
[PRECHECK_FAIL]: -1
[PRECHECK_FAIL]: -1
[PRECHECK_FAIL]: -1
[PRECHECK_FAIL]: -1
[PRECHECK_FAIL]: -1
[PRECHECK_FAIL]: -1
[PRECHECK_FAIL]: -1
[PRECHECK_FAIL]: -1
[PRECHECK_FAIL]: -1
[PRECHECK_FAIL]: -1
[PRECHECK_FAIL]: -1
[PRECHECK_FAIL]: -1
[PRECHECK_FAIL]: -1
[PRECHECK_FAIL]: -1
[PRECHECK_FAIL]: -1
[PRECHECK_FAIL]: -1
[PRECHECK_FAIL]: -1
[PRECHECK_FAIL]: -1
[PRECHECK_FAIL]: -1
[PRECHECK_FAIL]: -1
[PRECHECK_FAIL]: -1
[PRECHECK_FAIL]: -1
[PRECHECK_FAIL]: -1
[PRECHECK_FAIL]: -1
[PRECHECK_FAIL]: -1
[PRECHECK_FAIL]: -1
[PRECHECK_FAIL]: -1
[PRECHECK_FAIL]: -1
[PRECHECK_FAIL]: -1
[PRECHECK_FAIL]: -1
[PRECHECK_FAIL]: -1
[PRECHECK_FAIL]: -1
[PRECHECK_FAIL]: -1
[PRECHECK_FAIL]: -1
[PRECHECK_FAIL]: -1
[PRECHECK_FAIL]: -1
[PRECHECK_FAIL]: -1
[PRECHECK_FAIL]: -1
[PRECHECK_FAIL]: -1
[PRECHECK_FAIL]: -1
[PRECHECK_FAIL]: -1
[PRECHECK_FAIL]: -1
[PRECHECK_FAIL]: -1
[PRECHECK_FAIL]: -1
[PRECHECK_FAIL]: -1
[PRECHECK_FAIL]: -1
[PRECHECK_FAIL]: -1
[PRECHECK_FAIL]: -1
[PRECHECK_FAIL]: -1
[PRECHECK_FAIL]: -1
[PRECHECK_FAIL]: -1
[PRECHECK_FAIL]: -1
[PRECHECK_FAIL]: -1
[PRECHECK_FAIL]: -1
[PRECHECK_FAIL]: -1
[PRECHECK_FAIL]: -1
[PRECHECK_FAIL]: -1
[PRECHECK_FAIL]: -1
[PRECHECK_FAIL]: -1
[PRECHECK_FAIL]: -1
[PRECHECK_FAIL]: -1
[PRECHECK_FAIL]: -1
[PRECHECK_FAIL]: -1
[PRECHECK_FAIL]: -1
[PRECHECK_FAIL]: -1
[PRECHECK_FAIL]: -1
[PRECHECK_FAIL]: -1
[PRECHECK_FAIL]: -1
[PRECHECK_FAIL]: -1
[PRECHECK_FAIL]: -1
[PRECHECK_FAIL]: -1
[PRECHECK_FAIL]: -1
[PRECHECK_FAIL]: -1
[PRECHECK_FAIL]: -1
[PRECHECK_FAIL]: -1
[PRECHECK_FAIL]: -1
[PRECHECK_FAIL]: -1
[PRECHECK_FAIL]: -1
[PRECHECK_FAIL]: -1
[PRECHECK_FAIL]: -1
[PRECHECK_FAIL]: -1
[PRECHECK_FAIL]: -1
[PRECHECK_FAIL]: -1
[PRECHECK_FAIL]: -1
[PRECHECK_FAIL]: -1
[PRECHECK_FAIL]: -1
[PRECHECK_FAIL]: -1
[PRECHECK_FAIL]: -1
[PRECHECK_FAIL]: -1
[PRECHECK_FAIL]: -1
[PRECHECK_FAIL]: -1
[PRECHECK_FAIL]: -1
[PRECHECK_FAIL]: -1
[PRECHECK_FAIL]: -1
[PRECHECK_FAIL]: -1
[PRECHECK_FAIL]: -1
[PRECHECK_FAIL]: -1
[PRECHECK_FAIL]: -1
[PRECHECK_FAIL]: -1
[PRECHECK_FAIL]: -1
[PRECHECK_FAIL]: -1
[PRECHECK_FAIL]: -1
[PRECHECK_FAIL]: -1
[PRECHECK_FAIL]: -1
[PRECHECK_FAIL]: -1
[PRECHECK_FAIL]: -1
[PRECHECK_FAIL]: -1
[PRECHECK_FAIL]: -1
[PRECHECK_FAIL]: -1
[PRECHECK_FAIL]: -1
[PRECHECK_FAIL]: -1
[PRECHECK_FAIL]: -1
[PRECHECK_FAIL]: -1
[PRECHECK_FAIL]: -1
[PRECHECK_FAIL]: -1
[PRECHECK_FAIL]: -1
[PRECHECK_FAIL]: -1
[PRECHECK_FAIL]: -1
[PRECHECK_FAIL]: -1
[PRECHECK_FAIL]: -1
[PRECHECK_FAIL]: -1
[PRECHECK_FAIL]: -1
[PRECHECK_FAIL]: -1
[PRECHECK_FAIL]: -1
[PRECHECK_FAIL]: -1
[PRECHECK_FAIL]: -1
[PRECHECK_FAIL]: -1
[PRECHECK_FAIL]: -1
[PRECHECK_FAIL]: -1
[PRECHECK_FAIL]: -1
[PRECHECK_FAIL]: -1
[PRECHECK_FAIL]: -1
[PRECHECK_FAIL]: -1
[PRECHECK_FAIL]: -1
[PRECHECK_FAIL]: -1
[PRECHECK_FAIL]: -1
[PRECHECK_FAIL]: -1
[PRECHECK_FAIL]: -1
[PRECHECK_FAIL]: -1
[PRECHECK_FAIL]: -1
[PRECHECK_FAIL]: -1
[PRECHECK_FAIL]: -1
[PRECHECK_FAIL]: -1
[PRECHECK_FAIL]: -1
[PRECHECK_FAIL]: -1
[PRECHECK_FAIL]: -1
[PRECHECK_FAIL]: -1
[PRECHECK_FAIL]: -1
[PRECHECK_FAIL]: -1
[PRECHECK_FAIL]: -1
[PRECHECK_FAIL]: -1
[PRECHECK_FAIL]: -1
[PRECHECK_FAIL]: -1
[PRECHECK_FAIL]: -1
[PRECHECK_FAIL]: -1
[PRECHECK_FAIL]: -1
[PRECHECK_FAIL]: -1
[PRECHECK_FAIL]: -1
[PRECHECK_FAIL]: -1
[PRECHECK_FAIL]: -1
[PRECHECK_FAIL]: -1
[PRECHECK_FAIL]: -1
[PRECHECK_FAIL]: -1
[PRECHECK_FAIL]: -1
[PRECHECK_FAIL]: -1
[PRECHECK_FAIL]: -1
[PRECHECK_FAIL]: -1
[PRECHECK_FAIL]: -1
[PRECHECK_FAIL]: -1
[PRECHECK_FAIL]: -1
[PRECHECK_FAIL]: -1
[PRECHECK_FAIL]: -1
[PRECHECK_FAIL]: -1
[PRECHECK_FAIL]: -1
[PRECHECK_FAIL]: -1
[PRECHECK_FAIL]: -1
[PRECHECK_FAIL]: -1
[PRECHECK_FAIL]: -1
[PRECHECK_FAIL]: -1
[PRECHECK_FAIL]: -1
[PRECHECK_FAIL]: -1
[PRECHECK_FAIL]: -1
[PRECHECK_FAIL]: -1
[PRECHECK_FAIL]: -1
[PRECHECK_FAIL]: -1
[PRECHECK_FAIL]: -1
[PRECHECK_FAIL]: -1
[PRECHECK_FAIL]: -1
[PRECHECK_FAIL]: -1
[PRECHECK_FAIL]: -1
[PRECHECK_FAIL]: -1
[PRECHECK_FAIL]: -1
[PRECHECK_FAIL]: -1
[PRECHECK_FAIL]: -1
[PRECHECK_FAIL]: -1
[PRECHECK_FAIL]: -1
[PRECHECK_FAIL]: -1
[PRECHECK_FAIL]: -1
[PRECHECK_FAIL]: -1
[PRECHECK_FAIL]: -1
[PRECHECK_FAIL]: -1
[PRECHECK_FAIL]: -1
[PRECHECK_FAIL]: -1
[PRECHECK_FAIL]: -1
[PRECHECK_FAIL]: -1
[PRECHECK_FAIL]: -1
[PRECHECK_FAIL]: -1
[PRECHECK_FAIL]: -1
[PRECHECK_FAIL]: -1
[PRECHECK_FAIL]: -1
[PRECHECK_FAIL]: -1
[PRECHECK_FAIL]: -1
[PRECHECK_FAIL]: -1
[PRECHECK_FAIL]: -1
[PRECHECK_FAIL]: -1
[PRECHECK_FAIL]: -1
[PRECHECK_FAIL]: -1
[PRECHECK_FAIL]: -1
[PRECHECK_FAIL]: -1
[PRECHECK_FAIL]: -1
[PRECHECK_FAIL]: -1
[PRECHECK_FAIL]: -1
[PRECHECK_FAIL]: -1
[PRECHECK_FAIL]: -1
[PRECHECK_FAIL]: -1
[PRECHECK_FAIL]: -1
[PRECHECK_FAIL]: -1
[PRECHECK_FAIL]: -1
[PRECHECK_FAIL]: -1
[PRECHECK_FAIL]: -1
[PRECHECK_FAIL]: -1
[PRECHECK_FAIL]: -1
[PRECHECK_FAIL]: -1
[PRECHECK_FAIL]: -1
[PRECHECK_FAIL]: -1
[PRECHECK_FAIL]: -1
[PRECHECK_FAIL]: -1
[PRECHECK_FAIL]: -1
[PRECHECK_FAIL]: -1
[PRECHECK_FAIL]: -1
[PRECHECK_FAIL]: -1
[PRECHECK_FAIL]: -1
[PRECHECK_FAIL]: -1
[PRECHECK_FAIL]: -1
[PRECHECK_FAIL]: -1
[PRECHECK_FAIL]: -1
[PRECHECK_FAIL]: -1
[PRECHECK_FAIL]: -1
[PRECHECK_FAIL]: -1
[PRECHECK_FAIL]: -1
[PRECHECK_FAIL]: -1
[PRECHECK_FAIL]: -1
[PRECHECK_FAIL]: -1
[PRECHECK_FAIL]: -1
[PRECHECK_FAIL]: -1
[PRECHECK_FAIL]: -1
[PRECHECK_FAIL]: -1
[PRECHECK_FAIL]: -1
[PRECHECK_FAIL]: -1
[PRECHECK_FAIL]: -1
[PRECHECK_FAIL]: -1
[PRECHECK_FAIL]: -1
[PRECHECK_FAIL]: -1
[PRECHECK_FAIL]: -1
[PRECHECK_FAIL]: -1
[PRECHECK_FAIL]: -1
[PRECHECK_FAIL]: -1
[PRECHECK_FAIL]: -1
[PRECHECK_FAIL]: -1
[PRECHECK_FAIL]: -1
[PRECHECK_FAIL]: -1
[PRECHECK_FAIL]: -1
[PRECHECK_FAIL]: -1
[PRECHECK_FAIL]: -1
[PRECHECK_FAIL]: -1
[PRECHECK_FAIL]: -1
[PRECHECK_FAIL]: -1
[PRECHECK_FAIL]: -1
[PRECHECK_FAIL]: -1
[PRECHECK_FAIL]: -1
[PRECHECK_FAIL]: -1
[PRECHECK_FAIL]: -1
[PRECHECK_FAIL]: -1
[PRECHECK_FAIL]: -1
[PRECHECK_FAIL]: -1
[PRECHECK_FAIL]: -1
[PRECHECK_FAIL]: -1
[PRECHECK_FAIL]: -1
[PRECHECK_FAIL]: -1
[PRECHECK_FAIL]: -1
[PRECHECK_FAIL]: -1
[PRECHECK_FAIL]: -1
[PRECHECK_FAIL]: -1
[PRECHECK_FAIL]: -1
[PRECHECK_FAIL]: -1
[PRECHECK_FAIL]: -1
[PRECHECK_FAIL]: -1
[PRECHECK_FAIL]: -1
[PRECHECK_FAIL]: -1
[PRECHECK_FAIL]: -1
[PRECHECK_FAIL]: -1
[PRECHECK_FAIL]: -1
[PRECHECK_FAIL]: -1
[PRECHECK_FAIL]: -1
[PRECHECK_FAIL]: -1
[PRECHECK_FAIL]: -1
[PRECHECK_FAIL]: -1
[PRECHECK_FAIL]: -1
[PRECHECK_FAIL]: -1
[PRECHECK_FAIL]: -1
[PRECHECK_FAIL]: -1
[PRECHECK_FAIL]: -1
[PRECHECK_FAIL]: -1
[PRECHECK_FAIL]: -1
[PRECHECK_FAIL]: -1
[PRECHECK_FAIL]: -1
[PRECHECK_FAIL]: -1
[PRECHECK_FAIL]: -1
[PRECHECK_FAIL]: -1
[PRECHECK_FAIL]: -1
[PRECHECK_FAIL]: -1
[PRECHECK_FAIL]: -1
[PRECHECK_FAIL]: -1
[PRECHECK_FAIL]: -1
[PRECHECK_FAIL]: -1
[PRECHECK_FAIL]: -1
[PRECHECK_FAIL]: -1
[PRECHECK_FAIL]: -1
[PRECHECK_FAIL]: -1
[PRECHECK_FAIL]: -1
[PRECHECK_FAIL]: -1
[PRECHECK_FAIL]: -1
[PRECHECK_FAIL]: -1
[PRECHECK_FAIL]: -1
[PRECHECK_FAIL]: -1
[PRECHECK_FAIL]: -1
[PRECHECK_FAIL]: -1
[PRECHECK_FAIL]: -1
[PRECHECK_FAIL]: -1
[PRECHECK_FAIL]: -1
[PRECHECK_FAIL]: -1
[PRECHECK_FAIL]: -1
[PRECHECK_FAIL]: -1
[PRECHECK_FAIL]: -1
[PRECHECK_FAIL]: -1
[PRECHECK_FAIL]: -1
[PRECHECK_FAIL]: -1
[PRECHECK_FAIL]: -1
[PRECHECK_FAIL]: -1
[PRECHECK_FAIL]: -1
[PRECHECK_FAIL]: -1
[PRECHECK_FAIL]: -1
[PRECHECK_FAIL]: -1
[PRECHECK_FAIL]: -1
[PRECHECK_FAIL]: -1
[PRECHECK_FAIL]: -1
[PRECHECK_FAIL]: -1
[PRECHECK_FAIL]: -1
[PRECHECK_FAIL]: -1
[PRECHECK_FAIL]: -1
[PRECHECK_FAIL]: -1
[PRECHECK_FAIL]: -1
[PRECHECK_FAIL]: -1
[PRECHECK_FAIL]: -1
[PRECHECK_FAIL]: -1
[PRECHECK_FAIL]: -1
[PRECHECK_FAIL]: -1
[PRECHECK_FAIL]: -1
[PRECHECK_FAIL]: -1
[PRECHECK_FAIL]: -1
[PRECHECK_FAIL]: -1
[PRECHECK_FAIL]: -1
[PRECHECK_FAIL]: -1
[PRECHECK_FAIL]: -1
[PRECHECK_FAIL]: -1
[PRECHECK_FAIL]: -1
[PRECHECK_FAIL]: -1
[PRECHECK_FAIL]: -1
[PRECHECK_FAIL]: -1
[PRECHECK_FAIL]: -1
[PRECHECK_FAIL]: -1
[PRECHECK_FAIL]: -1
[PRECHECK_FAIL]: -1
[PRECHECK_FAIL]: -1
[PRECHECK_FAIL]: -1
[PRECHECK_FAIL]: -1
[PRECHECK_FAIL]: -1
[PRECHECK_FAIL]: -1
[PRECHECK_FAIL]: -1
[PRECHECK_FAIL]: -1
[PRECHECK_FAIL]: -1
[PRECHECK_FAIL]: -1
[PRECHECK_FAIL]: -1
[PRECHECK_FAIL]: -1
[PRECHECK_FAIL]: -1
[PRECHECK_FAIL]: -1
[PRECHECK_FAIL]: -1
[PRECHECK_FAIL]: -1
[PRECHECK_FAIL]: -1
[PRECHECK_FAIL]: -1
[PRECHECK_FAIL]: -1
[PRECHECK_FAIL]: -1
[PRECHECK_FAIL]: -1
[PRECHECK_FAIL]: -1
[PRECHECK_FAIL]: -1
[PRECHECK_FAIL]: -1
[PRECHECK_FAIL]: -1
[PRECHECK_FAIL]: -1
[PRECHECK_FAIL]: -1
[PRECHECK_FAIL]: -1
[PRECHECK_FAIL]: -1
[PRECHECK_FAIL]: -1
[PRECHECK_FAIL]: -1
[PRECHECK_FAIL]: -1
[PRECHECK_FAIL]: -1
[PRECHECK_FAIL]: -1
[PRECHECK_FAIL]: -1
[PRECHECK_FAIL]: -1
[PRECHECK_FAIL]: -1
[PRECHECK_FAIL]: -1
[PRECHECK_FAIL]: -1
[PRECHECK_FAIL]: -1
[PRECHECK_FAIL]: -1
[PRECHECK_FAIL]: -1
[PRECHECK_FAIL]: -1
[PRECHECK_FAIL]: -1
[PRECHECK_FAIL]: -1
[PRECHECK_FAIL]: -1
[PRECHECK_FAIL]: -1
[PRECHECK_FAIL]: -1
[PRECHECK_FAIL]: -1
[PRECHECK_FAIL]: -1
[PRECHECK_FAIL]: -1
[PRECHECK_FAIL]: -1
[PRECHECK_FAIL]: -1
[PRECHECK_FAIL]: -1
[PRECHECK_FAIL]: -1
[PRECHECK_FAIL]: -1
[PRECHECK_FAIL]: -1
[PRECHECK_FAIL]: -1
[PRECHECK_FAIL]: -1
[PRECHECK_FAIL]: -1
[PRECHECK_FAIL]: -1
[PRECHECK_FAIL]: -1
[PRECHECK_FAIL]: -1
[PRECHECK_FAIL]: -1
[PRECHECK_FAIL]: -1
[PRECHECK_FAIL]: -1
[PRECHECK_FAIL]: -1
[PRECHECK_FAIL]: -1
[PRECHECK_FAIL]: -1
[PRECHECK_FAIL]: -1
[PRECHECK_FAIL]: -1
[PRECHECK_FAIL]: -1
[PRECHECK_FAIL]: -1
[PRECHECK_FAIL]: -1
[PRECHECK_FAIL]: -1
[PRECHECK_FAIL]: -1
[PRECHECK_FAIL]: -1
[PRECHECK_FAIL]: -1
[PRECHECK_FAIL]: -1
[PRECHECK_FAIL]: -1
[PRECHECK_FAIL]: -1
[PRECHECK_FAIL]: -1
[PRECHECK_FAIL]: -1
[PRECHECK_FAIL]: -1
[PRECHECK_FAIL]: -1
[PRECHECK_FAIL]: -1
[PRECHECK_FAIL]: -1
[PRECHECK_FAIL]: -1
[PRECHECK_FAIL]: -1
[PRECHECK_FAIL]: -1
[PRECHECK_FAIL]: -1
[PRECHECK_FAIL]: -1
[PRECHECK_FAIL]: -1
[PRECHECK_FAIL]: -1
[PRECHECK_FAIL]: -1
[PRECHECK_FAIL]: -1
[PRECHECK_FAIL]: -1
[PRECHECK_FAIL]: -1
[PRECHECK_FAIL]: -1
[PRECHECK_FAIL]: -1
[PRECHECK_FAIL]: -1
[PRECHECK_FAIL]: -1
[PRECHECK_FAIL]: -1
[PRECHECK_FAIL]: -1
[PRECHECK_FAIL]: -1
[PRECHECK_FAIL]: -1
[PRECHECK_FAIL]: -1
[PRECHECK_FAIL]: -1
[PRECHECK_FAIL]: -1
[PRECHECK_FAIL]: -1
[PRECHECK_FAIL]: -1
[PRECHECK_FAIL]: -1
[PRECHECK_FAIL]: -1
[PRECHECK_FAIL]: -1
[PRECHECK_FAIL]: -1
[PRECHECK_FAIL]: -1
[PRECHECK_FAIL]: -1
[PRECHECK_FAIL]: -1
[PRECHECK_FAIL]: -1
[PRECHECK_FAIL]: -1
[PRECHECK_FAIL]: -1
[PRECHECK_FAIL]: -1
[PRECHECK_FAIL]: -1
[PRECHECK_FAIL]: -1
[PRECHECK_FAIL]: -1
[PRECHECK_FAIL]: -1
[PRECHECK_FAIL]: -1
[PRECHECK_FAIL]: -1
[PRECHECK_FAIL]: -1
[PRECHECK_FAIL]: -1
[PRECHECK_FAIL]: -1
[PRECHECK_FAIL]: -1
[PRECHECK_FAIL]: -1
[PRECHECK_FAIL]: -1
[PRECHECK_FAIL]: -1
[PRECHECK_FAIL]: -1
[PRECHECK_FAIL]: -1
[PRECHECK_FAIL]: -1
[PRECHECK_FAIL]: -1
[PRECHECK_FAIL]: -1
[PRECHECK_FAIL]: -1
[PRECHECK_FAIL]: -1
[PRECHECK_FAIL]: -1
[PRECHECK_FAIL]: -1
[PRECHECK_FAIL]: -1
[PRECHECK_FAIL]: -1
[PRECHECK_FAIL]: -1
[PRECHECK_FAIL]: -1
[PRECHECK_FAIL]: -1
[PRECHECK_FAIL]: -1
[PRECHECK_FAIL]: -1
[PRECHECK_FAIL]: -1
[PRECHECK_FAIL]: -1
[PRECHECK_FAIL]: -1
[PRECHECK_FAIL]: -1
[PRECHECK_FAIL]: -1
[PRECHECK_FAIL]: -1
[PRECHECK_FAIL]: -1
[PRECHECK_FAIL]: -1
[PRECHECK_FAIL]: -1
[PRECHECK_FAIL]: -1
[PRECHECK_FAIL]: -1
[PRECHECK_FAIL]: -1
[PRECHECK_FAIL]: -1
[PRECHECK_FAIL]: -1
[PRECHECK_FAIL]: -1
[PRECHECK_FAIL]: -1
[PRECHECK_FAIL]: -1
[PRECHECK_FAIL]: -1
[PRECHECK_FAIL]: -1
[PRECHECK_FAIL]: -1
[PRECHECK_FAIL]: -1
[PRECHECK_FAIL]: -1
[PRECHECK_FAIL]: -1
[PRECHECK_FAIL]: -1
[PRECHECK_FAIL]: -1
[PRECHECK_FAIL]: -1
[PRECHECK_FAIL]: -1
[PRECHECK_FAIL]: -1
[PRECHECK_FAIL]: -1
[PRECHECK_FAIL]: -1
[PRECHECK_FAIL]: -1
[PRECHECK_FAIL]: -1
[PRECHECK_FAIL]: -1
[PRECHECK_FAIL]: -1
[PRECHECK_FAIL]: -1
[PRECHECK_FAIL]: -1
[PRECHECK_FAIL]: -1
[PRECHECK_FAIL]: -1
[PRECHECK_FAIL]: -1
[PRECHECK_FAIL]: -1
[PRECHECK_FAIL]: -1
[PRECHECK_FAIL]: -1
[PRECHECK_FAIL]: -1
[PRECHECK_FAIL]: -1
[PRECHECK_FAIL]: -1
[PRECHECK_FAIL]: -1
[PRECHECK_FAIL]: -1
[PRECHECK_FAIL]: -1
[PRECHECK_FAIL]: -1
[PRECHECK_FAIL]: -1
[PRECHECK_FAIL]: -1
[PRECHECK_FAIL]: -1
[PRECHECK_FAIL]: -1
[PRECHECK_FAIL]: -1
[PRECHECK_FAIL]: -1
[PRECHECK_FAIL]: -1
[PRECHECK_FAIL]: -1
[PRECHECK_FAIL]: -1
[PRECHECK_FAIL]: -1
[PRECHECK_FAIL]: -1
[PRECHECK_FAIL]: -1
[PRECHECK_FAIL]: -1
[PRECHECK_FAIL]: -1
[PRECHECK_FAIL]: -1
[PRECHECK_FAIL]: -1
[PRECHECK_FAIL]: -1
[PRECHECK_FAIL]: -1
[PRECHECK_FAIL]: -1
[PRECHECK_FAIL]: -1
[PRECHECK_FAIL]: -1
[PRECHECK_FAIL]: -1
[PRECHECK_FAIL]: -1
[PRECHECK_FAIL]: -1
[PRECHECK_FAIL]: -1
[PRECHECK_FAIL]: -1
[PRECHECK_FAIL]: -1
[PRECHECK_FAIL]: -1
[PRECHECK_FAIL]: -1
[PRECHECK_FAIL]: -1
[PRECHECK_FAIL]: -1
[PRECHECK_FAIL]: -1
[PRECHECK_FAIL]: -1
[PRECHECK_FAIL]: -1
[PRECHECK_FAIL]: -1
[PRECHECK_FAIL]: -1
[PRECHECK_FAIL]: -1
[PRECHECK_FAIL]: -1
[PRECHECK_FAIL]: -1
[PRECHECK_FAIL]: -1
[PRECHECK_FAIL]: -1
[PRECHECK_FAIL]: -1
[PRECHECK_FAIL]: -1
[PRECHECK_FAIL]: -1
[PRECHECK_FAIL]: -1
[PRECHECK_FAIL]: -1
[PRECHECK_FAIL]: -1
[PRECHECK_FAIL]: -1
[PRECHECK_FAIL]: -1
[PRECHECK_FAIL]: -1
[PRECHECK_FAIL]: -1
[PRECHECK_FAIL]: -1
[PRECHECK_FAIL]: -1
[PRECHECK_FAIL]: -1
[PRECHECK_FAIL]: -1
[PRECHECK_FAIL]: -1
[PRECHECK_FAIL]: -1
[PRECHECK_FAIL]: -1
[PRECHECK_FAIL]: -1
[PRECHECK_FAIL]: -1
[PRECHECK_FAIL]: -1
[PRECHECK_FAIL]: -1
[PRECHECK_FAIL]: -1
[PRECHECK_FAIL]: -1
[PRECHECK_FAIL]: -1
[PRECHECK_FAIL]: -1
[PRECHECK_FAIL]: -1
[PRECHECK_FAIL]: -1
[PRECHECK_FAIL]: -1
[PRECHECK_FAIL]: -1
[PRECHECK_FAIL]: -1
[PRECHECK_FAIL]: -1
[PRECHECK_FAIL]: -1
[PRECHECK_FAIL]: -1
[PRECHECK_FAIL]: -1
[PRECHECK_FAIL]: -1
[PRECHECK_FAIL]: -1
[PRECHECK_FAIL]: -1
[PRECHECK_FAIL]: -1
[PRECHECK_FAIL]: -1
[PRECHECK_FAIL]: -1
[PRECHECK_FAIL]: -1
[PRECHECK_FAIL]: -1
[PRECHECK_FAIL]: -1
[PRECHECK_FAIL]: -1
[PRECHECK_FAIL]: -1
[PRECHECK_FAIL]: -1
[PRECHECK_FAIL]: -1
[PRECHECK_FAIL]: -1
[PRECHECK_FAIL]: -1
[PRECHECK_FAIL]: -1
[PRECHECK_FAIL]: -1
[PRECHECK_FAIL]: -1
[PRECHECK_FAIL]: -1
[PRECHECK_FAIL]: -1
[PRECHECK_FAIL]: -1
[PRECHECK_FAIL]: -1
[PRECHECK_FAIL]: -1
[PRECHECK_FAIL]: -1
[PRECHECK_FAIL]: -1
[PRECHECK_FAIL]: -1
[PRECHECK_FAIL]: -1
[PRECHECK_FAIL]: -1
[PRECHECK_FAIL]: -1
[PRECHECK_FAIL]: -1
[PRECHECK_FAIL]: -1
[PRECHECK_FAIL]: -1
[PRECHECK_FAIL]: -1
[PRECHECK_FAIL]: -1
[PRECHECK_FAIL]: -1
[PRECHECK_FAIL]: -1
[PRECHECK_FAIL]: -1
[PRECHECK_FAIL]: -1
[PRECHECK_FAIL]: -1
[PRECHECK_FAIL]: -1
[PRECHECK_FAIL]: -1
[PRECHECK_FAIL]: -1
[PRECHECK_FAIL]: -1
[PRECHECK_FAIL]: -1
[PRECHECK_FAIL]: -1
[PRECHECK_FAIL]: -1
[PRECHECK_FAIL]: -1
[PRECHECK_FAIL]: -1
[PRECHECK_FAIL]: -1
[PRECHECK_FAIL]: -1
[PRECHECK_FAIL]: -1
[PRECHECK_FAIL]: -1
[PRECHECK_FAIL]: -1
[PRECHECK_FAIL]: -1
[PRECHECK_FAIL]: -1
[PRECHECK_FAIL]: -1
[PRECHECK_FAIL]: -1
[PRECHECK_FAIL]: -1
[PRECHECK_FAIL]: -1
[PRECHECK_FAIL]: -1
[PRECHECK_FAIL]: -1
[PRECHECK_FAIL]: -1
[PRECHECK_FAIL]: -1
[PRECHECK_FAIL]: -1
[PRECHECK_FAIL]: -1
[PRECHECK_FAIL]: -1
[PRECHECK_FAIL]: -1
[PRECHECK_FAIL]: -1
[PRECHECK_FAIL]: -1
[PRECHECK_FAIL]: -1
[PRECHECK_FAIL]: -1
[PRECHECK_FAIL]: -1
[PRECHECK_FAIL]: -1
[PRECHECK_FAIL]: -1
[PRECHECK_FAIL]: -1
[PRECHECK_FAIL]: -1
[PRECHECK_FAIL]: -1
[PRECHECK_FAIL]: -1
[PRECHECK_FAIL]: -1
[PRECHECK_FAIL]: -1
[PRECHECK_FAIL]: -1
[PRECHECK_FAIL]: -1
[PRECHECK_FAIL]: -1
[PRECHECK_FAIL]: -1
[PRECHECK_FAIL]: -1
[PRECHECK_FAIL]: -1
[PRECHECK_FAIL]: -1
[PRECHECK_FAIL]: -1
[PRECHECK_FAIL]: -1
[PRECHECK_FAIL]: -1
[PRECHECK_FAIL]: -1
[PRECHECK_FAIL]: -1
[PRECHECK_FAIL]: -1
[PRECHECK_FAIL]: -1
[PRECHECK_FAIL]: -1
[PRECHECK_FAIL]: -1
[PRECHECK_FAIL]: -1
[PRECHECK_FAIL]: -1
[PRECHECK_FAIL]: -1
[PRECHECK_FAIL]: -1
[PRECHECK_FAIL]: -1
[PRECHECK_FAIL]: -1
[PRECHECK_FAIL]: -1
[PRECHECK_FAIL]: -1
[PRECHECK_FAIL]: -1
[PRECHECK_FAIL]: -1
[PRECHECK_FAIL]: -1
[PRECHECK_FAIL]: -1
[PRECHECK_FAIL]: -1
[PRECHECK_FAIL]: -1
[PRECHECK_FAIL]: -1
[PRECHECK_FAIL]: -1
[PRECHECK_FAIL]: -1
[PRECHECK_FAIL]: -1
[PRECHECK_FAIL]: -1
[PRECHECK_FAIL]: -1
[PRECHECK_FAIL]: -1
[PRECHECK_FAIL]: -1
[PRECHECK_FAIL]: -1
[PRECHECK_FAIL]: -1
[PRECHECK_FAIL]: -1
[PRECHECK_FAIL]: -1
[PRECHECK_FAIL]: -1
[PRECHECK_FAIL]: -1
[PRECHECK_FAIL]: -1
[PRECHECK_FAIL]: -1
[PRECHECK_FAIL]: -1
[PRECHECK_FAIL]: -1
[PRECHECK_FAIL]: -1
[PRECHECK_FAIL]: -1
[PRECHECK_FAIL]: -1
[PRECHECK_FAIL]: -1
[PRECHECK_FAIL]: -1
[PRECHECK_FAIL]: -1
[PRECHECK_FAIL]: -1
[PRECHECK_FAIL]: -1
[PRECHECK_FAIL]: -1
[PRECHECK_FAIL]: -1
[PRECHECK_FAIL]: -1
[PRECHECK_FAIL]: -1
[PRECHECK_FAIL]: -1
[PRECHECK_FAIL]: -1
[PRECHECK_FAIL]: -1
[PRECHECK_FAIL]: -1
[PRECHECK_FAIL]: -1
[PRECHECK_FAIL]: -1
[PRECHECK_FAIL]: -1
[PRECHECK_FAIL]: -1
[PRECHECK_FAIL]: -1
[PRECHECK_FAIL]: -1
[PRECHECK_FAIL]: -1
[PRECHECK_FAIL]: -1
[PRECHECK_FAIL]: -1
[PRECHECK_FAIL]: -1
[PRECHECK_FAIL]: -1
[PRECHECK_FAIL]: -1
[PRECHECK_FAIL]: -1
[PRECHECK_FAIL]: -1
[PRECHECK_FAIL]: -1
[PRECHECK_FAIL]: -1
[PRECHECK_FAIL]: -1
[PRECHECK_FAIL]: -1
[PRECHECK_FAIL]: -1
[PRECHECK_FAIL]: -1
[PRECHECK_FAIL]: -1
[PRECHECK_FAIL]: -1
[PRECHECK_FAIL]: -1
[PRECHECK_FAIL]: -1
[PRECHECK_FAIL]: -1
[PRECHECK_FAIL]: -1
[PRECHECK_FAIL]: -1
[PRECHECK_FAIL]: -1
[PRECHECK_FAIL]: -1
[PRECHECK_FAIL]: -1
[PRECHECK_FAIL]: -1
[PRECHECK_FAIL]: -1
[PRECHECK_FAIL]: -1
[PRECHECK_FAIL]: -1
[PRECHECK_FAIL]: -1
[PRECHECK_FAIL]: -1
[PRECHECK_FAIL]: -1
[PRECHECK_FAIL]: -1
[PRECHECK_FAIL]: -1
[PRECHECK_FAIL]: -1
[PRECHECK_FAIL]: -1
[PRECHECK_FAIL]: -1
[PRECHECK_FAIL]: -1
[PRECHECK_FAIL]: -1
[PRECHECK_FAIL]: -1
[PRECHECK_FAIL]: -1
[PRECHECK_FAIL]: -1
[PRECHECK_FAIL]: -1
[PRECHECK_FAIL]: -1
[PRECHECK_FAIL]: -1
[PRECHECK_FAIL]: -1
[PRECHECK_FAIL]: -1
[PRECHECK_FAIL]: -1
[PRECHECK_FAIL]: -1
[PRECHECK_FAIL]: -1
[PRECHECK_FAIL]: -1
[PRECHECK_FAIL]: -1
[PRECHECK_FAIL]: -1
[PRECHECK_FAIL]: -1
[PRECHECK_FAIL]: -1
[PRECHECK_FAIL]: -1
[PRECHECK_FAIL]: -1
[PRECHECK_FAIL]: -1
[PRECHECK_FAIL]: -1
[PRECHECK_FAIL]: -1
[PRECHECK_FAIL]: -1
[PRECHECK_FAIL]: -1
[PRECHECK_FAIL]: -1
[PRECHECK_FAIL]: -1
[PRECHECK_FAIL]: -1
[PRECHECK_FAIL]: -1
[PRECHECK_FAIL]: -1
[PRECHECK_FAIL]: -1
[PRECHECK_FAIL]: -1
[PRECHECK_FAIL]: -1
[PRECHECK_FAIL]: -1
[PRECHECK_FAIL]: -1
[PRECHECK_FAIL]: -1
[PRECHECK_FAIL]: -1
[PRECHECK_FAIL]: -1
[PRECHECK_FAIL]: -1
[PRECHECK_FAIL]: -1
[PRECHECK_FAIL]: -1
[PRECHECK_FAIL]: -1
[PRECHECK_FAIL]: -1
[PRECHECK_FAIL]: -1
[PRECHECK_FAIL]: -1
[PRECHECK_FAIL]: -1
[PRECHECK_FAIL]: -1
[PRECHECK_FAIL]: -1
[PRECHECK_FAIL]: -1
[PRECHECK_FAIL]: -1
[PRECHECK_FAIL]: -1
[PRECHECK_FAIL]: -1
[PRECHECK_FAIL]: -1
[PRECHECK_FAIL]: -1
[PRECHECK_FAIL]: -1
[PRECHECK_FAIL]: -1
[PRECHECK_FAIL]: -1
[PRECHECK_FAIL]: -1
[PRECHECK_FAIL]: -1
[PRECHECK_FAIL]: -1
[PRECHECK_FAIL]: -1
[PRECHECK_FAIL]: -1
[PRECHECK_FAIL]: -1
[PRECHECK_FAIL]: -1
[PRECHECK_FAIL]: -1
[PRECHECK_FAIL]: -1
[PRECHECK_FAIL]: -1
[PRECHECK_FAIL]: -1
[PRECHECK_FAIL]: -1
[PRECHECK_FAIL]: -1
[PRECHECK_FAIL]: -1
[PRECHECK_FAIL]: -1
[PRECHECK_FAIL]: -1
[PRECHECK_FAIL]: -1
[PRECHECK_FAIL]: -1
[PRECHECK_FAIL]: -1
[PRECHECK_FAIL]: -1
[PRECHECK_FAIL]: -1
[PRECHECK_FAIL]: -1
[PRECHECK_FAIL]: -1
[PRECHECK_FAIL]: -1
[PRECHECK_FAIL]: -1
[PRECHECK_FAIL]: -1
[PRECHECK_FAIL]: -1
[PRECHECK_FAIL]: -1
[PRECHECK_FAIL]: -1
[PRECHECK_FAIL]: -1
[PRECHECK_FAIL]: -1
[PRECHECK_FAIL]: -1
[PRECHECK_FAIL]: -1
[PRECHECK_FAIL]: -1
[PRECHECK_FAIL]: -1
[PRECHECK_FAIL]: -1
[PRECHECK_FAIL]: -1
[PRECHECK_FAIL]: -1
[PRECHECK_FAIL]: -1
[PRECHECK_FAIL]: -1
[PRECHECK_FAIL]: -1
[PRECHECK_FAIL]: -1
[PRECHECK_FAIL]: -1
[PRECHECK_FAIL]: -1
[PRECHECK_FAIL]: -1
[PRECHECK_FAIL]: -1
[PRECHECK_FAIL]: -1
[PRECHECK_FAIL]: -1
[PRECHECK_FAIL]: -1
[PRECHECK_FAIL]: -1
[PRECHECK_FAIL]: -1
[PRECHECK_FAIL]: -1
[PRECHECK_FAIL]: -1
[PRECHECK_FAIL]: -1
[PRECHECK_FAIL]: -1
[PRECHECK_FAIL]: -1
[PRECHECK_FAIL]: -1
[PRECHECK_FAIL]: -1
[PRECHECK_FAIL]: -1
[PRECHECK_FAIL]: -1
[PRECHECK_FAIL]: -1
[PRECHECK_FAIL]: -1
[PRECHECK_FAIL]: -1
[PRECHECK_FAIL]: -1
[PRECHECK_FAIL]: -1
[PRECHECK_FAIL]: -1
[PRECHECK_FAIL]: -1
[PRECHECK_FAIL]: -1
[PRECHECK_FAIL]: -1
[PRECHECK_FAIL]: -1
[PRECHECK_FAIL]: -1
[PRECHECK_FAIL]: -1
[PRECHECK_FAIL]: -1
[PRECHECK_FAIL]: -1
[PRECHECK_FAIL]: -1
[PRECHECK_FAIL]: -1
[PRECHECK_FAIL]: -1
[PRECHECK_FAIL]: -1
[PRECHECK_FAIL]: -1
[PRECHECK_FAIL]: -1
[PRECHECK_FAIL]: -1
[PRECHECK_FAIL]: -1
[PRECHECK_FAIL]: -1
[PRECHECK_FAIL]: -1
[PRECHECK_FAIL]: -1
[PRECHECK_FAIL]: -1
[PRECHECK_FAIL]: -1
[PRECHECK_FAIL]: -1
[PRECHECK_FAIL]: -1
[PRECHECK_FAIL]: -1
[PRECHECK_FAIL]: -1
[PRECHECK_FAIL]: -1
[PRECHECK_FAIL]: -1
[PRECHECK_FAIL]: -1
[PRECHECK_FAIL]: -1
[PRECHECK_FAIL]: -1
[PRECHECK_FAIL]: -1
[PRECHECK_FAIL]: -1
[PRECHECK_FAIL]: -1
[PRECHECK_FAIL]: -1
[PRECHECK_FAIL]: -1
[PRECHECK_FAIL]: -1
[PRECHECK_FAIL]: -1
[PRECHECK_FAIL]: -1
[PRECHECK_FAIL]: -1
[PRECHECK_FAIL]: -1
[PRECHECK_FAIL]: -1
[PRECHECK_FAIL]: -1
[PRECHECK_FAIL]: -1
[PRECHECK_FAIL]: -1
[PRECHECK_FAIL]: -1
[PRECHECK_FAIL]: -1
[PRECHECK_FAIL]: -1
[PRECHECK_FAIL]: -1
[PRECHECK_FAIL]: -1
[PRECHECK_FAIL]: -1
[PRECHECK_FAIL]: -1
[PRECHECK_FAIL]: -1
[PRECHECK_FAIL]: -1
[PRECHECK_FAIL]: -1
[PRECHECK_FAIL]: -1
[PRECHECK_FAIL]: -1
[PRECHECK_FAIL]: -1
[PRECHECK_FAIL]: -1
[PRECHECK_FAIL]: -1
[PRECHECK_FAIL]: -1
[PRECHECK_FAIL]: -1
[PRECHECK_FAIL]: -1
[PRECHECK_FAIL]: -1
[PRECHECK_FAIL]: -1
[PRECHECK_FAIL]: -1
[PRECHECK_FAIL]: -1
[PRECHECK_FAIL]: -1
[PRECHECK_FAIL]: -1
[PRECHECK_FAIL]: -1
[PRECHECK_FAIL]: -1
[PRECHECK_FAIL]: -1
[PRECHECK_FAIL]: -1
[PRECHECK_FAIL]: -1
[PRECHECK_FAIL]: -1
[PRECHECK_FAIL]: -1
[PRECHECK_FAIL]: -1
[PRECHECK_FAIL]: -1
[PRECHECK_FAIL]: -1
[PRECHECK_FAIL]: -1
[PRECHECK_FAIL]: -1
[PRECHECK_FAIL]: -1
[PRECHECK_FAIL]: -1
[PRECHECK_FAIL]: -1
[PRECHECK_FAIL]: -1
[PRECHECK_FAIL]: -1
[PRECHECK_FAIL]: -1
[PRECHECK_FAIL]: -1
[PRECHECK_FAIL]: -1
[PRECHECK_FAIL]: -1
[PRECHECK_FAIL]: -1
[PRECHECK_FAIL]: -1
[PRECHECK_FAIL]: -1
[PRECHECK_FAIL]: -1
[PRECHECK_FAIL]: -1
[PRECHECK_FAIL]: -1
[PRECHECK_FAIL]: -1
[PRECHECK_FAIL]: -1
[PRECHECK_FAIL]: -1
[PRECHECK_FAIL]: -1
[PRECHECK_FAIL]: -1
[PRECHECK_FAIL]: -1
[PRECHECK_FAIL]: -1
[PRECHECK_FAIL]: -1
[PRECHECK_FAIL]: -1
[PRECHECK_FAIL]: -1
[PRECHECK_FAIL]: -1
[PRECHECK_FAIL]: -1
[PRECHECK_FAIL]: -1
[PRECHECK_FAIL]: -1
[PRECHECK_FAIL]: -1
[PRECHECK_FAIL]: -1
[PRECHECK_FAIL]: -1
[PRECHECK_FAIL]: -1
[PRECHECK_FAIL]: -1
[PRECHECK_FAIL]: -1
[PRECHECK_FAIL]: -1
[PRECHECK_FAIL]: -1
[PRECHECK_FAIL]: -1
[PRECHECK_FAIL]: -1
[PRECHECK_FAIL]: -1
[PRECHECK_FAIL]: -1
[PRECHECK_FAIL]: -1
[PRECHECK_FAIL]: -1
[PRECHECK_FAIL]: -1
[PRECHECK_FAIL]: -1
[PRECHECK_FAIL]: -1
[PRECHECK_FAIL]: -1
[PRECHECK_FAIL]: -1
[PRECHECK_FAIL]: -1
[PRECHECK_FAIL]: -1
[PRECHECK_FAIL]: -1
[PRECHECK_FAIL]: -1
[PRECHECK_FAIL]: -1
[PRECHECK_FAIL]: -1
[PRECHECK_FAIL]: -1
[PRECHECK_FAIL]: -1
[PRECHECK_FAIL]: -1
[PRECHECK_FAIL]: -1
[PRECHECK_FAIL]: -1
[PRECHECK_FAIL]: -1
[PRECHECK_FAIL]: -1
[PRECHECK_FAIL]: -1
[PRECHECK_FAIL]: -1
[PRECHECK_FAIL]: -1
[PRECHECK_FAIL]: -1
[PRECHECK_FAIL]: -1
[PRECHECK_FAIL]: -1
[PRECHECK_FAIL]: -1
[PRECHECK_FAIL]: -1
[PRECHECK_FAIL]: -1
[PRECHECK_FAIL]: -1
[PRECHECK_FAIL]: -1
[PRECHECK_FAIL]: -1
[PRECHECK_FAIL]: -1
[PRECHECK_FAIL]: -1
[PRECHECK_FAIL]: -1
[PRECHECK_FAIL]: -1
[PRECHECK_FAIL]: -1
[PRECHECK_FAIL]: -1
[PRECHECK_FAIL]: -1
[PRECHECK_FAIL]: -1
[PRECHECK_FAIL]: -1
[PRECHECK_FAIL]: -1
[PRECHECK_FAIL]: -1
[PRECHECK_FAIL]: -1
[PRECHECK_FAIL]: -1
[PRECHECK_FAIL]: -1
[PRECHECK_FAIL]: -1
[PRECHECK_FAIL]: -1
[PRECHECK_FAIL]: -1
[PRECHECK_FAIL]: -1
[PRECHECK_FAIL]: -1
[PRECHECK_FAIL]: -1
[PRECHECK_FAIL]: -1
[PRECHECK_FAIL]: -1
[PRECHECK_FAIL]: -1
[PRECHECK_FAIL]: -1
[PRECHECK_FAIL]: -1
[PRECHECK_FAIL]: -1
[PRECHECK_FAIL]: -1
[PRECHECK_FAIL]: -1
[PRECHECK_FAIL]: -1
[PRECHECK_FAIL]: -1
[PRECHECK_FAIL]: -1
[PRECHECK_FAIL]: -1
[PRECHECK_FAIL]: -1
[PRECHECK_FAIL]: -1
[PRECHECK_FAIL]: -1
[PRECHECK_FAIL]: -1
[PRECHECK_FAIL]: -1
[PRECHECK_FAIL]: -1
[PRECHECK_FAIL]: -1
[PRECHECK_FAIL]: -1
[PRECHECK_FAIL]: -1
[PRECHECK_FAIL]: -1
[PRECHECK_FAIL]: -1
[PRECHECK_FAIL]: -1
[PRECHECK_FAIL]: -1
[PRECHECK_FAIL]: -1
[PRECHECK_FAIL]: -1
[PRECHECK_FAIL]: -1
[PRECHECK_FAIL]: -1
[PRECHECK_FAIL]: -1
[PRECHECK_FAIL]: -1
[PRECHECK_FAIL]: -1
[PRECHECK_FAIL]: -1
[PRECHECK_FAIL]: -1
[PRECHECK_FAIL]: -1
[PRECHECK_FAIL]: -1
[PRECHECK_FAIL]: -1
[PRECHECK_FAIL]: -1
[PRECHECK_FAIL]: -1
[PRECHECK_FAIL]: -1
[PRECHECK_FAIL]: -1
[PRECHECK_FAIL]: -1
[PRECHECK_FAIL]: -1
[PRECHECK_FAIL]: -1
[PRECHECK_FAIL]: -1
[PRECHECK_FAIL]: -1
[PRECHECK_FAIL]: -1
[PRECHECK_FAIL]: -1
[PRECHECK_FAIL]: -1
[PRECHECK_FAIL]: -1
[PRECHECK_FAIL]: -1
[PRECHECK_FAIL]: -1
[PRECHECK_FAIL]: -1
[PRECHECK_FAIL]: -1
[PRECHECK_FAIL]: -1
[PRECHECK_FAIL]: -1
[PRECHECK_FAIL]: -1
[PRECHECK_FAIL]: -1
[PRECHECK_FAIL]: -1
[PRECHECK_FAIL]: -1
[PRECHECK_FAIL]: -1
[PRECHECK_FAIL]: -1
[PRECHECK_FAIL]: -1
[PRECHECK_FAIL]: -1
[PRECHECK_FAIL]: -1
[PRECHECK_FAIL]: -1
[PRECHECK_FAIL]: -1
[PRECHECK_FAIL]: -1
[PRECHECK_FAIL]: -1
[PRECHECK_FAIL]: -1
[PRECHECK_FAIL]: -1
[PRECHECK_FAIL]: -1
[PRECHECK_FAIL]: -1
[PRECHECK_FAIL]: -1
[PRECHECK_FAIL]: -1
[PRECHECK_FAIL]: -1
[PRECHECK_FAIL]: -1
[PRECHECK_FAIL]: -1
[PRECHECK_FAIL]: -1
[PRECHECK_FAIL]: -1
[PRECHECK_FAIL]: -1
[PRECHECK_FAIL]: -1
[PRECHECK_FAIL]: -1
[PRECHECK_FAIL]: -1
[PRECHECK_FAIL]: -1
[PRECHECK_FAIL]: -1
[PRECHECK_FAIL]: -1
[PRECHECK_FAIL]: -1
[PRECHECK_FAIL]: -1
[PRECHECK_FAIL]: -1
[PRECHECK_FAIL]: -1
[PRECHECK_FAIL]: -1
[PRECHECK_FAIL]: -1
[PRECHECK_FAIL]: -1
[PRECHECK_FAIL]: -1
[PRECHECK_FAIL]: -1
[PRECHECK_FAIL]: -1
[PRECHECK_FAIL]: -1
[PRECHECK_FAIL]: -1
[PRECHECK_FAIL]: -1
[PRECHECK_FAIL]: -1
[PRECHECK_FAIL]: -1
[PRECHECK_FAIL]: -1
[PRECHECK_FAIL]: -1
[PRECHECK_FAIL]: -1
[PRECHECK_FAIL]: -1
[PRECHECK_FAIL]: -1
[PRECHECK_FAIL]: -1
[PRECHECK_FAIL]: -1
[PRECHECK_FAIL]: -1
[PRECHECK_FAIL]: -1
[PRECHECK_FAIL]: -1
[PRECHECK_FAIL]: -1
[PRECHECK_FAIL]: -1
[PRECHECK_FAIL]: -1
[PRECHECK_FAIL]: -1
[PRECHECK_FAIL]: -1
[PRECHECK_FAIL]: -1
[PRECHECK_FAIL]: -1
[PRECHECK_FAIL]: -1
[PRECHECK_FAIL]: -1
[PRECHECK_FAIL]: -1
[PRECHECK_FAIL]: -1
[PRECHECK_FAIL]: -1
[PRECHECK_FAIL]: -1
[PRECHECK_FAIL]: -1
[PRECHECK_FAIL]: -1
[PRECHECK_FAIL]: -1
[PRECHECK_FAIL]: -1
[PRECHECK_FAIL]: -1
[PRECHECK_FAIL]: -1
[PRECHECK_FAIL]: -1
[PRECHECK_FAIL]: -1
[PRECHECK_FAIL]: -1
[PRECHECK_FAIL]: -1
[PRECHECK_FAIL]: -1
[PRECHECK_FAIL]: -1
[PRECHECK_FAIL]: -1
[PRECHECK_FAIL]: -1
[PRECHECK_FAIL]: -1
[PRECHECK_FAIL]: -1
[PRECHECK_FAIL]: -1
[PRECHECK_FAIL]: -1
[PRECHECK_FAIL]: -1
[PRECHECK_FAIL]: -1
[PRECHECK_FAIL]: -1
[PRECHECK_FAIL]: -1
[PRECHECK_FAIL]: -1
[PRECHECK_FAIL]: -1
[PRECHECK_FAIL]: -1
[PRECHECK_FAIL]: -1
[PRECHECK_FAIL]: -1
[PRECHECK_FAIL]: -1
[PRECHECK_FAIL]: -1
[PRECHECK_FAIL]: -1
[PRECHECK_FAIL]: -1
[PRECHECK_FAIL]: -1
[PRECHECK_FAIL]: -1
[PRECHECK_FAIL]: -1
[PRECHECK_FAIL]: -1
[PRECHECK_FAIL]: -1
[PRECHECK_FAIL]: -1
[PRECHECK_FAIL]: -1
[PRECHECK_FAIL]: -1
[PRECHECK_FAIL]: -1
[PRECHECK_FAIL]: -1
[PRECHECK_FAIL]: -1
[PRECHECK_FAIL]: -1
[PRECHECK_FAIL]: -1
[PRECHECK_FAIL]: -1
[PRECHECK_FAIL]: -1
[PRECHECK_FAIL]: -1
[PRECHECK_FAIL]: -1
[PRECHECK_FAIL]: -1
[PRECHECK_FAIL]: -1
[PRECHECK_FAIL]: -1
[PRECHECK_FAIL]: -1
[PRECHECK_FAIL]: -1
[PRECHECK_FAIL]: -1
[PRECHECK_FAIL]: -1
[PRECHECK_FAIL]: -1
[PRECHECK_FAIL]: -1
[PRECHECK_FAIL]: -1
[PRECHECK_FAIL]: -1
[PRECHECK_FAIL]: -1
[PRECHECK_FAIL]: -1
[PRECHECK_FAIL]: -1
[PRECHECK_FAIL]: -1
[PRECHECK_FAIL]: -1
[PRECHECK_FAIL]: -1
[PRECHECK_FAIL]: -1
[PRECHECK_FAIL]: -1
[PRECHECK_FAIL]: -1
[PRECHECK_FAIL]: -1
[PRECHECK_FAIL]: -1
[PRECHECK_FAIL]: -1
[PRECHECK_FAIL]: -1
[PRECHECK_FAIL]: -1
[PRECHECK_FAIL]: -1
[PRECHECK_FAIL]: -1
[PRECHECK_FAIL]: -1
[PRECHECK_FAIL]: -1
[PRECHECK_FAIL]: -1
[PRECHECK_FAIL]: -1
[PRECHECK_FAIL]: -1
[PRECHECK_FAIL]: -1
[PRECHECK_FAIL]: -1
[PRECHECK_FAIL]: -1
[PRECHECK_FAIL]: -1
[PRECHECK_FAIL]: -1
[PRECHECK_FAIL]: -1
[PRECHECK_FAIL]: -1
[PRECHECK_FAIL]: -1
[PRECHECK_FAIL]: -1
[PRECHECK_FAIL]: -1
[PRECHECK_FAIL]: -1
[PRECHECK_FAIL]: -1
[PRECHECK_FAIL]: -1
[PRECHECK_FAIL]: -1
[PRECHECK_FAIL]: -1
[PRECHECK_FAIL]: -1
[PRECHECK_FAIL]: -1
[PRECHECK_FAIL]: -1
[PRECHECK_FAIL]: -1
[PRECHECK_FAIL]: -1
[PRECHECK_FAIL]: -1
[PRECHECK_FAIL]: -1
[PRECHECK_FAIL]: -1
[PRECHECK_FAIL]: -1
[PRECHECK_FAIL]: -1
[PRECHECK_FAIL]: -1
[PRECHECK_FAIL]: -1
[PRECHECK_FAIL]: -1
[PRECHECK_FAIL]: -1
[PRECHECK_FAIL]: -1
[PRECHECK_FAIL]: -1
[PRECHECK_FAIL]: -1
[PRECHECK_FAIL]: -1
[PRECHECK_FAIL]: -1
[PRECHECK_FAIL]: -1
[PRECHECK_FAIL]: -1
[PRECHECK_FAIL]: -1
[PRECHECK_FAIL]: -1
[PRECHECK_FAIL]: -1
[PRECHECK_FAIL]: -1
[PRECHECK_FAIL]: -1
[PRECHECK_FAIL]: -1
[PRECHECK_FAIL]: -1
[PRECHECK_FAIL]: -1
[PRECHECK_FAIL]: -1
[PRECHECK_FAIL]: -1
[PRECHECK_FAIL]: -1
[PRECHECK_FAIL]: -1
[PRECHECK_FAIL]: -1
[PRECHECK_FAIL]: -1
[PRECHECK_FAIL]: -1
[PRECHECK_FAIL]: -1
[PRECHECK_FAIL]: -1
[PRECHECK_FAIL]: -1
[PRECHECK_FAIL]: -1
[PRECHECK_FAIL]: -1
[PRECHECK_FAIL]: -1
[PRECHECK_FAIL]: -1
[PRECHECK_FAIL]: -1
[PRECHECK_FAIL]: -1
[PRECHECK_FAIL]: -1
[PRECHECK_FAIL]: -1
[PRECHECK_FAIL]: -1
[PRECHECK_FAIL]: -1
[PRECHECK_FAIL]: -1
[PRECHECK_FAIL]: -1
[PRECHECK_FAIL]: -1
[PRECHECK_FAIL]: -1
[PRECHECK_FAIL]: -1
[PRECHECK_FAIL]: -1
[PRECHECK_FAIL]: -1
[PRECHECK_FAIL]: -1
[PRECHECK_FAIL]: -1
[PRECHECK_FAIL]: -1
[PRECHECK_FAIL]: -1
[PRECHECK_FAIL]: -1
[PRECHECK_FAIL]: -1
[PRECHECK_FAIL]: -1
[PRECHECK_FAIL]: -1
[PRECHECK_FAIL]: -1
[PRECHECK_FAIL]: -1
[PRECHECK_FAIL]: -1
[PRECHECK_FAIL]: -1
[PRECHECK_FAIL]: -1
[PRECHECK_FAIL]: -1
[PRECHECK_FAIL]: -1
[PRECHECK_FAIL]: -1
[PRECHECK_FAIL]: -1
[PRECHECK_FAIL]: -1
[PRECHECK_FAIL]: -1
[PRECHECK_FAIL]: -1
[PRECHECK_FAIL]: -1
[PRECHECK_FAIL]: -1
[PRECHECK_FAIL]: -1
[PRECHECK_FAIL]: -1
[PRECHECK_FAIL]: -1
[PRECHECK_FAIL]: -1
[PRECHECK_FAIL]: -1
[PRECHECK_FAIL]: -1
[PRECHECK_FAIL]: -1
[PRECHECK_FAIL]: -1
[PRECHECK_FAIL]: -1
[PRECHECK_FAIL]: -1
[PRECHECK_FAIL]: -1
[PRECHECK_FAIL]: -1
[PRECHECK_FAIL]: -1
[PRECHECK_FAIL]: -1
[PRECHECK_FAIL]: -1
[PRECHECK_FAIL]: -1
[PRECHECK_FAIL]: -1
[PRECHECK_FAIL]: -1
[PRECHECK_FAIL]: -1
[PRECHECK_FAIL]: -1
[PRECHECK_FAIL]: -1
[PRECHECK_FAIL]: -1
[PRECHECK_FAIL]: -1
[PRECHECK_FAIL]: -1
[PRECHECK_FAIL]: -1
[PRECHECK_FAIL]: -1
[PRECHECK_FAIL]: -1
[PRECHECK_FAIL]: -1
[PRECHECK_FAIL]: -1
[PRECHECK_FAIL]: -1
[PRECHECK_FAIL]: -1
[PRECHECK_FAIL]: -1
[PRECHECK_FAIL]: -1
[PRECHECK_FAIL]: -1
[PRECHECK_FAIL]: -1
[PRECHECK_FAIL]: -1
[PRECHECK_FAIL]: -1
[PRECHECK_FAIL]: -1
[PRECHECK_FAIL]: -1
[PRECHECK_FAIL]: -1
[PRECHECK_FAIL]: -1
[PRECHECK_FAIL]: -1
[PRECHECK_FAIL]: -1
[PRECHECK_FAIL]: -1
[PRECHECK_FAIL]: -1
[PRECHECK_FAIL]: -1
[PRECHECK_FAIL]: -1
[PRECHECK_FAIL]: -1
[PRECHECK_FAIL]: -1
[PRECHECK_FAIL]: -1
[PRECHECK_FAIL]: -1
[PRECHECK_FAIL]: -1
[PRECHECK_FAIL]: -1
[PRECHECK_FAIL]: -1
[PRECHECK_FAIL]: -1
[PRECHECK_FAIL]: -1
[PRECHECK_FAIL]: -1
[PRECHECK_FAIL]: -1
[PRECHECK_FAIL]: -1
[PRECHECK_FAIL]: -1
[PRECHECK_FAIL]: -1
[PRECHECK_FAIL]: -1
[PRECHECK_FAIL]: -1
[PRECHECK_FAIL]: -1
[PRECHECK_FAIL]: -1
[PRECHECK_FAIL]: -1
[PRECHECK_FAIL]: -1
[PRECHECK_FAIL]: -1
[PRECHECK_FAIL]: -1
[PRECHECK_FAIL]: -1
[PRECHECK_FAIL]: -1
[PRECHECK_FAIL]: -1
[PRECHECK_FAIL]: -1
[PRECHECK_FAIL]: -1
[PRECHECK_FAIL]: -1
[PRECHECK_FAIL]: -1
[PRECHECK_FAIL]: -1
[PRECHECK_FAIL]: -1
[PRECHECK_FAIL]: -1
[PRECHECK_FAIL]: -1
[PRECHECK_FAIL]: -1
[PRECHECK_FAIL]: -1
[PRECHECK_FAIL]: -1
[PRECHECK_FAIL]: -1
[PRECHECK_FAIL]: -1
[PRECHECK_FAIL]: -1
[PRECHECK_FAIL]: -1
[PRECHECK_FAIL]: -1
[PRECHECK_FAIL]: -1
[PRECHECK_FAIL]: -1
[PRECHECK_FAIL]: -1
[PRECHECK_FAIL]: -1
[PRECHECK_FAIL]: -1
[PRECHECK_FAIL]: -1
[PRECHECK_FAIL]: -1
[PRECHECK_FAIL]: -1
[PRECHECK_FAIL]: -1
[PRECHECK_FAIL]: -1
[PRECHECK_FAIL]: -1
[PRECHECK_FAIL]: -1
[PRECHECK_FAIL]: -1
[PRECHECK_FAIL]: -1
[PRECHECK_FAIL]: -1
[PRECHECK_FAIL]: -1
[PRECHECK_FAIL]: -1
[PRECHECK_FAIL]: -1
[PRECHECK_FAIL]: -1
[PRECHECK_FAIL]: -1
[PRECHECK_FAIL]: -1
[PRECHECK_FAIL]: -1
[PRECHECK_FAIL]: -1
[PRECHECK_FAIL]: -1
[PRECHECK_FAIL]: -1
[PRECHECK_FAIL]: -1
[PRECHECK_FAIL]: -1
[PRECHECK_FAIL]: -1
[PRECHECK_FAIL]: -1
[PRECHECK_FAIL]: -1
[PRECHECK_FAIL]: -1
[PRECHECK_FAIL]: -1
[PRECHECK_FAIL]: -1
[PRECHECK_FAIL]: -1
[PRECHECK_FAIL]: -1
[PRECHECK_FAIL]: -1
[PRECHECK_FAIL]: -1
[PRECHECK_FAIL]: -1
[PRECHECK_FAIL]: -1
[PRECHECK_FAIL]: -1
[PRECHECK_FAIL]: -1
[PRECHECK_FAIL]: -1
[PRECHECK_FAIL]: -1
[PRECHECK_FAIL]: -1
[PRECHECK_FAIL]: -1
[PRECHECK_FAIL]: -1
[PRECHECK_FAIL]: -1
[PRECHECK_FAIL]: -1
[PRECHECK_FAIL]: -1
[PRECHECK_FAIL]: -1
[PRECHECK_FAIL]: -1
[PRECHECK_FAIL]: -1
[PRECHECK_FAIL]: -1
[PRECHECK_FAIL]: -1
[PRECHECK_FAIL]: -1
[PRECHECK_FAIL]: -1
[PRECHECK_FAIL]: -1
[PRECHECK_FAIL]: -1
[PRECHECK_FAIL]: -1
[PRECHECK_FAIL]: -1
[PRECHECK_FAIL]: -1
[PRECHECK_FAIL]: -1
[PRECHECK_FAIL]: -1
[PRECHECK_FAIL]: -1
[PRECHECK_FAIL]: -1
[PRECHECK_FAIL]: -1
[PRECHECK_FAIL]: -1
[PRECHECK_FAIL]: -1
[PRECHECK_FAIL]: -1
[PRECHECK_FAIL]: -1
[PRECHECK_FAIL]: -1
[PRECHECK_FAIL]: -1
[PRECHECK_FAIL]: -1
[PRECHECK_FAIL]: -1
[PRECHECK_FAIL]: -1
[PRECHECK_FAIL]: -1
[PRECHECK_FAIL]: -1
[PRECHECK_FAIL]: -1
[PRECHECK_FAIL]: -1
[PRECHECK_FAIL]: -1
[PRECHECK_FAIL]: -1
[PRECHECK_FAIL]: -1
[PRECHECK_FAIL]: -1
[PRECHECK_FAIL]: -1
[PRECHECK_FAIL]: -1
[PRECHECK_FAIL]: -1
[PRECHECK_FAIL]: -1
[PRECHECK_FAIL]: -1
[PRECHECK_FAIL]: -1
[PRECHECK_FAIL]: -1
[PRECHECK_FAIL]: -1
[PRECHECK_FAIL]: -1
[PRECHECK_FAIL]: -1
[PRECHECK_FAIL]: -1
[PRECHECK_FAIL]: -1
[PRECHECK_FAIL]: -1
[PRECHECK_FAIL]: -1
[PRECHECK_FAIL]: -1
[PRECHECK_FAIL]: -1
[PRECHECK_FAIL]: -1
[PRECHECK_FAIL]: -1
[PRECHECK_FAIL]: -1
[PRECHECK_FAIL]: -1
[PRECHECK_FAIL]: -1
[PRECHECK_FAIL]: -1
[PRECHECK_FAIL]: -1
[PRECHECK_FAIL]: -1
[PRECHECK_FAIL]: -1
[PRECHECK_FAIL]: -1
[PRECHECK_FAIL]: -1
[PRECHECK_FAIL]: -1
[PRECHECK_FAIL]: -1
[PRECHECK_FAIL]: -1
[PRECHECK_FAIL]: -1
[PRECHECK_FAIL]: -1
[PRECHECK_FAIL]: -1
[PRECHECK_FAIL]: -1
[PRECHECK_FAIL]: -1
[PRECHECK_FAIL]: -1
[PRECHECK_FAIL]: -1
[PRECHECK_FAIL]: -1
[PRECHECK_FAIL]: -1
[PRECHECK_FAIL]: -1
[PRECHECK_FAIL]: -1
[PRECHECK_FAIL]: -1
[PRECHECK_FAIL]: -1
[PRECHECK_FAIL]: -1
[PRECHECK_FAIL]: -1
[PRECHECK_FAIL]: -1
[PRECHECK_FAIL]: -1
[PRECHECK_FAIL]: -1
[PRECHECK_FAIL]: -1
[PRECHECK_FAIL]: -1
[PRECHECK_FAIL]: -1
[PRECHECK_FAIL]: -1
[PRECHECK_FAIL]: -1
[PRECHECK_FAIL]: -1
[PRECHECK_FAIL]: -1
[PRECHECK_FAIL]: -1
[PRECHECK_FAIL]: -1
[PRECHECK_FAIL]: -1
[PRECHECK_FAIL]: -1
[PRECHECK_FAIL]: -1
[PRECHECK_FAIL]: -1
[PRECHECK_FAIL]: -1
[PRECHECK_FAIL]: -1
[PRECHECK_FAIL]: -1
[PRECHECK_FAIL]: -1
[PRECHECK_FAIL]: -1
[PRECHECK_FAIL]: -1
[PRECHECK_FAIL]: -1
[PRECHECK_FAIL]: -1
[PRECHECK_FAIL]: -1
[PRECHECK_FAIL]: -1
[PRECHECK_FAIL]: -1
[PRECHECK_FAIL]: -1
[PRECHECK_FAIL]: -1
[PRECHECK_FAIL]: -1
[PRECHECK_FAIL]: -1
[PRECHECK_FAIL]: -1
[PRECHECK_FAIL]: -1
[PRECHECK_FAIL]: -1
[PRECHECK_FAIL]: -1
[PRECHECK_FAIL]: -1
[PRECHECK_FAIL]: -1
[PRECHECK_FAIL]: -1
[PRECHECK_FAIL]: -1
[PRECHECK_FAIL]: -1
[PRECHECK_FAIL]: -1
[PRECHECK_FAIL]: -1
[PRECHECK_FAIL]: -1
[PRECHECK_FAIL]: -1
[PRECHECK_FAIL]: -1
[PRECHECK_FAIL]: -1
[PRECHECK_FAIL]: -1
[PRECHECK_FAIL]: -1
[PRECHECK_FAIL]: -1
[PRECHECK_FAIL]: -1
[PRECHECK_FAIL]: -1
[PRECHECK_FAIL]: -1
[PRECHECK_FAIL]: -1
[PRECHECK_FAIL]: -1
[PRECHECK_FAIL]: -1
[PRECHECK_FAIL]: -1
[PRECHECK_FAIL]: -1
[PRECHECK_FAIL]: -1
[PRECHECK_FAIL]: -1
[PRECHECK_FAIL]: -1
[PRECHECK_FAIL]: -1
[PRECHECK_FAIL]: -1
[PRECHECK_FAIL]: -1
[PRECHECK_FAIL]: -1
[PRECHECK_FAIL]: -1
[PRECHECK_FAIL]: -1
[PRECHECK_FAIL]: -1
[PRECHECK_FAIL]: -1
[PRECHECK_FAIL]: -1
[PRECHECK_FAIL]: -1
[PRECHECK_FAIL]: -1
[PRECHECK_FAIL]: -1
[PRECHECK_FAIL]: -1
[PRECHECK_FAIL]: -1
[PRECHECK_FAIL]: -1
[PRECHECK_FAIL]: -1
[PRECHECK_FAIL]: -1
[PRECHECK_FAIL]: -1
[PRECHECK_FAIL]: -1
[PRECHECK_FAIL]: -1
[PRECHECK_FAIL]: -1
[PRECHECK_FAIL]: -1
[PRECHECK_FAIL]: -1
[PRECHECK_FAIL]: -1
[PRECHECK_FAIL]: -1
[PRECHECK_FAIL]: -1
[PRECHECK_FAIL]: -1
[PRECHECK_FAIL]: -1
[PRECHECK_FAIL]: -1
[PRECHECK_FAIL]: -1
[PRECHECK_FAIL]: -1
[PRECHECK_FAIL]: -1
[PRECHECK_FAIL]: -1
[PRECHECK_FAIL]: -1
[PRECHECK_FAIL]: -1
[PRECHECK_FAIL]: -1
[PRECHECK_FAIL]: -1
[PRECHECK_FAIL]: -1
[PRECHECK_FAIL]: -1
[PRECHECK_FAIL]: -1
[PRECHECK_FAIL]: -1
[PRECHECK_FAIL]: -1
[PRECHECK_FAIL]: -1
[PRECHECK_FAIL]: -1
[PRECHECK_FAIL]: -1
[PRECHECK_FAIL]: -1
[PRECHECK_FAIL]: -1
[PRECHECK_FAIL]: -1
[PRECHECK_FAIL]: -1
[PRECHECK_FAIL]: -1
[PRECHECK_FAIL]: -1
[PRECHECK_FAIL]: -1
[PRECHECK_FAIL]: -1
[PRECHECK_FAIL]: -1
[PRECHECK_FAIL]: -1
[PRECHECK_FAIL]: -1
[PRECHECK_FAIL]: -1
[PRECHECK_FAIL]: -1
[PRECHECK_FAIL]: -1
[PRECHECK_FAIL]: -1
[PRECHECK_FAIL]: -1
[PRECHECK_FAIL]: -1
[PRECHECK_FAIL]: -1
[PRECHECK_FAIL]: -1
[PRECHECK_FAIL]: -1
[PRECHECK_FAIL]: -1
[PRECHECK_FAIL]: -1
[PRECHECK_FAIL]: -1
[PRECHECK_FAIL]: -1
[PRECHECK_FAIL]: -1
[PRECHECK_FAIL]: -1
[PRECHECK_FAIL]: -1
[PRECHECK_FAIL]: -1
[PRECHECK_FAIL]: -1
[PRECHECK_FAIL]: -1
[PRECHECK_FAIL]: -1
[PRECHECK_FAIL]: -1
[PRECHECK_FAIL]: -1
[PRECHECK_FAIL]: -1
[PRECHECK_FAIL]: -1
[PRECHECK_FAIL]: -1
[PRECHECK_FAIL]: -1
[PRECHECK_FAIL]: -1
[PRECHECK_FAIL]: -1
[PRECHECK_FAIL]: -1
[PRECHECK_FAIL]: -1
[PRECHECK_FAIL]: -1
[PRECHECK_FAIL]: -1
[PRECHECK_FAIL]: -1
[PRECHECK_FAIL]: -1
[PRECHECK_FAIL]: -1
[PRECHECK_FAIL]: -1
[PRECHECK_FAIL]: -1
[PRECHECK_FAIL]: -1
[PRECHECK_FAIL]: -1
[PRECHECK_FAIL]: -1
[PRECHECK_FAIL]: -1
[PRECHECK_FAIL]: -1
[PRECHECK_FAIL]: -1
[PRECHECK_FAIL]: -1
[PRECHECK_FAIL]: -1
[PRECHECK_FAIL]: -1
[PRECHECK_FAIL]: -1
[PRECHECK_FAIL]: -1
[PRECHECK_FAIL]: -1
[PRECHECK_FAIL]: -1
[PRECHECK_FAIL]: -1
[PRECHECK_FAIL]: -1
[PRECHECK_FAIL]: -1
[PRECHECK_FAIL]: -1
[PRECHECK_FAIL]: -1
[PRECHECK_FAIL]: -1
[PRECHECK_FAIL]: -1
[PRECHECK_FAIL]: -1
[PRECHECK_FAIL]: -1
[PRECHECK_FAIL]: -1
[PRECHECK_FAIL]: -1
[PRECHECK_FAIL]: -1
[PRECHECK_FAIL]: -1
[PRECHECK_FAIL]: -1
[PRECHECK_FAIL]: -1
[PRECHECK_FAIL]: -1
[PRECHECK_FAIL]: -1
[PRECHECK_FAIL]: -1
[PRECHECK_FAIL]: -1
[PRECHECK_FAIL]: -1
[PRECHECK_FAIL]: -1
[PRECHECK_FAIL]: -1
[PRECHECK_FAIL]: -1
[PRECHECK_FAIL]: -1
[PRECHECK_FAIL]: -1
[PRECHECK_FAIL]: -1
[PRECHECK_FAIL]: -1
[PRECHECK_FAIL]: -1
[PRECHECK_FAIL]: -1
[PRECHECK_FAIL]: -1
[PRECHECK_FAIL]: -1
[PRECHECK_FAIL]: -1
[PRECHECK_FAIL]: -1
[PRECHECK_FAIL]: -1
[PRECHECK_FAIL]: -1
[PRECHECK_FAIL]: -1
[PRECHECK_FAIL]: -1
[PRECHECK_FAIL]: -1
[PRECHECK_FAIL]: -1
[PRECHECK_FAIL]: -1
[PRECHECK_FAIL]: -1
[PRECHECK_FAIL]: -1
[PRECHECK_FAIL]: -1
[PRECHECK_FAIL]: -1
[PRECHECK_FAIL]: -1
[PRECHECK_FAIL]: -1
[PRECHECK_FAIL]: -1
[PRECHECK_FAIL]: -1
[PRECHECK_FAIL]: -1
[PRECHECK_FAIL]: -1
[PRECHECK_FAIL]: -1
[PRECHECK_FAIL]: -1
[PRECHECK_FAIL]: -1
[PRECHECK_FAIL]: -1
[PRECHECK_FAIL]: -1
[PRECHECK_FAIL]: -1
[PRECHECK_FAIL]: -1
[PRECHECK_FAIL]: -1
[PRECHECK_FAIL]: -1
[PRECHECK_FAIL]: -1
[PRECHECK_FAIL]: -1
[PRECHECK_FAIL]: -1
[PRECHECK_FAIL]: -1
[PRECHECK_FAIL]: -1
[PRECHECK_FAIL]: -1
[PRECHECK_FAIL]: -1
[PRECHECK_FAIL]: -1
[PRECHECK_FAIL]: -1
[PRECHECK_FAIL]: -1
[PRECHECK_FAIL]: -1
[PRECHECK_FAIL]: -1
[PRECHECK_FAIL]: -1
[PRECHECK_FAIL]: -1
[PRECHECK_FAIL]: -1
[PRECHECK_FAIL]: -1
[PRECHECK_FAIL]: -1
[PRECHECK_FAIL]: -1
[PRECHECK_FAIL]: -1
[PRECHECK_FAIL]: -1
[PRECHECK_FAIL]: -1
[PRECHECK_FAIL]: -1
[PRECHECK_FAIL]: -1
[PRECHECK_FAIL]: -1
[PRECHECK_FAIL]: -1
[PRECHECK_FAIL]: -1
[PRECHECK_FAIL]: -1
[PRECHECK_FAIL]: -1
[PRECHECK_FAIL]: -1
[PRECHECK_FAIL]: -1
[PRECHECK_FAIL]: -1
[PRECHECK_FAIL]: -1
[PRECHECK_FAIL]: -1
[PRECHECK_FAIL]: -1
[PRECHECK_FAIL]: -1
[PRECHECK_FAIL]: -1
[PRECHECK_FAIL]: -1
[PRECHECK_FAIL]: -1
[PRECHECK_FAIL]: -1
[PRECHECK_FAIL]: -1
[PRECHECK_FAIL]: -1
[PRECHECK_FAIL]: -1
[PRECHECK_FAIL]: -1
[PRECHECK_FAIL]: -1
[PRECHECK_FAIL]: -1
[PRECHECK_FAIL]: -1
[PRECHECK_FAIL]: -1
[PRECHECK_FAIL]: -1
[PRECHECK_FAIL]: -1
[PRECHECK_FAIL]: -1
[PRECHECK_FAIL]: -1
[PRECHECK_FAIL]: -1
[PRECHECK_FAIL]: -1
[PRECHECK_FAIL]: -1
[PRECHECK_FAIL]: -1
[PRECHECK_FAIL]: -1
[PRECHECK_FAIL]: -1
[PRECHECK_FAIL]: -1
[PRECHECK_FAIL]: -1
[PRECHECK_FAIL]: -1
[PRECHECK_FAIL]: -1
[PRECHECK_FAIL]: -1
[PRECHECK_FAIL]: -1
[PRECHECK_FAIL]: -1
[PRECHECK_FAIL]: -1
[PRECHECK_FAIL]: -1
[PRECHECK_FAIL]: -1
[PRECHECK_FAIL]: -1
[PRECHECK_FAIL]: -1
[PRECHECK_FAIL]: -1
[PRECHECK_FAIL]: -1
[PRECHECK_FAIL]: -1
[PRECHECK_FAIL]: -1
[PRECHECK_FAIL]: -1
[PRECHECK_FAIL]: -1
[PRECHECK_FAIL]: -1
[PRECHECK_FAIL]: -1
[PRECHECK_FAIL]: -1
[PRECHECK_FAIL]: -1
[PRECHECK_FAIL]: -1
[PRECHECK_FAIL]: -1
[PRECHECK_FAIL]: -1
[PRECHECK_FAIL]: -1
[PRECHECK_FAIL]: -1
[PRECHECK_FAIL]: -1
[PRECHECK_FAIL]: -1
[PRECHECK_FAIL]: -1
[PRECHECK_FAIL]: -1
[PRECHECK_FAIL]: -1
[PRECHECK_FAIL]: -1
[PRECHECK_FAIL]: -1
[PRECHECK_FAIL]: -1
[PRECHECK_FAIL]: -1
[PRECHECK_FAIL]: -1
[PRECHECK_FAIL]: -1
[PRECHECK_FAIL]: -1
[PRECHECK_FAIL]: -1
[PRECHECK_FAIL]: -1
[PRECHECK_FAIL]: -1
[PRECHECK_FAIL]: -1
[PRECHECK_FAIL]: -1
[PRECHECK_FAIL]: -1
[PRECHECK_FAIL]: -1
[PRECHECK_FAIL]: -1
[PRECHECK_FAIL]: -1
[PRECHECK_FAIL]: -1
[PRECHECK_FAIL]: -1
[PRECHECK_FAIL]: -1
[PRECHECK_FAIL]: -1
[PRECHECK_FAIL]: -1
[PRECHECK_FAIL]: -1
[PRECHECK_FAIL]: -1
[PRECHECK_FAIL]: -1
[PRECHECK_FAIL]: -1
[PRECHECK_FAIL]: -1
[PRECHECK_FAIL]: -1
[PRECHECK_FAIL]: -1
[PRECHECK_FAIL]: -1
[PRECHECK_FAIL]: -1
[PRECHECK_FAIL]: -1
[PRECHECK_FAIL]: -1
[PRECHECK_FAIL]: -1
[PRECHECK_FAIL]: -1
[PRECHECK_FAIL]: -1
[PRECHECK_FAIL]: -1
[PRECHECK_FAIL]: -1
[PRECHECK_FAIL]: -1
[PRECHECK_FAIL]: -1
[PRECHECK_FAIL]: -1
[PRECHECK_FAIL]: -1
[PRECHECK_FAIL]: -1
[PRECHECK_FAIL]: -1
[PRECHECK_FAIL]: -1
[PRECHECK_FAIL]: -1
[PRECHECK_FAIL]: -1
[PRECHECK_FAIL]: -1
[PRECHECK_FAIL]: -1
[PRECHECK_FAIL]: -1
[PRECHECK_FAIL]: -1
[PRECHECK_FAIL]: -1
[PRECHECK_FAIL]: -1
[PRECHECK_FAIL]: -1
[PRECHECK_FAIL]: -1
[PRECHECK_FAIL]: -1
[PRECHECK_FAIL]: -1
[PRECHECK_FAIL]: -1
[PRECHECK_FAIL]: -1
[PRECHECK_FAIL]: -1
[PRECHECK_FAIL]: -1
[PRECHECK_FAIL]: -1
[PRECHECK_FAIL]: -1
[PRECHECK_FAIL]: -1
[PRECHECK_FAIL]: -1
[PRECHECK_FAIL]: -1
[PRECHECK_FAIL]: -1
[PRECHECK_FAIL]: -1
[PRECHECK_FAIL]: -1
[PRECHECK_FAIL]: -1
[PRECHECK_FAIL]: -1
[PRECHECK_FAIL]: -1
[PRECHECK_FAIL]: -1
[PRECHECK_FAIL]: -1
[PRECHECK_FAIL]: -1
[PRECHECK_FAIL]: -1
[PRECHECK_FAIL]: -1
[PRECHECK_FAIL]: -1
[PRECHECK_FAIL]: -1
[PRECHECK_FAIL]: -1
[PRECHECK_FAIL]: -1
[PRECHECK_FAIL]: -1
[PRECHECK_FAIL]: -1
[PRECHECK_FAIL]: -1
[PRECHECK_FAIL]: -1
[PRECHECK_FAIL]: -1
[PRECHECK_FAIL]: -1
[PRECHECK_FAIL]: -1
[PRECHECK_FAIL]: -1
[PRECHECK_FAIL]: -1
[PRECHECK_FAIL]: -1
[PRECHECK_FAIL]: -1
[PRECHECK_FAIL]: -1
[PRECHECK_FAIL]: -1
[PRECHECK_FAIL]: -1
[PRECHECK_FAIL]: -1
[PRECHECK_FAIL]: -1
[PRECHECK_FAIL]: -1
[PRECHECK_FAIL]: -1
[PRECHECK_FAIL]: -1
[PRECHECK_FAIL]: -1
[PRECHECK_FAIL]: -1
[PRECHECK_FAIL]: -1
[PRECHECK_FAIL]: -1
[PRECHECK_FAIL]: -1
[PRECHECK_FAIL]: -1
[PRECHECK_FAIL]: -1
[PRECHECK_FAIL]: -1
[PRECHECK_FAIL]: -1
[PRECHECK_FAIL]: -1
[PRECHECK_FAIL]: -1
[PRECHECK_FAIL]: -1
[PRECHECK_FAIL]: -1
[PRECHECK_FAIL]: -1
[PRECHECK_FAIL]: -1
[PRECHECK_FAIL]: -1
[PRECHECK_FAIL]: -1
[PRECHECK_FAIL]: -1
[PRECHECK_FAIL]: -1
[PRECHECK_FAIL]: -1
[PRECHECK_FAIL]: -1
[PRECHECK_FAIL]: -1
[PRECHECK_FAIL]: -1
[PRECHECK_FAIL]: -1
[PRECHECK_FAIL]: -1
[PRECHECK_FAIL]: -1
[PRECHECK_FAIL]: -1
[PRECHECK_FAIL]: -1
[PRECHECK_FAIL]: -1
[PRECHECK_FAIL]: -1
[PRECHECK_FAIL]: -1
[PRECHECK_FAIL]: -1
[PRECHECK_FAIL]: -1
[PRECHECK_FAIL]: -1
[PRECHECK_FAIL]: -1
[PRECHECK_FAIL]: -1
[PRECHECK_FAIL]: -1
[PRECHECK_FAIL]: -1
[PRECHECK_FAIL]: -1
[PRECHECK_FAIL]: -1
[PRECHECK_FAIL]: -1
[PRECHECK_FAIL]: -1
[PRECHECK_FAIL]: -1
[PRECHECK_FAIL]: -1
[PRECHECK_FAIL]: -1
[PRECHECK_FAIL]: -1
[PRECHECK_FAIL]: -1
[PRECHECK_FAIL]: -1
[PRECHECK_FAIL]: -1
[PRECHECK_FAIL]: -1
[PRECHECK_FAIL]: -1
[PRECHECK_FAIL]: -1
[PRECHECK_FAIL]: -1
[PRECHECK_FAIL]: -1
[PRECHECK_FAIL]: -1
[PRECHECK_FAIL]: -1
[PRECHECK_FAIL]: -1
[PRECHECK_FAIL]: -1
[PRECHECK_FAIL]: -1
[PRECHECK_FAIL]: -1
[PRECHECK_FAIL]: -1
[PRECHECK_FAIL]: -1
[PRECHECK_FAIL]: -1
[PRECHECK_FAIL]: -1
[PRECHECK_FAIL]: -1
[PRECHECK_FAIL]: -1
[PRECHECK_FAIL]: -1
[PRECHECK_FAIL]: -1
[PRECHECK_FAIL]: -1
[PRECHECK_FAIL]: -1
[PRECHECK_FAIL]: -1
[PRECHECK_FAIL]: -1
[PRECHECK_FAIL]: -1
[PRECHECK_FAIL]: -1
[PRECHECK_FAIL]: -1
[PRECHECK_FAIL]: -1
[PRECHECK_FAIL]: -1
[PRECHECK_FAIL]: -1
[PRECHECK_FAIL]: -1
[PRECHECK_FAIL]: -1
[PRECHECK_FAIL]: -1
[PRECHECK_FAIL]: -1
[PRECHECK_FAIL]: -1
[PRECHECK_FAIL]: -1
[PRECHECK_FAIL]: -1
[PRECHECK_FAIL]: -1
[PRECHECK_FAIL]: -1
[PRECHECK_FAIL]: -1
[PRECHECK_FAIL]: -1
[PRECHECK_FAIL]: -1
[PRECHECK_FAIL]: -1
[PRECHECK_FAIL]: -1
[PRECHECK_FAIL]: -1
[PRECHECK_FAIL]: -1
[PRECHECK_FAIL]: -1
[PRECHECK_FAIL]: -1
[PRECHECK_FAIL]: -1
[PRECHECK_FAIL]: -1
[PRECHECK_FAIL]: -1
[PRECHECK_FAIL]: -1
[PRECHECK_FAIL]: -1
[PRECHECK_FAIL]: -1
[PRECHECK_FAIL]: -1
[PRECHECK_FAIL]: -1
[PRECHECK_FAIL]: -1
[PRECHECK_FAIL]: -1
[PRECHECK_FAIL]: -1
[PRECHECK_FAIL]: -1
[PRECHECK_FAIL]: -1
[PRECHECK_FAIL]: -1
[PRECHECK_FAIL]: -1
[PRECHECK_FAIL]: -1
[PRECHECK_FAIL]: -1
[PRECHECK_FAIL]: -1
[PRECHECK_FAIL]: -1
[PRECHECK_FAIL]: -1
[PRECHECK_FAIL]: -1
[PRECHECK_FAIL]: -1
[PRECHECK_FAIL]: -1
[PRECHECK_FAIL]: -1
[PRECHECK_FAIL]: -1
[PRECHECK_FAIL]: -1
[PRECHECK_FAIL]: -1
[PRECHECK_FAIL]: -1
[PRECHECK_FAIL]: -1
[PRECHECK_FAIL]: -1
[PRECHECK_FAIL]: -1
[PRECHECK_FAIL]: -1
[PRECHECK_FAIL]: -1
[PRECHECK_FAIL]: -1
[PRECHECK_FAIL]: -1
[PRECHECK_FAIL]: -1
[PRECHECK_FAIL]: -1
[PRECHECK_FAIL]: -1
[PRECHECK_FAIL]: -1
[PRECHECK_FAIL]: -1
[PRECHECK_FAIL]: -1
[PRECHECK_FAIL]: -1
[PRECHECK_FAIL]: -1
[PRECHECK_FAIL]: -1
[PRECHECK_FAIL]: -1
[PRECHECK_FAIL]: -1
[PRECHECK_FAIL]: -1
[PRECHECK_FAIL]: -1
[PRECHECK_FAIL]: -1
[PRECHECK_FAIL]: -1
[PRECHECK_FAIL]: -1
[PRECHECK_FAIL]: -1
[PRECHECK_FAIL]: -1
[PRECHECK_FAIL]: -1
[PRECHECK_FAIL]: -1
[PRECHECK_FAIL]: -1
[PRECHECK_FAIL]: -1
[PRECHECK_FAIL]: -1
[PRECHECK_FAIL]: -1
[PRECHECK_FAIL]: -1
[PRECHECK_FAIL]: -1
[PRECHECK_FAIL]: -1
[PRECHECK_FAIL]: -1
[PRECHECK_FAIL]: -1
[PRECHECK_FAIL]: -1
[PRECHECK_FAIL]: -1
[PRECHECK_FAIL]: -1
[PRECHECK_FAIL]: -1
[PRECHECK_FAIL]: -1
[PRECHECK_FAIL]: -1
[PRECHECK_FAIL]: -1
[PRECHECK_FAIL]: -1
[PRECHECK_FAIL]: -1
[PRECHECK_FAIL]: -1
[PRECHECK_FAIL]: -1
[PRECHECK_FAIL]: -1
[PRECHECK_FAIL]: -1
[PRECHECK_FAIL]: -1
[PRECHECK_FAIL]: -1
[PRECHECK_FAIL]: -1
[PRECHECK_FAIL]: -1
[PRECHECK_FAIL]: -1
[PRECHECK_FAIL]: -1
[PRECHECK_FAIL]: -1
[PRECHECK_FAIL]: -1
[PRECHECK_FAIL]: -1
[PRECHECK_FAIL]: -1
[PRECHECK_FAIL]: -1
[PRECHECK_FAIL]: -1
[PRECHECK_FAIL]: -1
[PRECHECK_FAIL]: -1
[PRECHECK_FAIL]: -1
[PRECHECK_FAIL]: -1
[PRECHECK_FAIL]: -1
[PRECHECK_FAIL]: -1
[PRECHECK_FAIL]: -1
[PRECHECK_FAIL]: -1
[PRECHECK_FAIL]: -1
[PRECHECK_FAIL]: -1
[PRECHECK_FAIL]: -1
[PRECHECK_FAIL]: -1
[PRECHECK_FAIL]: -1
[PRECHECK_FAIL]: -1
[PRECHECK_FAIL]: -1
[PRECHECK_FAIL]: -1
[PRECHECK_FAIL]: -1
[PRECHECK_FAIL]: -1
[PRECHECK_FAIL]: -1
[PRECHECK_FAIL]: -1
[PRECHECK_FAIL]: -1
[PRECHECK_FAIL]: -1
[PRECHECK_FAIL]: -1
[PRECHECK_FAIL]: -1
[PRECHECK_FAIL]: -1
[PRECHECK_FAIL]: -1
[PRECHECK_FAIL]: -1
[PRECHECK_FAIL]: -1
[PRECHECK_FAIL]: -1
[PRECHECK_FAIL]: -1
[PRECHECK_FAIL]: -1
[PRECHECK_FAIL]: -1
[PRECHECK_FAIL]: -1
[PRECHECK_FAIL]: -1
[PRECHECK_FAIL]: -1
[PRECHECK_FAIL]: -1
[PRECHECK_FAIL]: -1
[PRECHECK_FAIL]: -1
[PRECHECK_FAIL]: -1
[PRECHECK_FAIL]: -1
[PRECHECK_FAIL]: -1
[PRECHECK_FAIL]: -1
[PRECHECK_FAIL]: -1
[PRECHECK_FAIL]: -1
[PRECHECK_FAIL]: -1
[PRECHECK_FAIL]: -1
[PRECHECK_FAIL]: -1
[PRECHECK_FAIL]: -1
[PRECHECK_FAIL]: -1
[PRECHECK_FAIL]: -1
[PRECHECK_FAIL]: -1
[PRECHECK_FAIL]: -1
[PRECHECK_FAIL]: -1
[PRECHECK_FAIL]: -1
[PRECHECK_FAIL]: -1
[PRECHECK_FAIL]: -1
[PRECHECK_FAIL]: -1
[PRECHECK_FAIL]: -1
[PRECHECK_FAIL]: -1
[PRECHECK_FAIL]: -1
[PRECHECK_FAIL]: -1
[PRECHECK_FAIL]: -1
[PRECHECK_FAIL]: -1
[PRECHECK_FAIL]: -1
[PRECHECK_FAIL]: -1
[PRECHECK_FAIL]: -1
[PRECHECK_FAIL]: -1
[PRECHECK_FAIL]: -1
[PRECHECK_FAIL]: -1
[PRECHECK_FAIL]: -1
[PRECHECK_FAIL]: -1
[PRECHECK_FAIL]: -1
[PRECHECK_FAIL]: -1
[PRECHECK_FAIL]: -1
[PRECHECK_FAIL]: -1
[PRECHECK_FAIL]: -1
[PRECHECK_FAIL]: -1
[PRECHECK_FAIL]: -1
[PRECHECK_FAIL]: -1
[PRECHECK_FAIL]: -1
[PRECHECK_FAIL]: -1
[PRECHECK_FAIL]: -1
[PRECHECK_FAIL]: -1
[PRECHECK_FAIL]: -1
[PRECHECK_FAIL]: -1
[PRECHECK_FAIL]: -1
[PRECHECK_FAIL]: -1
[PRECHECK_FAIL]: -1
[PRECHECK_FAIL]: -1
[PRECHECK_FAIL]: -1
[PRECHECK_FAIL]: -1
[PRECHECK_FAIL]: -1
[PRECHECK_FAIL]: -1
[PRECHECK_FAIL]: -1
[PRECHECK_FAIL]: -1
[PRECHECK_FAIL]: -1
[PRECHECK_FAIL]: -1
[PRECHECK_FAIL]: -1
[PRECHECK_FAIL]: -1
[PRECHECK_FAIL]: -1
[PRECHECK_FAIL]: -1
[PRECHECK_FAIL]: -1
[PRECHECK_FAIL]: -1
[PRECHECK_FAIL]: -1
[PRECHECK_FAIL]: -1
[PRECHECK_FAIL]: -1
[PRECHECK_FAIL]: -1
[PRECHECK_FAIL]: -1
[PRECHECK_FAIL]: -1
[PRECHECK_FAIL]: -1
[PRECHECK_FAIL]: -1
[PRECHECK_FAIL]: -1
[PRECHECK_FAIL]: -1
[PRECHECK_FAIL]: -1
[PRECHECK_FAIL]: -1
[PRECHECK_FAIL]: -1
[PRECHECK_FAIL]: -1
[PRECHECK_FAIL]: -1
[PRECHECK_FAIL]: -1
[PRECHECK_FAIL]: -1
[PRECHECK_FAIL]: -1
[PRECHECK_FAIL]: -1
[PRECHECK_FAIL]: -1
[PRECHECK_FAIL]: -1
[PRECHECK_FAIL]: -1
[PRECHECK_FAIL]: -1
[PRECHECK_FAIL]: -1
[PRECHECK_FAIL]: -1
[PRECHECK_FAIL]: -1
[PRECHECK_FAIL]: -1
[PRECHECK_FAIL]: -1
[PRECHECK_FAIL]: -1
[PRECHECK_FAIL]: -1
[PRECHECK_FAIL]: -1
[PRECHECK_FAIL]: -1
[PRECHECK_FAIL]: -1
[PRECHECK_FAIL]: -1
[PRECHECK_FAIL]: -1
[PRECHECK_FAIL]: -1
[PRECHECK_FAIL]: -1
[PRECHECK_FAIL]: -1
[PRECHECK_FAIL]: -1
[PRECHECK_FAIL]: -1
[PRECHECK_FAIL]: -1
[PRECHECK_FAIL]: -1
[PRECHECK_FAIL]: -1
[PRECHECK_FAIL]: -1
[PRECHECK_FAIL]: -1
[PRECHECK_FAIL]: -1
[PRECHECK_FAIL]: -1
[PRECHECK_FAIL]: -1
[PRECHECK_FAIL]: -1
[PRECHECK_FAIL]: -1
[PRECHECK_FAIL]: -1
[PRECHECK_FAIL]: -1
[PRECHECK_FAIL]: -1
[PRECHECK_FAIL]: -1
[PRECHECK_FAIL]: -1
[PRECHECK_FAIL]: -1
[PRECHECK_FAIL]: -1
[PRECHECK_FAIL]: -1
[PRECHECK_FAIL]: -1
[PRECHECK_FAIL]: -1
[PRECHECK_FAIL]: -1
[PRECHECK_FAIL]: -1
[PRECHECK_FAIL]: -1
[PRECHECK_FAIL]: -1
[PRECHECK_FAIL]: -1
[PRECHECK_FAIL]: -1
[PRECHECK_FAIL]: -1
[PRECHECK_FAIL]: -1
[PRECHECK_FAIL]: -1
[PRECHECK_FAIL]: -1
[PRECHECK_FAIL]: -1
[PRECHECK_FAIL]: -1
[PRECHECK_FAIL]: -1
[PRECHECK_FAIL]: -1
[PRECHECK_FAIL]: -1
[PRECHECK_FAIL]: -1
[PRECHECK_FAIL]: -1
[PRECHECK_FAIL]: -1
[PRECHECK_FAIL]: -1
[PRECHECK_FAIL]: -1
[PRECHECK_FAIL]: -1
[PRECHECK_FAIL]: -1
[PRECHECK_FAIL]: -1
[PRECHECK_FAIL]: -1
[PRECHECK_FAIL]: -1
[PRECHECK_FAIL]: -1
[PRECHECK_FAIL]: -1
[PRECHECK_FAIL]: -1
[PRECHECK_FAIL]: -1
[PRECHECK_FAIL]: -1
[PRECHECK_FAIL]: -1
[PRECHECK_FAIL]: -1
[PRECHECK_FAIL]: -1
[PRECHECK_FAIL]: -1
[PRECHECK_FAIL]: -1
[PRECHECK_FAIL]: -1
[PRECHECK_FAIL]: -1
[PRECHECK_FAIL]: -1
[PRECHECK_FAIL]: -1
[PRECHECK_FAIL]: -1
[PRECHECK_FAIL]: -1
[PRECHECK_FAIL]: -1
[PRECHECK_FAIL]: -1
[PRECHECK_FAIL]: -1
[PRECHECK_FAIL]: -1
[PRECHECK_FAIL]: -1
[PRECHECK_FAIL]: -1
[PRECHECK_FAIL]: -1
[PRECHECK_FAIL]: -1
[PRECHECK_FAIL]: -1
[PRECHECK_FAIL]: -1
[PRECHECK_FAIL]: -1
[PRECHECK_FAIL]: -1
[PRECHECK_FAIL]: -1
[PRECHECK_FAIL]: -1
[PRECHECK_FAIL]: -1
[PRECHECK_FAIL]: -1
[PRECHECK_FAIL]: -1
[PRECHECK_FAIL]: -1
[PRECHECK_FAIL]: -1
[PRECHECK_FAIL]: -1
[PRECHECK_FAIL]: -1
[PRECHECK_FAIL]: -1
[PRECHECK_FAIL]: -1
[PRECHECK_FAIL]: -1
[PRECHECK_FAIL]: -1
[PRECHECK_FAIL]: -1
[PRECHECK_FAIL]: -1
[PRECHECK_FAIL]: -1
[PRECHECK_FAIL]: -1
[PRECHECK_FAIL]: -1
[PRECHECK_FAIL]: -1
[PRECHECK_FAIL]: -1
[PRECHECK_FAIL]: -1
[PRECHECK_FAIL]: -1
[PRECHECK_FAIL]: -1
[PRECHECK_FAIL]: -1
[PRECHECK_FAIL]: -1
[PRECHECK_FAIL]: -1
[PRECHECK_FAIL]: -1
[PRECHECK_FAIL]: -1
[PRECHECK_FAIL]: -1
[PRECHECK_FAIL]: -1
[PRECHECK_FAIL]: -1
[PRECHECK_FAIL]: -1
[PRECHECK_FAIL]: -1
[PRECHECK_FAIL]: -1
[PRECHECK_FAIL]: -1
[PRECHECK_FAIL]: -1
[PRECHECK_FAIL]: -1
[PRECHECK_FAIL]: -1
[PRECHECK_FAIL]: -1
[PRECHECK_FAIL]: -1
[PRECHECK_FAIL]: -1
[PRECHECK_FAIL]: -1
[PRECHECK_FAIL]: -1
[PRECHECK_FAIL]: -1
[PRECHECK_FAIL]: -1
[PRECHECK_FAIL]: -1
[PRECHECK_FAIL]: -1
[PRECHECK_FAIL]: -1
[PRECHECK_FAIL]: -1
[PRECHECK_FAIL]: -1
[PRECHECK_FAIL]: -1
[PRECHECK_FAIL]: -1
[PRECHECK_FAIL]: -1
[PRECHECK_FAIL]: -1
[PRECHECK_FAIL]: -1
[PRECHECK_FAIL]: -1
[PRECHECK_FAIL]: -1
[PRECHECK_FAIL]: -1
[PRECHECK_FAIL]: -1
[PRECHECK_FAIL]: -1
[PRECHECK_FAIL]: -1
[PRECHECK_FAIL]: -1
[PRECHECK_FAIL]: -1
[PRECHECK_FAIL]: -1
[PRECHECK_FAIL]: -1
[PRECHECK_FAIL]: -1
[PRECHECK_FAIL]: -1
[PRECHECK_FAIL]: -1
[PRECHECK_FAIL]: -1
[PRECHECK_FAIL]: -1
[PRECHECK_FAIL]: -1
[PRECHECK_FAIL]: -1
[PRECHECK_FAIL]: -1
[PRECHECK_FAIL]: -1
[PRECHECK_FAIL]: -1
[PRECHECK_FAIL]: -1
[PRECHECK_FAIL]: -1
[PRECHECK_FAIL]: -1
[PRECHECK_FAIL]: -1
[PRECHECK_FAIL]: -1
[PRECHECK_FAIL]: -1
[PRECHECK_FAIL]: -1
[PRECHECK_FAIL]: -1
[PRECHECK_FAIL]: -1
[PRECHECK_FAIL]: -1
[PRECHECK_FAIL]: -1
[PRECHECK_FAIL]: -1
[PRECHECK_FAIL]: -1
[PRECHECK_FAIL]: -1
[PRECHECK_FAIL]: -1
[PRECHECK_FAIL]: -1
[PRECHECK_FAIL]: -1
[PRECHECK_FAIL]: -1
[PRECHECK_FAIL]: -1
[PRECHECK_FAIL]: -1
[PRECHECK_FAIL]: -1
[PRECHECK_FAIL]: -1
[PRECHECK_FAIL]: -1
[PRECHECK_FAIL]: -1
[PRECHECK_FAIL]: -1
[PRECHECK_FAIL]: -1
[PRECHECK_FAIL]: -1
[PRECHECK_FAIL]: -1
[PRECHECK_FAIL]: -1
[PRECHECK_FAIL]: -1
[PRECHECK_FAIL]: -1
[PRECHECK_FAIL]: -1
[PRECHECK_FAIL]: -1
[PRECHECK_FAIL]: -1
[PRECHECK_FAIL]: -1
[PRECHECK_FAIL]: -1
[PRECHECK_FAIL]: -1
[PRECHECK_FAIL]: -1
[PRECHECK_FAIL]: -1
[PRECHECK_FAIL]: -1
[PRECHECK_FAIL]: -1
[PRECHECK_FAIL]: -1
[PRECHECK_FAIL]: -1
[PRECHECK_FAIL]: -1
[PRECHECK_FAIL]: -1
[PRECHECK_FAIL]: -1
[PRECHECK_FAIL]: -1
[PRECHECK_FAIL]: -1
[PRECHECK_FAIL]: -1
[PRECHECK_FAIL]: -1
[PRECHECK_FAIL]: -1
[PRECHECK_FAIL]: -1
[PRECHECK_FAIL]: -1
[PRECHECK_FAIL]: -1
[PRECHECK_FAIL]: -1
[PRECHECK_FAIL]: -1
[PRECHECK_FAIL]: -1
[PRECHECK_FAIL]: -1
[PRECHECK_FAIL]: -1
[PRECHECK_FAIL]: -1
[PRECHECK_FAIL]: -1
[PRECHECK_FAIL]: -1
[PRECHECK_FAIL]: -1
[PRECHECK_FAIL]: -1
[PRECHECK_FAIL]: -1
[PRECHECK_FAIL]: -1
[PRECHECK_FAIL]: -1
[PRECHECK_FAIL]: -1
[PRECHECK_FAIL]: -1
[PRECHECK_FAIL]: -1
[PRECHECK_FAIL]: -1
[PRECHECK_FAIL]: -1
[PRECHECK_FAIL]: -1
[PRECHECK_FAIL]: -1
[PRECHECK_FAIL]: -1
[PRECHECK_FAIL]: -1
[PRECHECK_FAIL]: -1
[PRECHECK_FAIL]: -1
[PRECHECK_FAIL]: -1
[PRECHECK_FAIL]: -1
[PRECHECK_FAIL]: -1
[PRECHECK_FAIL]: -1
[PRECHECK_FAIL]: -1
[PRECHECK_FAIL]: -1
[PRECHECK_FAIL]: -1
[PRECHECK_FAIL]: -1
[PRECHECK_FAIL]: -1
[PRECHECK_FAIL]: -1
[PRECHECK_FAIL]: -1
[PRECHECK_FAIL]: -1
[PRECHECK_FAIL]: -1
[PRECHECK_FAIL]: -1
[PRECHECK_FAIL]: -1
[PRECHECK_FAIL]: -1
[PRECHECK_FAIL]: -1
[PRECHECK_FAIL]: -1
[PRECHECK_FAIL]: -1
[PRECHECK_FAIL]: -1
[PRECHECK_FAIL]: -1
[PRECHECK_FAIL]: -1
[PRECHECK_FAIL]: -1
[PRECHECK_FAIL]: -1
[PRECHECK_FAIL]: -1
[PRECHECK_FAIL]: -1
[PRECHECK_FAIL]: -1
[PRECHECK_FAIL]: -1
[PRECHECK_FAIL]: -1
[PRECHECK_FAIL]: -1
[PRECHECK_FAIL]: -1
[PRECHECK_FAIL]: -1
[PRECHECK_FAIL]: -1
[PRECHECK_FAIL]: -1
[PRECHECK_FAIL]: -1
[PRECHECK_FAIL]: -1
[PRECHECK_FAIL]: -1
[PRECHECK_FAIL]: -1
[PRECHECK_FAIL]: -1
[PRECHECK_FAIL]: -1
[PRECHECK_FAIL]: -1
[PRECHECK_FAIL]: -1
[PRECHECK_FAIL]: -1
[PRECHECK_FAIL]: -1
[PRECHECK_FAIL]: -1
[PRECHECK_FAIL]: -1
[PRECHECK_FAIL]: -1
[PRECHECK_FAIL]: -1
[PRECHECK_FAIL]: -1
[PRECHECK_FAIL]: -1
[PRECHECK_FAIL]: -1
[PRECHECK_FAIL]: -1
[PRECHECK_FAIL]: -1
[PRECHECK_FAIL]: -1
[PRECHECK_FAIL]: -1
[PRECHECK_FAIL]: -1
[PRECHECK_FAIL]: -1
[PRECHECK_FAIL]: -1
[PRECHECK_FAIL]: -1
[PRECHECK_FAIL]: -1
[PRECHECK_FAIL]: -1
[PRECHECK_FAIL]: -1
[PRECHECK_FAIL]: -1
[PRECHECK_FAIL]: -1
[PRECHECK_FAIL]: -1
[PRECHECK_FAIL]: -1
[PRECHECK_FAIL]: -1
[PRECHECK_FAIL]: -1
[PRECHECK_FAIL]: -1
[PRECHECK_FAIL]: -1
[PRECHECK_FAIL]: -1
[PRECHECK_FAIL]: -1
[PRECHECK_FAIL]: -1
[PRECHECK_FAIL]: -1
[PRECHECK_FAIL]: -1
[PRECHECK_FAIL]: -1
[PRECHECK_FAIL]: -1
[PRECHECK_FAIL]: -1
[PRECHECK_FAIL]: -1
[PRECHECK_FAIL]: -1
[PRECHECK_FAIL]: -1
[PRECHECK_FAIL]: -1
[PRECHECK_FAIL]: -1
[PRECHECK_FAIL]: -1
[PRECHECK_FAIL]: -1
[PRECHECK_FAIL]: -1
[PRECHECK_FAIL]: -1
[PRECHECK_FAIL]: -1
[PRECHECK_FAIL]: -1
[PRECHECK_FAIL]: -1
[PRECHECK_FAIL]: -1
[PRECHECK_FAIL]: -1
[PRECHECK_FAIL]: -1
[PRECHECK_FAIL]: -1
[PRECHECK_FAIL]: -1
[PRECHECK_FAIL]: -1
[PRECHECK_FAIL]: -1
[PRECHECK_FAIL]: -1
[PRECHECK_FAIL]: -1
[PRECHECK_FAIL]: -1
[PRECHECK_FAIL]: -1
[PRECHECK_FAIL]: -1
[PRECHECK_FAIL]: -1
[PRECHECK_FAIL]: -1
[PRECHECK_FAIL]: -1
[PRECHECK_FAIL]: -1
[PRECHECK_FAIL]: -1
[PRECHECK_FAIL]: -1
[PRECHECK_FAIL]: -1
[PRECHECK_FAIL]: -1
[PRECHECK_FAIL]: -1
[PRECHECK_FAIL]: -1
[PRECHECK_FAIL]: -1
[PRECHECK_FAIL]: -1
[PRECHECK_FAIL]: -1
[PRECHECK_FAIL]: -1
[PRECHECK_FAIL]: -1
[PRECHECK_FAIL]: -1
[PRECHECK_FAIL]: -1
[PRECHECK_FAIL]: -1
[PRECHECK_FAIL]: -1
[PRECHECK_FAIL]: -1
[PRECHECK_FAIL]: -1
[PRECHECK_FAIL]: -1
[PRECHECK_FAIL]: -1
[PRECHECK_FAIL]: -1
[PRECHECK_FAIL]: -1
[PRECHECK_FAIL]: -1
[PRECHECK_FAIL]: -1
[PRECHECK_FAIL]: -1
[PRECHECK_FAIL]: -1
[PRECHECK_FAIL]: -1
[PRECHECK_FAIL]: -1
[PRECHECK_FAIL]: -1
[PRECHECK_FAIL]: -1
[PRECHECK_FAIL]: -1
[PRECHECK_FAIL]: -1
[PRECHECK_FAIL]: -1
[PRECHECK_FAIL]: -1
[PRECHECK_FAIL]: -1
[PRECHECK_FAIL]: -1
[PRECHECK_FAIL]: -1
[PRECHECK_FAIL]: -1
[PRECHECK_FAIL]: -1
[PRECHECK_FAIL]: -1
[PRECHECK_FAIL]: -1
[PRECHECK_FAIL]: -1
[PRECHECK_FAIL]: -1
[PRECHECK_FAIL]: -1
[PRECHECK_FAIL]: -1
[PRECHECK_FAIL]: -1
[PRECHECK_FAIL]: -1
[PRECHECK_FAIL]: -1
[PRECHECK_FAIL]: -1
[PRECHECK_FAIL]: -1
[PRECHECK_FAIL]: -1
[PRECHECK_FAIL]: -1
[PRECHECK_FAIL]: -1
[PRECHECK_FAIL]: -1
[PRECHECK_FAIL]: -1
[PRECHECK_FAIL]: -1
[PRECHECK_FAIL]: -1
[PRECHECK_FAIL]: -1
[PRECHECK_FAIL]: -1
[PRECHECK_FAIL]: -1
[PRECHECK_FAIL]: -1
[PRECHECK_FAIL]: -1
[PRECHECK_FAIL]: -1
[PRECHECK_FAIL]: -1
[PRECHECK_FAIL]: -1
[PRECHECK_FAIL]: -1
[PRECHECK_FAIL]: -1
[PRECHECK_FAIL]: -1
[PRECHECK_FAIL]: -1
[PRECHECK_FAIL]: -1
[PRECHECK_FAIL]: -1
[PRECHECK_FAIL]: -1
[PRECHECK_FAIL]: -1
[PRECHECK_FAIL]: -1
[PRECHECK_FAIL]: -1
[PRECHECK_FAIL]: -1
[PRECHECK_FAIL]: -1
[PRECHECK_FAIL]: -1
[PRECHECK_FAIL]: -1
[PRECHECK_FAIL]: -1
[PRECHECK_FAIL]: -1
[PRECHECK_FAIL]: -1
[PRECHECK_FAIL]: -1
[PRECHECK_FAIL]: -1
[PRECHECK_FAIL]: -1
[PRECHECK_FAIL]: -1
[PRECHECK_FAIL]: -1
[PRECHECK_FAIL]: -1
[PRECHECK_FAIL]: -1
[PRECHECK_FAIL]: -1
[PRECHECK_FAIL]: -1
[PRECHECK_FAIL]: -1
[PRECHECK_FAIL]: -1
[PRECHECK_FAIL]: -1
[PRECHECK_FAIL]: -1
[PRECHECK_FAIL]: -1
[PRECHECK_FAIL]: -1
[PRECHECK_FAIL]: -1
[PRECHECK_FAIL]: -1
[PRECHECK_FAIL]: -1
[PRECHECK_FAIL]: -1
[PRECHECK_FAIL]: -1
[PRECHECK_FAIL]: -1
[PRECHECK_FAIL]: -1
[PRECHECK_FAIL]: -1
[PRECHECK_FAIL]: -1
[PRECHECK_FAIL]: -1
[PRECHECK_FAIL]: -1
[PRECHECK_FAIL]: -1
[PRECHECK_FAIL]: -1
[PRECHECK_FAIL]: -1
[PRECHECK_FAIL]: -1
[PRECHECK_FAIL]: -1
[PRECHECK_FAIL]: -1
[PRECHECK_FAIL]: -1
[PRECHECK_FAIL]: -1
[PRECHECK_FAIL]: -1
[PRECHECK_FAIL]: -1
[PRECHECK_FAIL]: -1
[PRECHECK_FAIL]: -1
[PRECHECK_FAIL]: -1
[PRECHECK_FAIL]: -1
[PRECHECK_FAIL]: -1
[PRECHECK_FAIL]: -1
[PRECHECK_FAIL]: -1
[PRECHECK_FAIL]: -1
[PRECHECK_FAIL]: -1
[PRECHECK_FAIL]: -1
[PRECHECK_FAIL]: -1
[PRECHECK_FAIL]: -1
[PRECHECK_FAIL]: -1
[PRECHECK_FAIL]: -1
[PRECHECK_FAIL]: -1
[PRECHECK_FAIL]: -1
[PRECHECK_FAIL]: -1
[PRECHECK_FAIL]: -1
[PRECHECK_FAIL]: -1
[PRECHECK_FAIL]: -1
[PRECHECK_FAIL]: -1
[PRECHECK_FAIL]: -1
[PRECHECK_FAIL]: -1
[PRECHECK_FAIL]: -1
[PRECHECK_FAIL]: -1
[PRECHECK_FAIL]: -1
[PRECHECK_FAIL]: -1
[PRECHECK_FAIL]: -1
[PRECHECK_FAIL]: -1
[PRECHECK_FAIL]: -1
[PRECHECK_FAIL]: -1
[PRECHECK_FAIL]: -1
[PRECHECK_FAIL]: -1
[PRECHECK_FAIL]: -1
[PRECHECK_FAIL]: -1
[PRECHECK_FAIL]: -1
[PRECHECK_FAIL]: -1
[PRECHECK_FAIL]: -1
[PRECHECK_FAIL]: -1
[PRECHECK_FAIL]: -1
[PRECHECK_FAIL]: -1
[PRECHECK_FAIL]: -1
[PRECHECK_FAIL]: -1
[PRECHECK_FAIL]: -1
[PRECHECK_FAIL]: -1
[PRECHECK_FAIL]: -1
[PRECHECK_FAIL]: -1
[PRECHECK_FAIL]: -1
[PRECHECK_FAIL]: -1
[PRECHECK_FAIL]: -1
[PRECHECK_FAIL]: -1
[PRECHECK_FAIL]: -1
[PRECHECK_FAIL]: -1
[PRECHECK_FAIL]: -1
[PRECHECK_FAIL]: -1
[PRECHECK_FAIL]: -1
[PRECHECK_FAIL]: -1
[PRECHECK_FAIL]: -1
[PRECHECK_FAIL]: -1
[PRECHECK_FAIL]: -1
[PRECHECK_FAIL]: -1
[PRECHECK_FAIL]: -1
[PRECHECK_FAIL]: -1
[PRECHECK_FAIL]: -1
[PRECHECK_FAIL]: -1
[PRECHECK_FAIL]: -1
[PRECHECK_FAIL]: -1
[PRECHECK_FAIL]: -1
[PRECHECK_FAIL]: -1
[PRECHECK_FAIL]: -1
[PRECHECK_FAIL]: -1
[PRECHECK_FAIL]: -1
[PRECHECK_FAIL]: -1
[PRECHECK_FAIL]: -1
[PRECHECK_FAIL]: -1
[PRECHECK_FAIL]: -1
[PRECHECK_FAIL]: -1
[PRECHECK_FAIL]: -1
[PRECHECK_FAIL]: -1
[PRECHECK_FAIL]: -1
[PRECHECK_FAIL]: -1
[PRECHECK_FAIL]: -1
[PRECHECK_FAIL]: -1
[PRECHECK_FAIL]: -1
[PRECHECK_FAIL]: -1
[PRECHECK_FAIL]: -1
[PRECHECK_FAIL]: -1
[PRECHECK_FAIL]: -1
[PRECHECK_FAIL]: -1
[PRECHECK_FAIL]: -1
[PRECHECK_FAIL]: -1
[PRECHECK_FAIL]: -1
[PRECHECK_FAIL]: -1
[PRECHECK_FAIL]: -1
[PRECHECK_FAIL]: -1
[PRECHECK_FAIL]: -1
[PRECHECK_FAIL]: -1
[PRECHECK_FAIL]: -1
[PRECHECK_FAIL]: -1
[PRECHECK_FAIL]: -1
[PRECHECK_FAIL]: -1
[PRECHECK_FAIL]: -1
[PRECHECK_FAIL]: -1
[PRECHECK_FAIL]: -1
[PRECHECK_FAIL]: -1
[PRECHECK_FAIL]: -1
[PRECHECK_FAIL]: -1
[PRECHECK_FAIL]: -1
[PRECHECK_FAIL]: -1
[PRECHECK_FAIL]: -1
[PRECHECK_FAIL]: -1
[PRECHECK_FAIL]: -1
[PRECHECK_FAIL]: -1
[PRECHECK_FAIL]: -1
[PRECHECK_FAIL]: -1
[PRECHECK_FAIL]: -1
[PRECHECK_FAIL]: -1
[PRECHECK_FAIL]: -1
[PRECHECK_FAIL]: -1
[PRECHECK_FAIL]: -1
[PRECHECK_FAIL]: -1
[PRECHECK_FAIL]: -1
[PRECHECK_FAIL]: -1
[PRECHECK_FAIL]: -1
[PRECHECK_FAIL]: -1
[PRECHECK_FAIL]: -1
[PRECHECK_FAIL]: -1
[PRECHECK_FAIL]: -1
[PRECHECK_FAIL]: -1
[PRECHECK_FAIL]: -1
[PRECHECK_FAIL]: -1
[PRECHECK_FAIL]: -1
[PRECHECK_FAIL]: -1
[PRECHECK_FAIL]: -1
[PRECHECK_FAIL]: -1
[PRECHECK_FAIL]: -1
[PRECHECK_FAIL]: -1
[PRECHECK_FAIL]: -1
[PRECHECK_FAIL]: -1
[PRECHECK_FAIL]: -1
[PRECHECK_FAIL]: -1
[PRECHECK_FAIL]: -1
[PRECHECK_FAIL]: -1
[PRECHECK_FAIL]: -1
[PRECHECK_FAIL]: -1
[PRECHECK_FAIL]: -1
[PRECHECK_FAIL]: -1
[PRECHECK_FAIL]: -1
[PRECHECK_FAIL]: -1
[PRECHECK_FAIL]: -1
[PRECHECK_FAIL]: -1
[PRECHECK_FAIL]: -1
[PRECHECK_FAIL]: -1
[PRECHECK_FAIL]: -1
[PRECHECK_FAIL]: -1
[PRECHECK_FAIL]: -1
[PRECHECK_FAIL]: -1
[PRECHECK_FAIL]: -1
[PRECHECK_FAIL]: -1
[PRECHECK_FAIL]: -1
[PRECHECK_FAIL]: -1
[PRECHECK_FAIL]: -1
[PRECHECK_FAIL]: -1
[PRECHECK_FAIL]: -1
[PRECHECK_FAIL]: -1
[PRECHECK_FAIL]: -1
[PRECHECK_FAIL]: -1
[PRECHECK_FAIL]: -1
[PRECHECK_FAIL]: -1
[PRECHECK_FAIL]: -1
[PRECHECK_FAIL]: -1
[PRECHECK_FAIL]: -1
[PRECHECK_FAIL]: -1
[PRECHECK_FAIL]: -1
[PRECHECK_FAIL]: -1
[PRECHECK_FAIL]: -1
[PRECHECK_FAIL]: -1
[PRECHECK_FAIL]: -1
[PRECHECK_FAIL]: -1
[PRECHECK_FAIL]: -1
[PRECHECK_FAIL]: -1
[PRECHECK_FAIL]: -1
[PRECHECK_FAIL]: -1
[PRECHECK_FAIL]: -1
[PRECHECK_FAIL]: -1
[PRECHECK_FAIL]: -1
[PRECHECK_FAIL]: -1
[PRECHECK_FAIL]: -1
[PRECHECK_FAIL]: -1
[PRECHECK_FAIL]: -1
[PRECHECK_FAIL]: -1
[PRECHECK_FAIL]: -1
[PRECHECK_FAIL]: -1
[PRECHECK_FAIL]: -1
[PRECHECK_FAIL]: -1
[PRECHECK_FAIL]: -1
[PRECHECK_FAIL]: -1
[PRECHECK_FAIL]: -1
[PRECHECK_FAIL]: -1
[PRECHECK_FAIL]: -1
[PRECHECK_FAIL]: -1
[PRECHECK_FAIL]: -1
[PRECHECK_FAIL]: -1
[PRECHECK_FAIL]: -1
[PRECHECK_FAIL]: -1
[PRECHECK_FAIL]: -1
[PRECHECK_FAIL]: -1
[PRECHECK_FAIL]: -1
[PRECHECK_FAIL]: -1
[PRECHECK_FAIL]: -1
[PRECHECK_FAIL]: -1
[PRECHECK_FAIL]: -1
[PRECHECK_FAIL]: -1
[PRECHECK_FAIL]: -1
[PRECHECK_FAIL]: -1
[PRECHECK_FAIL]: -1
[PRECHECK_FAIL]: -1
[PRECHECK_FAIL]: -1
[PRECHECK_FAIL]: -1
[PRECHECK_FAIL]: -1
[PRECHECK_FAIL]: -1
[PRECHECK_FAIL]: -1
[PRECHECK_FAIL]: -1
[PRECHECK_FAIL]: -1
[PRECHECK_FAIL]: -1
[PRECHECK_FAIL]: -1
[PRECHECK_FAIL]: -1
[PRECHECK_FAIL]: -1
[PRECHECK_FAIL]: -1
[PRECHECK_FAIL]: -1
[PRECHECK_FAIL]: -1
[PRECHECK_FAIL]: -1
[PRECHECK_FAIL]: -1
[PRECHECK_FAIL]: -1
[PRECHECK_FAIL]: -1
[PRECHECK_FAIL]: -1
[PRECHECK_FAIL]: -1
[PRECHECK_FAIL]: -1
[PRECHECK_FAIL]: -1
[PRECHECK_FAIL]: -1
[PRECHECK_FAIL]: -1
[PRECHECK_FAIL]: -1
[PRECHECK_FAIL]: -1
[PRECHECK_FAIL]: -1
[PRECHECK_FAIL]: -1
[PRECHECK_FAIL]: -1
[PRECHECK_FAIL]: -1
[PRECHECK_FAIL]: -1
[PRECHECK_FAIL]: -1
[PRECHECK_FAIL]: -1
[PRECHECK_FAIL]: -1
[PRECHECK_FAIL]: -1
[PRECHECK_FAIL]: -1
[PRECHECK_FAIL]: -1
[PRECHECK_FAIL]: -1
[PRECHECK_FAIL]: -1
[PRECHECK_FAIL]: -1
[PRECHECK_FAIL]: -1
[PRECHECK_FAIL]: -1
[PRECHECK_FAIL]: -1
[PRECHECK_FAIL]: -1
[PRECHECK_FAIL]: -1
[PRECHECK_FAIL]: -1
[PRECHECK_FAIL]: -1
[PRECHECK_FAIL]: -1
[PRECHECK_FAIL]: -1
[PRECHECK_FAIL]: -1
[PRECHECK_FAIL]: -1
[PRECHECK_FAIL]: -1
[PRECHECK_FAIL]: -1
[PRECHECK_FAIL]: -1
[PRECHECK_FAIL]: -1
[PRECHECK_FAIL]: -1
[PRECHECK_FAIL]: -1
[PRECHECK_FAIL]: -1
[PRECHECK_FAIL]: -1
[PRECHECK_FAIL]: -1
[PRECHECK_FAIL]: -1
[PRECHECK_FAIL]: -1
[PRECHECK_FAIL]: -1
[PRECHECK_FAIL]: -1
[PRECHECK_FAIL]: -1
[PRECHECK_FAIL]: -1
[PRECHECK_FAIL]: -1
[PRECHECK_FAIL]: -1
[PRECHECK_FAIL]: -1
[PRECHECK_FAIL]: -1
[PRECHECK_FAIL]: -1
[PRECHECK_FAIL]: -1
[PRECHECK_FAIL]: -1
[PRECHECK_FAIL]: -1
[PRECHECK_FAIL]: -1
[PRECHECK_FAIL]: -1
[PRECHECK_FAIL]: -1
[PRECHECK_FAIL]: -1
[PRECHECK_FAIL]: -1
[PRECHECK_FAIL]: -1
[PRECHECK_FAIL]: -1
[PRECHECK_FAIL]: -1
[PRECHECK_FAIL]: -1
[PRECHECK_FAIL]: -1
[PRECHECK_FAIL]: -1
[PRECHECK_FAIL]: -1
[PRECHECK_FAIL]: -1
[PRECHECK_FAIL]: -1
[PRECHECK_FAIL]: -1
[PRECHECK_FAIL]: -1
[PRECHECK_FAIL]: -1
[PRECHECK_FAIL]: -1
[PRECHECK_FAIL]: -1
[PRECHECK_FAIL]: -1
[PRECHECK_FAIL]: -1
[PRECHECK_FAIL]: -1
[PRECHECK_FAIL]: -1
[PRECHECK_FAIL]: -1
[PRECHECK_FAIL]: -1
[PRECHECK_FAIL]: -1
[PRECHECK_FAIL]: -1
[PRECHECK_FAIL]: -1
[PRECHECK_FAIL]: -1
[PRECHECK_FAIL]: -1
[PRECHECK_FAIL]: -1
[PRECHECK_FAIL]: -1
[PRECHECK_FAIL]: -1
[PRECHECK_FAIL]: -1
[PRECHECK_FAIL]: -1
[PRECHECK_FAIL]: -1
[PRECHECK_FAIL]: -1
[PRECHECK_FAIL]: -1
[PRECHECK_FAIL]: -1
[PRECHECK_FAIL]: -1
[PRECHECK_FAIL]: -1
[PRECHECK_FAIL]: -1
[PRECHECK_FAIL]: -1
[PRECHECK_FAIL]: -1
[PRECHECK_FAIL]: -1
[PRECHECK_FAIL]: -1
[PRECHECK_FAIL]: -1
[PRECHECK_FAIL]: -1
[PRECHECK_FAIL]: -1
[PRECHECK_FAIL]: -1
[PRECHECK_FAIL]: -1
[PRECHECK_FAIL]: -1
[PRECHECK_FAIL]: -1
[PRECHECK_FAIL]: -1
[PRECHECK_FAIL]: -1
[PRECHECK_FAIL]: -1
[PRECHECK_FAIL]: -1
[PRECHECK_FAIL]: -1
[PRECHECK_FAIL]: -1
[PRECHECK_FAIL]: -1
[PRECHECK_FAIL]: -1
[PRECHECK_FAIL]: -1
[PRECHECK_FAIL]: -1
[PRECHECK_FAIL]: -1
[PRECHECK_FAIL]: -1
[PRECHECK_FAIL]: -1
[PRECHECK_FAIL]: -1
[PRECHECK_FAIL]: -1
[PRECHECK_FAIL]: -1
[PRECHECK_FAIL]: -1
[PRECHECK_FAIL]: -1
[PRECHECK_FAIL]: -1
[PRECHECK_FAIL]: -1
[PRECHECK_FAIL]: -1
[PRECHECK_FAIL]: -1
[PRECHECK_FAIL]: -1
[PRECHECK_FAIL]: -1
[PRECHECK_FAIL]: -1
[PRECHECK_FAIL]: -1
[PRECHECK_FAIL]: -1
[PRECHECK_FAIL]: -1
[PRECHECK_FAIL]: -1
[PRECHECK_FAIL]: -1
[PRECHECK_FAIL]: -1
[PRECHECK_FAIL]: -1
[PRECHECK_FAIL]: -1
[PRECHECK_FAIL]: -1
[PRECHECK_FAIL]: -1
[PRECHECK_FAIL]: -1
[PRECHECK_FAIL]: -1
[PRECHECK_FAIL]: -1
[PRECHECK_FAIL]: -1
[PRECHECK_FAIL]: -1
[PRECHECK_FAIL]: -1
[PRECHECK_FAIL]: -1
[PRECHECK_FAIL]: -1
[PRECHECK_FAIL]: -1
[PRECHECK_FAIL]: -1
[PRECHECK_FAIL]: -1
[PRECHECK_FAIL]: -1
[PRECHECK_FAIL]: -1
[PRECHECK_FAIL]: -1
[PRECHECK_FAIL]: -1
[PRECHECK_FAIL]: -1
[PRECHECK_FAIL]: -1
[PRECHECK_FAIL]: -1
[PRECHECK_FAIL]: -1
[PRECHECK_FAIL]: -1
[PRECHECK_FAIL]: -1
[PRECHECK_FAIL]: -1
[PRECHECK_FAIL]: -1
[PRECHECK_FAIL]: -1
[PRECHECK_FAIL]: -1
[PRECHECK_FAIL]: -1
[PRECHECK_FAIL]: -1
[PRECHECK_FAIL]: -1
[PRECHECK_FAIL]: -1
[PRECHECK_FAIL]: -1
[PRECHECK_FAIL]: -1
[PRECHECK_FAIL]: -1
[PRECHECK_FAIL]: -1
[PRECHECK_FAIL]: -1
[PRECHECK_FAIL]: -1
[PRECHECK_FAIL]: -1
[PRECHECK_FAIL]: -1
[PRECHECK_FAIL]: -1
[PRECHECK_FAIL]: -1
[PRECHECK_FAIL]: -1
[PRECHECK_FAIL]: -1
[PRECHECK_FAIL]: -1
[PRECHECK_FAIL]: -1
[PRECHECK_FAIL]: -1
[PRECHECK_FAIL]: -1
[PRECHECK_FAIL]: -1
[PRECHECK_FAIL]: -1
[PRECHECK_FAIL]: -1
[PRECHECK_FAIL]: -1
[PRECHECK_FAIL]: -1
[PRECHECK_FAIL]: -1
[PRECHECK_FAIL]: -1
[PRECHECK_FAIL]: -1
[PRECHECK_FAIL]: -1
[PRECHECK_FAIL]: -1
[PRECHECK_FAIL]: -1
[PRECHECK_FAIL]: -1
[PRECHECK_FAIL]: -1
[PRECHECK_FAIL]: -1
[PRECHECK_FAIL]: -1
[PRECHECK_FAIL]: -1
[PRECHECK_FAIL]: -1
[PRECHECK_FAIL]: -1
[PRECHECK_FAIL]: -1
[PRECHECK_FAIL]: -1
[PRECHECK_FAIL]: -1
[PRECHECK_FAIL]: -1
[PRECHECK_FAIL]: -1
[PRECHECK_FAIL]: -1
[PRECHECK_FAIL]: -1
[PRECHECK_FAIL]: -1
[PRECHECK_FAIL]: -1
[PRECHECK_FAIL]: -1
[PRECHECK_FAIL]: -1
[PRECHECK_FAIL]: -1
[PRECHECK_FAIL]: -1
[PRECHECK_FAIL]: -1
[PRECHECK_FAIL]: -1
[PRECHECK_FAIL]: -1
[PRECHECK_FAIL]: -1
[PRECHECK_FAIL]: -1
[PRECHECK_FAIL]: -1
[PRECHECK_FAIL]: -1
[PRECHECK_FAIL]: -1
[PRECHECK_FAIL]: -1
[PRECHECK_FAIL]: -1
[PRECHECK_FAIL]: -1
[PRECHECK_FAIL]: -1
[PRECHECK_FAIL]: -1
[PRECHECK_FAIL]: -1
[PRECHECK_FAIL]: -1
[PRECHECK_FAIL]: -1
[PRECHECK_FAIL]: -1
[PRECHECK_FAIL]: -1
[PRECHECK_FAIL]: -1
[PRECHECK_FAIL]: -1
[PRECHECK_FAIL]: -1
[PRECHECK_FAIL]: -1
[PRECHECK_FAIL]: -1
[PRECHECK_FAIL]: -1
[PRECHECK_FAIL]: -1
[PRECHECK_FAIL]: -1
[PRECHECK_FAIL]: -1
[PRECHECK_FAIL]: -1
[PRECHECK_FAIL]: -1
[PRECHECK_FAIL]: -1
[PRECHECK_FAIL]: -1
[PRECHECK_FAIL]: -1
[PRECHECK_FAIL]: -1
[PRECHECK_FAIL]: -1
[PRECHECK_FAIL]: -1
[PRECHECK_FAIL]: -1
[PRECHECK_FAIL]: -1
[PRECHECK_FAIL]: -1
[PRECHECK_FAIL]: -1
[PRECHECK_FAIL]: -1
[PRECHECK_FAIL]: -1
[PRECHECK_FAIL]: -1
[PRECHECK_FAIL]: -1
[PRECHECK_FAIL]: -1
[PRECHECK_FAIL]: -1
[PRECHECK_FAIL]: -1
[PRECHECK_FAIL]: -1
[PRECHECK_FAIL]: -1
[PRECHECK_FAIL]: -1
[PRECHECK_FAIL]: -1
[PRECHECK_FAIL]: -1
[PRECHECK_FAIL]: -1
[PRECHECK_FAIL]: -1
[PRECHECK_FAIL]: -1
[PRECHECK_FAIL]: -1
[PRECHECK_FAIL]: -1
[PRECHECK_FAIL]: -1
[PRECHECK_FAIL]: -1
[PRECHECK_FAIL]: -1
[PRECHECK_FAIL]: -1
[PRECHECK_FAIL]: -1
[PRECHECK_FAIL]: -1
[PRECHECK_FAIL]: -1
[PRECHECK_FAIL]: -1
[PRECHECK_FAIL]: -1
[PRECHECK_FAIL]: -1
[PRECHECK_FAIL]: -1
[PRECHECK_FAIL]: -1
[PRECHECK_FAIL]: -1
[PRECHECK_FAIL]: -1
[PRECHECK_FAIL]: -1
[PRECHECK_FAIL]: -1
[PRECHECK_FAIL]: -1
[PRECHECK_FAIL]: -1
[PRECHECK_FAIL]: -1
[PRECHECK_FAIL]: -1
[PRECHECK_FAIL]: -1
[PRECHECK_FAIL]: -1
[PRECHECK_FAIL]: -1
[PRECHECK_FAIL]: -1
[PRECHECK_FAIL]: -1
[PRECHECK_FAIL]: -1
[PRECHECK_FAIL]: -1
[PRECHECK_FAIL]: -1
[PRECHECK_FAIL]: -1
[PRECHECK_FAIL]: -1
[PRECHECK_FAIL]: -1
[PRECHECK_FAIL]: -1
[PRECHECK_FAIL]: -1
[PRECHECK_FAIL]: -1
[PRECHECK_FAIL]: -1
[PRECHECK_FAIL]: -1
[PRECHECK_FAIL]: -1
[PRECHECK_FAIL]: -1
[PRECHECK_FAIL]: -1
[PRECHECK_FAIL]: -1
[PRECHECK_FAIL]: -1
[PRECHECK_FAIL]: -1
[PRECHECK_FAIL]: -1
[PRECHECK_FAIL]: -1
[PRECHECK_FAIL]: -1
[PRECHECK_FAIL]: -1
[PRECHECK_FAIL]: -1
[PRECHECK_FAIL]: -1
[PRECHECK_FAIL]: -1
[PRECHECK_FAIL]: -1
[PRECHECK_FAIL]: -1
[PRECHECK_FAIL]: -1
[PRECHECK_FAIL]: -1
[PRECHECK_FAIL]: -1
[PRECHECK_FAIL]: -1
[PRECHECK_FAIL]: -1
[PRECHECK_FAIL]: -1
[PRECHECK_FAIL]: -1
[PRECHECK_FAIL]: -1
[PRECHECK_FAIL]: -1
[PRECHECK_FAIL]: -1
[PRECHECK_FAIL]: -1
[PRECHECK_FAIL]: -1
[PRECHECK_FAIL]: -1
[PRECHECK_FAIL]: -1
[PRECHECK_FAIL]: -1
[PRECHECK_FAIL]: -1
[PRECHECK_FAIL]: -1
[PRECHECK_FAIL]: -1
[PRECHECK_FAIL]: -1
[PRECHECK_FAIL]: -1
[PRECHECK_FAIL]: -1
[PRECHECK_FAIL]: -1
[PRECHECK_FAIL]: -1
[PRECHECK_FAIL]: -1
[PRECHECK_FAIL]: -1
[PRECHECK_FAIL]: -1
[PRECHECK_FAIL]: -1
[PRECHECK_FAIL]: -1
[PRECHECK_FAIL]: -1
[PRECHECK_FAIL]: -1
[PRECHECK_FAIL]: -1
[PRECHECK_FAIL]: -1
[PRECHECK_FAIL]: -1
[PRECHECK_FAIL]: -1
[PRECHECK_FAIL]: -1
[PRECHECK_FAIL]: -1
[PRECHECK_FAIL]: -1
[PRECHECK_FAIL]: -1
[PRECHECK_FAIL]: -1
[PRECHECK_FAIL]: -1
[PRECHECK_FAIL]: -1
[PRECHECK_FAIL]: -1
[PRECHECK_FAIL]: -1
[PRECHECK_FAIL]: -1
[PRECHECK_FAIL]: -1
[PRECHECK_FAIL]: -1
[PRECHECK_FAIL]: -1
[PRECHECK_FAIL]: -1
[PRECHECK_FAIL]: -1
[PRECHECK_FAIL]: -1
[PRECHECK_FAIL]: -1
[PRECHECK_FAIL]: -1
[PRECHECK_FAIL]: -1
[PRECHECK_FAIL]: -1
[PRECHECK_FAIL]: -1
[PRECHECK_FAIL]: -1
[PRECHECK_FAIL]: -1
[PRECHECK_FAIL]: -1
[PRECHECK_FAIL]: -1
[PRECHECK_FAIL]: -1
[PRECHECK_FAIL]: -1
[PRECHECK_FAIL]: -1
[PRECHECK_FAIL]: -1
[PRECHECK_FAIL]: -1
[PRECHECK_FAIL]: -1
[PRECHECK_FAIL]: -1
[PRECHECK_FAIL]: -1
[PRECHECK_FAIL]: -1
[PRECHECK_FAIL]: -1
[PRECHECK_FAIL]: -1
[PRECHECK_FAIL]: -1
[PRECHECK_FAIL]: -1
[PRECHECK_FAIL]: -1
[PRECHECK_FAIL]: -1
[PRECHECK_FAIL]: -1
[PRECHECK_FAIL]: -1
[PRECHECK_FAIL]: -1
[PRECHECK_FAIL]: -1
[PRECHECK_FAIL]: -1
[PRECHECK_FAIL]: -1
[PRECHECK_FAIL]: -1
[PRECHECK_FAIL]: -1
[PRECHECK_FAIL]: -1
[PRECHECK_FAIL]: -1
[PRECHECK_FAIL]: -1
[PRECHECK_FAIL]: -1
[PRECHECK_FAIL]: -1
[PRECHECK_FAIL]: -1
[PRECHECK_FAIL]: -1
[PRECHECK_FAIL]: -1
[PRECHECK_FAIL]: -1
[PRECHECK_FAIL]: -1
[PRECHECK_FAIL]: -1
[PRECHECK_FAIL]: -1
[PRECHECK_FAIL]: -1
[PRECHECK_FAIL]: -1
[PRECHECK_FAIL]: -1
[PRECHECK_FAIL]: -1
[PRECHECK_FAIL]: -1
[PRECHECK_FAIL]: -1
[PRECHECK_FAIL]: -1
[PRECHECK_FAIL]: -1
[PRECHECK_FAIL]: -1
[PRECHECK_FAIL]: -1
[PRECHECK_FAIL]: -1
[PRECHECK_FAIL]: -1
[PRECHECK_FAIL]: -1
[PRECHECK_FAIL]: -1
[PRECHECK_FAIL]: -1
[PRECHECK_FAIL]: -1
[PRECHECK_FAIL]: -1
[PRECHECK_FAIL]: -1
[PRECHECK_FAIL]: -1
[PRECHECK_FAIL]: -1
[PRECHECK_FAIL]: -1
[PRECHECK_FAIL]: -1
[PRECHECK_FAIL]: -1
[PRECHECK_FAIL]: -1
[PRECHECK_FAIL]: -1
[PRECHECK_FAIL]: -1
[PRECHECK_FAIL]: -1
[PRECHECK_FAIL]: -1
[PRECHECK_FAIL]: -1
[PRECHECK_FAIL]: -1
[PRECHECK_FAIL]: -1
[PRECHECK_FAIL]: -1
[PRECHECK_FAIL]: -1
[PRECHECK_FAIL]: -1
[PRECHECK_FAIL]: -1
[PRECHECK_FAIL]: -1
[PRECHECK_FAIL]: -1
[PRECHECK_FAIL]: -1
[PRECHECK_FAIL]: -1
[PRECHECK_FAIL]: -1
[PRECHECK_FAIL]: -1
[PRECHECK_FAIL]: -1
[PRECHECK_FAIL]: -1
[PRECHECK_FAIL]: -1
[PRECHECK_FAIL]: -1
[PRECHECK_FAIL]: -1
[PRECHECK_FAIL]: -1
[PRECHECK_FAIL]: -1
[PRECHECK_FAIL]: -1
[PRECHECK_FAIL]: -1
[PRECHECK_FAIL]: -1
[PRECHECK_FAIL]: -1
[PRECHECK_FAIL]: -1
[PRECHECK_FAIL]: -1
[PRECHECK_FAIL]: -1
[PRECHECK_FAIL]: -1
[PRECHECK_FAIL]: -1
[PRECHECK_FAIL]: -1
[PRECHECK_FAIL]: -1
[PRECHECK_FAIL]: -1
[PRECHECK_FAIL]: -1
[PRECHECK_FAIL]: -1
[PRECHECK_FAIL]: -1
[PRECHECK_FAIL]: -1
[PRECHECK_FAIL]: -1
[PRECHECK_FAIL]: -1
[PRECHECK_FAIL]: -1
[PRECHECK_FAIL]: -1
[PRECHECK_FAIL]: -1
[PRECHECK_FAIL]: -1
[PRECHECK_FAIL]: -1
[PRECHECK_FAIL]: -1
[PRECHECK_FAIL]: -1
[PRECHECK_FAIL]: -1
[PRECHECK_FAIL]: -1
[PRECHECK_FAIL]: -1
[PRECHECK_FAIL]: -1
[PRECHECK_FAIL]: -1
[PRECHECK_FAIL]: -1
[PRECHECK_FAIL]: -1
[PRECHECK_FAIL]: -1
[PRECHECK_FAIL]: -1
[PRECHECK_FAIL]: -1
[PRECHECK_FAIL]: -1
[PRECHECK_FAIL]: -1
[PRECHECK_FAIL]: -1
[PRECHECK_FAIL]: -1
[PRECHECK_FAIL]: -1
[PRECHECK_FAIL]: -1
[PRECHECK_FAIL]: -1
[PRECHECK_FAIL]: -1
[PRECHECK_FAIL]: -1
[PRECHECK_FAIL]: -1
[PRECHECK_FAIL]: -1
[PRECHECK_FAIL]: -1
[PRECHECK_FAIL]: -1
[PRECHECK_FAIL]: -1
[PRECHECK_FAIL]: -1
[PRECHECK_FAIL]: -1
[PRECHECK_FAIL]: -1
[PRECHECK_FAIL]: -1
[PRECHECK_FAIL]: -1
[PRECHECK_FAIL]: -1
[PRECHECK_FAIL]: -1
[PRECHECK_FAIL]: -1
[PRECHECK_FAIL]: -1
[PRECHECK_FAIL]: -1
[PRECHECK_FAIL]: -1
[PRECHECK_FAIL]: -1
[PRECHECK_FAIL]: -1
[PRECHECK_FAIL]: -1
[PRECHECK_FAIL]: -1
[PRECHECK_FAIL]: -1
[PRECHECK_FAIL]: -1
[PRECHECK_FAIL]: -1
[PRECHECK_FAIL]: -1
[PRECHECK_FAIL]: -1
[PRECHECK_FAIL]: -1
[PRECHECK_FAIL]: -1
[PRECHECK_FAIL]: -1
[PRECHECK_FAIL]: -1
[PRECHECK_FAIL]: -1
[PRECHECK_FAIL]: -1
[PRECHECK_FAIL]: -1
[PRECHECK_FAIL]: -1
[PRECHECK_FAIL]: -1
[PRECHECK_FAIL]: -1
[PRECHECK_FAIL]: -1
[PRECHECK_FAIL]: -1
[PRECHECK_FAIL]: -1
[PRECHECK_FAIL]: -1
[PRECHECK_FAIL]: -1
[PRECHECK_FAIL]: -1
[PRECHECK_FAIL]: -1
[PRECHECK_FAIL]: -1
[PRECHECK_FAIL]: -1
[PRECHECK_FAIL]: -1
[PRECHECK_FAIL]: -1
[PRECHECK_FAIL]: -1
[PRECHECK_FAIL]: -1
[PRECHECK_FAIL]: -1
[PRECHECK_FAIL]: -1
[PRECHECK_FAIL]: -1
[PRECHECK_FAIL]: -1
[PRECHECK_FAIL]: -1
[PRECHECK_FAIL]: -1
[PRECHECK_FAIL]: -1
[PRECHECK_FAIL]: -1
[PRECHECK_FAIL]: -1
[PRECHECK_FAIL]: -1
[PRECHECK_FAIL]: -1
[PRECHECK_FAIL]: -1
[PRECHECK_FAIL]: -1
[PRECHECK_FAIL]: -1
[PRECHECK_FAIL]: -1
[PRECHECK_FAIL]: -1
[PRECHECK_FAIL]: -1
[PRECHECK_FAIL]: -1
[PRECHECK_FAIL]: -1
[PRECHECK_FAIL]: -1
[PRECHECK_FAIL]: -1
[PRECHECK_FAIL]: -1
[PRECHECK_FAIL]: -1
[PRECHECK_FAIL]: -1
[PRECHECK_FAIL]: -1
[PRECHECK_FAIL]: -1
[PRECHECK_FAIL]: -1
[PRECHECK_FAIL]: -1
[PRECHECK_FAIL]: -1
[PRECHECK_FAIL]: -1
[PRECHECK_FAIL]: -1
[PRECHECK_FAIL]: -1
[PRECHECK_FAIL]: -1
[PRECHECK_FAIL]: -1
[PRECHECK_FAIL]: -1
[PRECHECK_FAIL]: -1
[PRECHECK_FAIL]: -1
[PRECHECK_FAIL]: -1
[PRECHECK_FAIL]: -1
[PRECHECK_FAIL]: -1
[PRECHECK_FAIL]: -1
[PRECHECK_FAIL]: -1
[PRECHECK_FAIL]: -1
[PRECHECK_FAIL]: -1
[PRECHECK_FAIL]: -1
[PRECHECK_FAIL]: -1
[PRECHECK_FAIL]: -1
[PRECHECK_FAIL]: -1
[PRECHECK_FAIL]: -1
[PRECHECK_FAIL]: -1
[PRECHECK_FAIL]: -1
[PRECHECK_FAIL]: -1
[PRECHECK_FAIL]: -1
[PRECHECK_FAIL]: -1
[PRECHECK_FAIL]: -1
[PRECHECK_FAIL]: -1
[PRECHECK_FAIL]: -1
[PRECHECK_FAIL]: -1
[PRECHECK_FAIL]: -1
[PRECHECK_FAIL]: -1
[PRECHECK_FAIL]: -1
[PRECHECK_FAIL]: -1
[PRECHECK_FAIL]: -1
[PRECHECK_FAIL]: -1
[PRECHECK_FAIL]: -1
[PRECHECK_FAIL]: -1
[PRECHECK_FAIL]: -1
[PRECHECK_FAIL]: -1
[PRECHECK_FAIL]: -1
[PRECHECK_FAIL]: -1
[PRECHECK_FAIL]: -1
[PRECHECK_FAIL]: -1
[PRECHECK_FAIL]: -1
[PRECHECK_FAIL]: -1
[PRECHECK_FAIL]: -1
[PRECHECK_FAIL]: -1
[PRECHECK_FAIL]: -1
[PRECHECK_FAIL]: -1
[PRECHECK_FAIL]: -1
[PRECHECK_FAIL]: -1
[PRECHECK_FAIL]: -1
[PRECHECK_FAIL]: -1
[PRECHECK_FAIL]: -1
[PRECHECK_FAIL]: -1
[PRECHECK_FAIL]: -1
[PRECHECK_FAIL]: -1
[PRECHECK_FAIL]: -1
[PRECHECK_FAIL]: -1
[PRECHECK_FAIL]: -1
[PRECHECK_FAIL]: -1
[PRECHECK_FAIL]: -1
[PRECHECK_FAIL]: -1
[PRECHECK_FAIL]: -1
[PRECHECK_FAIL]: -1
[PRECHECK_FAIL]: -1
[PRECHECK_FAIL]: -1
[PRECHECK_FAIL]: -1
[PRECHECK_FAIL]: -1
[PRECHECK_FAIL]: -1
[PRECHECK_FAIL]: -1
[PRECHECK_FAIL]: -1
[PRECHECK_FAIL]: -1
[PRECHECK_FAIL]: -1
[PRECHECK_FAIL]: -1
[PRECHECK_FAIL]: -1
[PRECHECK_FAIL]: -1
[PRECHECK_FAIL]: -1
[PRECHECK_FAIL]: -1
[PRECHECK_FAIL]: -1
[PRECHECK_FAIL]: -1
[PRECHECK_FAIL]: -1
[PRECHECK_FAIL]: -1
[PRECHECK_FAIL]: -1
[PRECHECK_FAIL]: -1
[PRECHECK_FAIL]: -1
[PRECHECK_FAIL]: -1
[PRECHECK_FAIL]: -1
[PRECHECK_FAIL]: -1
[PRECHECK_FAIL]: -1
[PRECHECK_FAIL]: -1
[PRECHECK_FAIL]: -1
[PRECHECK_FAIL]: -1
[PRECHECK_FAIL]: -1
[PRECHECK_FAIL]: -1
[PRECHECK_FAIL]: -1
[PRECHECK_FAIL]: -1
[PRECHECK_FAIL]: -1
[PRECHECK_FAIL]: -1
[PRECHECK_FAIL]: -1
[PRECHECK_FAIL]: -1
[PRECHECK_FAIL]: -1
[PRECHECK_FAIL]: -1
[PRECHECK_FAIL]: -1
[PRECHECK_FAIL]: -1
[PRECHECK_FAIL]: -1
[PRECHECK_FAIL]: -1
[PRECHECK_FAIL]: -1
[PRECHECK_FAIL]: -1
[PRECHECK_FAIL]: -1
[PRECHECK_FAIL]: -1
[PRECHECK_FAIL]: -1
[PRECHECK_FAIL]: -1
[PRECHECK_FAIL]: -1
[PRECHECK_FAIL]: -1
[PRECHECK_FAIL]: -1
[PRECHECK_FAIL]: -1
[PRECHECK_FAIL]: -1
[PRECHECK_FAIL]: -1
[PRECHECK_FAIL]: -1
[PRECHECK_FAIL]: -1
[PRECHECK_FAIL]: -1
[PRECHECK_FAIL]: -1
[PRECHECK_FAIL]: -1
[PRECHECK_FAIL]: -1
[PRECHECK_FAIL]: -1
[PRECHECK_FAIL]: -1
[PRECHECK_FAIL]: -1
[PRECHECK_FAIL]: -1
[PRECHECK_FAIL]: -1
[PRECHECK_FAIL]: -1
[PRECHECK_FAIL]: -1
[PRECHECK_FAIL]: -1
[PRECHECK_FAIL]: -1
[PRECHECK_FAIL]: -1
[PRECHECK_FAIL]: -1
[PRECHECK_FAIL]: -1
[PRECHECK_FAIL]: -1
[PRECHECK_FAIL]: -1
[PRECHECK_FAIL]: -1
[PRECHECK_FAIL]: -1
[PRECHECK_FAIL]: -1
[PRECHECK_FAIL]: -1
[PRECHECK_FAIL]: -1
[PRECHECK_FAIL]: -1
[PRECHECK_FAIL]: -1
[PRECHECK_FAIL]: -1
[PRECHECK_FAIL]: -1
[PRECHECK_FAIL]: -1
[PRECHECK_FAIL]: -1
[PRECHECK_FAIL]: -1
[PRECHECK_FAIL]: -1
[PRECHECK_FAIL]: -1
[PRECHECK_FAIL]: -1
[PRECHECK_FAIL]: -1
[PRECHECK_FAIL]: -1
[PRECHECK_FAIL]: -1
[PRECHECK_FAIL]: -1
[PRECHECK_FAIL]: -1
[PRECHECK_FAIL]: -1
[PRECHECK_FAIL]: -1
[PRECHECK_FAIL]: -1
[PRECHECK_FAIL]: -1
[PRECHECK_FAIL]: -1
[PRECHECK_FAIL]: -1
[PRECHECK_FAIL]: -1
[PRECHECK_FAIL]: -1
[PRECHECK_FAIL]: -1
[PRECHECK_FAIL]: -1
[PRECHECK_FAIL]: -1
[PRECHECK_FAIL]: -1
[PRECHECK_FAIL]: -1
[PRECHECK_FAIL]: -1
[PRECHECK_FAIL]: -1
[PRECHECK_FAIL]: -1
[PRECHECK_FAIL]: -1
[PRECHECK_FAIL]: -1
[PRECHECK_FAIL]: -1
[PRECHECK_FAIL]: -1
[PRECHECK_FAIL]: -1
[PRECHECK_FAIL]: -1
[PRECHECK_FAIL]: -1
[PRECHECK_FAIL]: -1
[PRECHECK_FAIL]: -1
[PRECHECK_FAIL]: -1
[PRECHECK_FAIL]: -1
[PRECHECK_FAIL]: -1
[PRECHECK_FAIL]: -1
[PRECHECK_FAIL]: -1
[PRECHECK_FAIL]: -1
[PRECHECK_FAIL]: -1
[PRECHECK_FAIL]: -1
[PRECHECK_FAIL]: -1
[PRECHECK_FAIL]: -1
[PRECHECK_FAIL]: -1
[PRECHECK_FAIL]: -1
[PRECHECK_FAIL]: -1
[PRECHECK_FAIL]: -1
[PRECHECK_FAIL]: -1
[PRECHECK_FAIL]: -1
[PRECHECK_FAIL]: -1
[PRECHECK_FAIL]: -1
[PRECHECK_FAIL]: -1
[PRECHECK_FAIL]: -1
[PRECHECK_FAIL]: -1
[PRECHECK_FAIL]: -1
[PRECHECK_FAIL]: -1
[PRECHECK_FAIL]: -1
[PRECHECK_FAIL]: -1
[PRECHECK_FAIL]: -1
[PRECHECK_FAIL]: -1
[PRECHECK_FAIL]: -1
[PRECHECK_FAIL]: -1
[PRECHECK_FAIL]: -1
[PRECHECK_FAIL]: -1
[PRECHECK_FAIL]: -1
[PRECHECK_FAIL]: -1
[PRECHECK_FAIL]: -1
[PRECHECK_FAIL]: -1
[PRECHECK_FAIL]: -1
[PRECHECK_FAIL]: -1
[PRECHECK_FAIL]: -1
[PRECHECK_FAIL]: -1
[PRECHECK_FAIL]: -1
[PRECHECK_FAIL]: -1
[PRECHECK_FAIL]: -1
[PRECHECK_FAIL]: -1
[PRECHECK_FAIL]: -1
[PRECHECK_FAIL]: -1
[PRECHECK_FAIL]: -1
[PRECHECK_FAIL]: -1
[PRECHECK_FAIL]: -1
[PRECHECK_FAIL]: -1
[PRECHECK_FAIL]: -1
[PRECHECK_FAIL]: -1
[PRECHECK_FAIL]: -1
[PRECHECK_FAIL]: -1
[PRECHECK_FAIL]: -1
[PRECHECK_FAIL]: -1
[PRECHECK_FAIL]: -1
[PRECHECK_FAIL]: -1
[PRECHECK_FAIL]: -1
[PRECHECK_FAIL]: -1
[PRECHECK_FAIL]: -1
[PRECHECK_FAIL]: -1
[PRECHECK_FAIL]: -1
[PRECHECK_FAIL]: -1
[PRECHECK_FAIL]: -1
[PRECHECK_FAIL]: -1
[PRECHECK_FAIL]: -1
[PRECHECK_FAIL]: -1
[PRECHECK_FAIL]: -1
[PRECHECK_FAIL]: -1
[PRECHECK_FAIL]: -1
[PRECHECK_FAIL]: -1
[PRECHECK_FAIL]: -1
[PRECHECK_FAIL]: -1
[PRECHECK_FAIL]: -1
[PRECHECK_FAIL]: -1
[PRECHECK_FAIL]: -1
[PRECHECK_FAIL]: -1
[PRECHECK_FAIL]: -1
[PRECHECK_FAIL]: -1
[PRECHECK_FAIL]: -1
[PRECHECK_FAIL]: -1
[PRECHECK_FAIL]: -1
[PRECHECK_FAIL]: -1
[PRECHECK_FAIL]: -1
[PRECHECK_FAIL]: -1
[PRECHECK_FAIL]: -1
[PRECHECK_FAIL]: -1
[PRECHECK_FAIL]: -1
[PRECHECK_FAIL]: -1
[PRECHECK_FAIL]: -1
[PRECHECK_FAIL]: -1
[PRECHECK_FAIL]: -1
[PRECHECK_FAIL]: -1
[PRECHECK_FAIL]: -1
[PRECHECK_FAIL]: -1
[PRECHECK_FAIL]: -1
[PRECHECK_FAIL]: -1
[PRECHECK_FAIL]: -1
[PRECHECK_FAIL]: -1
[PRECHECK_FAIL]: -1
[PRECHECK_FAIL]: -1
[PRECHECK_FAIL]: -1
[PRECHECK_FAIL]: -1
[PRECHECK_FAIL]: -1
[PRECHECK_FAIL]: -1
[PRECHECK_FAIL]: -1
[PRECHECK_FAIL]: -1
[PRECHECK_FAIL]: -1
[PRECHECK_FAIL]: -1
[PRECHECK_FAIL]: -1
[PRECHECK_FAIL]: -1
[PRECHECK_FAIL]: -1
[PRECHECK_FAIL]: -1
[PRECHECK_FAIL]: -1
[PRECHECK_FAIL]: -1
[PRECHECK_FAIL]: -1
[PRECHECK_FAIL]: -1
[PRECHECK_FAIL]: -1
[PRECHECK_FAIL]: -1
[PRECHECK_FAIL]: -1
[PRECHECK_FAIL]: -1
[PRECHECK_FAIL]: -1
[PRECHECK_FAIL]: -1
[PRECHECK_FAIL]: -1
[PRECHECK_FAIL]: -1
[PRECHECK_FAIL]: -1
[PRECHECK_FAIL]: -1
[PRECHECK_FAIL]: -1
[PRECHECK_FAIL]: -1
[PRECHECK_FAIL]: -1
[PRECHECK_FAIL]: -1
[PRECHECK_FAIL]: -1
[PRECHECK_FAIL]: -1
[PRECHECK_FAIL]: -1
[PRECHECK_FAIL]: -1
[PRECHECK_FAIL]: -1
[PRECHECK_FAIL]: -1
[PRECHECK_FAIL]: -1
[PRECHECK_FAIL]: -1
[PRECHECK_FAIL]: -1
[PRECHECK_FAIL]: -1
[PRECHECK_FAIL]: -1
[PRECHECK_FAIL]: -1
[PRECHECK_FAIL]: -1
[PRECHECK_FAIL]: -1
[PRECHECK_FAIL]: -1
[PRECHECK_FAIL]: -1
[PRECHECK_FAIL]: -1
[PRECHECK_FAIL]: -1
[PRECHECK_FAIL]: -1
[PRECHECK_FAIL]: -1
[PRECHECK_FAIL]: -1
[PRECHECK_FAIL]: -1
[PRECHECK_FAIL]: -1
[PRECHECK_FAIL]: -1
[PRECHECK_FAIL]: -1
[PRECHECK_FAIL]: -1
[PRECHECK_FAIL]: -1
[PRECHECK_FAIL]: -1
[PRECHECK_FAIL]: -1
[PRECHECK_FAIL]: -1
[PRECHECK_FAIL]: -1
[PRECHECK_FAIL]: -1
[PRECHECK_FAIL]: -1
[PRECHECK_FAIL]: -1
[PRECHECK_FAIL]: -1
[PRECHECK_FAIL]: -1
[PRECHECK_FAIL]: -1
[PRECHECK_FAIL]: -1
[PRECHECK_FAIL]: -1
[PRECHECK_FAIL]: -1
[PRECHECK_FAIL]: -1
[PRECHECK_FAIL]: -1
[PRECHECK_FAIL]: -1
[PRECHECK_FAIL]: -1
[PRECHECK_FAIL]: -1
[PRECHECK_FAIL]: -1
[PRECHECK_FAIL]: -1
[PRECHECK_FAIL]: -1
[PRECHECK_FAIL]: -1
[PRECHECK_FAIL]: -1
[PRECHECK_FAIL]: -1
[PRECHECK_FAIL]: -1
[PRECHECK_FAIL]: -1
[PRECHECK_FAIL]: -1
[PRECHECK_FAIL]: -1
[PRECHECK_FAIL]: -1
[PRECHECK_FAIL]: -1
[PRECHECK_FAIL]: -1
[PRECHECK_FAIL]: -1
[PRECHECK_FAIL]: -1
[PRECHECK_FAIL]: -1
[PRECHECK_FAIL]: -1
[PRECHECK_FAIL]: -1
[PRECHECK_FAIL]: -1
[PRECHECK_FAIL]: -1
[PRECHECK_FAIL]: -1
[PRECHECK_FAIL]: -1
[PRECHECK_FAIL]: -1
[PRECHECK_FAIL]: -1
[PRECHECK_FAIL]: -1
[PRECHECK_FAIL]: -1
[PRECHECK_FAIL]: -1
[PRECHECK_FAIL]: -1
[PRECHECK_FAIL]: -1
[PRECHECK_FAIL]: -1
[PRECHECK_FAIL]: -1
[PRECHECK_FAIL]: -1
[PRECHECK_FAIL]: -1
[PRECHECK_FAIL]: -1
[PRECHECK_FAIL]: -1
[PRECHECK_FAIL]: -1
[PRECHECK_FAIL]: -1
[PRECHECK_FAIL]: -1
[PRECHECK_FAIL]: -1
[PRECHECK_FAIL]: -1
[PRECHECK_FAIL]: -1
[PRECHECK_FAIL]: -1
[PRECHECK_FAIL]: -1
[PRECHECK_FAIL]: -1
[PRECHECK_FAIL]: -1
[PRECHECK_FAIL]: -1
[PRECHECK_FAIL]: -1
[PRECHECK_FAIL]: -1
[PRECHECK_FAIL]: -1
[PRECHECK_FAIL]: -1
[PRECHECK_FAIL]: -1
[PRECHECK_FAIL]: -1
[PRECHECK_FAIL]: -1
[PRECHECK_FAIL]: -1
[PRECHECK_FAIL]: -1
[PRECHECK_FAIL]: -1
[PRECHECK_FAIL]: -1
[PRECHECK_FAIL]: -1
[PRECHECK_FAIL]: -1
[PRECHECK_FAIL]: -1
[PRECHECK_FAIL]: -1
[PRECHECK_FAIL]: -1
[PRECHECK_FAIL]: -1
[PRECHECK_FAIL]: -1
[PRECHECK_FAIL]: -1
[PRECHECK_FAIL]: -1
[PRECHECK_FAIL]: -1
[PRECHECK_FAIL]: -1
[PRECHECK_FAIL]: -1
[PRECHECK_FAIL]: -1
[PRECHECK_FAIL]: -1
[PRECHECK_FAIL]: -1
[PRECHECK_FAIL]: -1
[PRECHECK_FAIL]: -1
[PRECHECK_FAIL]: -1
[PRECHECK_FAIL]: -1
[PRECHECK_FAIL]: -1
[PRECHECK_FAIL]: -1
[PRECHECK_FAIL]: -1
[PRECHECK_FAIL]: -1
[PRECHECK_FAIL]: -1
[PRECHECK_FAIL]: -1
[PRECHECK_FAIL]: -1
[PRECHECK_FAIL]: -1
[PRECHECK_FAIL]: -1
[PRECHECK_FAIL]: -1
[PRECHECK_FAIL]: -1
[PRECHECK_FAIL]: -1
[PRECHECK_FAIL]: -1
[PRECHECK_FAIL]: -1
[PRECHECK_FAIL]: -1
[PRECHECK_FAIL]: -1
[PRECHECK_FAIL]: -1
[PRECHECK_FAIL]: -1
[PRECHECK_FAIL]: -1
[PRECHECK_FAIL]: -1
[PRECHECK_FAIL]: -1
[PRECHECK_FAIL]: -1
[PRECHECK_FAIL]: -1
[PRECHECK_FAIL]: -1
[PRECHECK_FAIL]: -1
[PRECHECK_FAIL]: -1
[PRECHECK_FAIL]: -1
[PRECHECK_FAIL]: -1
[PRECHECK_FAIL]: -1
[PRECHECK_FAIL]: -1
[PRECHECK_FAIL]: -1
[PRECHECK_FAIL]: -1
[PRECHECK_FAIL]: -1
[PRECHECK_FAIL]: -1
[PRECHECK_FAIL]: -1
[PRECHECK_FAIL]: -1
[PRECHECK_FAIL]: -1
[PRECHECK_FAIL]: -1
[PRECHECK_FAIL]: -1
[PRECHECK_FAIL]: -1
[PRECHECK_FAIL]: -1
[PRECHECK_FAIL]: -1
[PRECHECK_FAIL]: -1
[PRECHECK_FAIL]: -1
[PRECHECK_FAIL]: -1
[PRECHECK_FAIL]: -1
[PRECHECK_FAIL]: -1
[PRECHECK_FAIL]: -1
[PRECHECK_FAIL]: -1
[PRECHECK_FAIL]: -1
[PRECHECK_FAIL]: -1
[PRECHECK_FAIL]: -1
[PRECHECK_FAIL]: -1
[PRECHECK_FAIL]: -1
[PRECHECK_FAIL]: -1
[PRECHECK_FAIL]: -1
[PRECHECK_FAIL]: -1
[PRECHECK_FAIL]: -1
[PRECHECK_FAIL]: -1
[PRECHECK_FAIL]: -1
[PRECHECK_FAIL]: -1
[PRECHECK_FAIL]: -1
[PRECHECK_FAIL]: -1
[PRECHECK_FAIL]: -1
[PRECHECK_FAIL]: -1
[PRECHECK_FAIL]: -1
[PRECHECK_FAIL]: -1
[PRECHECK_FAIL]: -1
[PRECHECK_FAIL]: -1
[PRECHECK_FAIL]: -1
[PRECHECK_FAIL]: -1
[PRECHECK_FAIL]: -1
[PRECHECK_FAIL]: -1
[PRECHECK_FAIL]: -1
[PRECHECK_FAIL]: -1
[PRECHECK_FAIL]: -1
[PRECHECK_FAIL]: -1
[PRECHECK_FAIL]: -1
[PRECHECK_FAIL]: -1
[PRECHECK_FAIL]: -1
[PRECHECK_FAIL]: -1
[PRECHECK_FAIL]: -1
[PRECHECK_FAIL]: -1
[PRECHECK_FAIL]: -1
[PRECHECK_FAIL]: -1
[PRECHECK_FAIL]: -1
[PRECHECK_FAIL]: -1
[PRECHECK_FAIL]: -1
[PRECHECK_FAIL]: -1
[PRECHECK_FAIL]: -1
[PRECHECK_FAIL]: -1
[PRECHECK_FAIL]: -1
[PRECHECK_FAIL]: -1
[PRECHECK_FAIL]: -1
[PRECHECK_FAIL]: -1
[PRECHECK_FAIL]: -1
[PRECHECK_FAIL]: -1
[PRECHECK_FAIL]: -1
[PRECHECK_FAIL]: -1
[PRECHECK_FAIL]: -1
[PRECHECK_FAIL]: -1
[PRECHECK_FAIL]: -1
[PRECHECK_FAIL]: -1
[PRECHECK_FAIL]: -1
[PRECHECK_FAIL]: -1
[PRECHECK_FAIL]: -1
[PRECHECK_FAIL]: -1
[PRECHECK_FAIL]: -1
[PRECHECK_FAIL]: -1
[PRECHECK_FAIL]: -1
[PRECHECK_FAIL]: -1
[PRECHECK_FAIL]: -1
[PRECHECK_FAIL]: -1
[PRECHECK_FAIL]: -1
[PRECHECK_FAIL]: -1
[PRECHECK_FAIL]: -1
[PRECHECK_FAIL]: -1
[PRECHECK_FAIL]: -1
[PRECHECK_FAIL]: -1
[PRECHECK_FAIL]: -1
[PRECHECK_FAIL]: -1
[PRECHECK_FAIL]: -1
[PRECHECK_FAIL]: -1
[PRECHECK_FAIL]: -1
[PRECHECK_FAIL]: -1
[PRECHECK_FAIL]: -1
[PRECHECK_FAIL]: -1
[PRECHECK_FAIL]: -1
[PRECHECK_FAIL]: -1
[PRECHECK_FAIL]: -1
[PRECHECK_FAIL]: -1
[PRECHECK_FAIL]: -1
[PRECHECK_FAIL]: -1
[PRECHECK_FAIL]: -1
[PRECHECK_FAIL]: -1
[PRECHECK_FAIL]: -1
[PRECHECK_FAIL]: -1
[PRECHECK_FAIL]: -1
[PRECHECK_FAIL]: -1
[PRECHECK_FAIL]: -1
[PRECHECK_FAIL]: -1
[PRECHECK_FAIL]: -1
[PRECHECK_FAIL]: -1
[PRECHECK_FAIL]: -1
[PRECHECK_FAIL]: -1
[PRECHECK_FAIL]: -1
[PRECHECK_FAIL]: -1
[PRECHECK_FAIL]: -1
[PRECHECK_FAIL]: -1
[PRECHECK_FAIL]: -1
[PRECHECK_FAIL]: -1
[PRECHECK_FAIL]: -1
[PRECHECK_FAIL]: -1
[PRECHECK_FAIL]: -1
[PRECHECK_FAIL]: -1
[PRECHECK_FAIL]: -1
[PRECHECK_FAIL]: -1
[PRECHECK_FAIL]: -1
[PRECHECK_FAIL]: -1
[PRECHECK_FAIL]: -1
[PRECHECK_FAIL]: -1
[PRECHECK_FAIL]: -1
[PRECHECK_FAIL]: -1
[PRECHECK_FAIL]: -1
[PRECHECK_FAIL]: -1
[PRECHECK_FAIL]: -1
[PRECHECK_FAIL]: -1
[PRECHECK_FAIL]: -1
[PRECHECK_FAIL]: -1
[PRECHECK_FAIL]: -1
[PRECHECK_FAIL]: -1
[PRECHECK_FAIL]: -1
[PRECHECK_FAIL]: -1
[PRECHECK_FAIL]: -1
[PRECHECK_FAIL]: -1
[PRECHECK_FAIL]: -1
[PRECHECK_FAIL]: -1
[PRECHECK_FAIL]: -1
[PRECHECK_FAIL]: -1
[PRECHECK_FAIL]: -1
[PRECHECK_FAIL]: -1
[PRECHECK_FAIL]: -1
[PRECHECK_FAIL]: -1
[PRECHECK_FAIL]: -1
[PRECHECK_FAIL]: -1
[PRECHECK_FAIL]: -1
[PRECHECK_FAIL]: -1
[PRECHECK_FAIL]: -1
[PRECHECK_FAIL]: -1
[PRECHECK_FAIL]: -1
[PRECHECK_FAIL]: -1
[PRECHECK_FAIL]: -1
[PRECHECK_FAIL]: -1
[PRECHECK_FAIL]: -1
[PRECHECK_FAIL]: -1
[PRECHECK_FAIL]: -1
[PRECHECK_FAIL]: -1
[PRECHECK_FAIL]: -1
[PRECHECK_FAIL]: -1
[PRECHECK_FAIL]: -1
[PRECHECK_FAIL]: -1
[PRECHECK_FAIL]: -1
[PRECHECK_FAIL]: -1
[PRECHECK_FAIL]: -1
[PRECHECK_FAIL]: -1
[PRECHECK_FAIL]: -1
[PRECHECK_FAIL]: -1
[PRECHECK_FAIL]: -1
[PRECHECK_FAIL]: -1
[PRECHECK_FAIL]: -1
[PRECHECK_FAIL]: -1
[PRECHECK_FAIL]: -1
[PRECHECK_FAIL]: -1
[PRECHECK_FAIL]: -1
[PRECHECK_FAIL]: -1
[PRECHECK_FAIL]: -1
[PRECHECK_FAIL]: -1
[PRECHECK_FAIL]: -1
[PRECHECK_FAIL]: -1
[PRECHECK_FAIL]: -1
[PRECHECK_FAIL]: -1
[PRECHECK_FAIL]: -1
[PRECHECK_FAIL]: -1
[PRECHECK_FAIL]: -1
[PRECHECK_FAIL]: -1
[PRECHECK_FAIL]: -1
[PRECHECK_FAIL]: -1
[PRECHECK_FAIL]: -1
[PRECHECK_FAIL]: -1
[PRECHECK_FAIL]: -1
[PRECHECK_FAIL]: -1
[PRECHECK_FAIL]: -1
[PRECHECK_FAIL]: -1
[PRECHECK_FAIL]: -1
[PRECHECK_FAIL]: -1
[PRECHECK_FAIL]: -1
[PRECHECK_FAIL]: -1
[PRECHECK_FAIL]: -1
[PRECHECK_FAIL]: -1
[PRECHECK_FAIL]: -1
[PRECHECK_FAIL]: -1
[PRECHECK_FAIL]: -1
[PRECHECK_FAIL]: -1
[PRECHECK_FAIL]: -1
[PRECHECK_FAIL]: -1
[PRECHECK_FAIL]: -1
[PRECHECK_FAIL]: -1
[PRECHECK_FAIL]: -1
[PRECHECK_FAIL]: -1
[PRECHECK_FAIL]: -1
[PRECHECK_FAIL]: -1
[PRECHECK_FAIL]: -1
[PRECHECK_FAIL]: -1
[PRECHECK_FAIL]: -1
[PRECHECK_FAIL]: -1
[PRECHECK_FAIL]: -1
[PRECHECK_FAIL]: -1
[PRECHECK_FAIL]: -1
[PRECHECK_FAIL]: -1
[PRECHECK_FAIL]: -1
[PRECHECK_FAIL]: -1
[PRECHECK_FAIL]: -1
[PRECHECK_FAIL]: -1
[PRECHECK_FAIL]: -1
[PRECHECK_FAIL]: -1
[PRECHECK_FAIL]: -1
[PRECHECK_FAIL]: -1
[PRECHECK_FAIL]: -1
[PRECHECK_FAIL]: -1
[PRECHECK_FAIL]: -1
[PRECHECK_FAIL]: -1
[PRECHECK_FAIL]: -1
[PRECHECK_FAIL]: -1
[PRECHECK_FAIL]: -1
[PRECHECK_FAIL]: -1
[PRECHECK_FAIL]: -1
[PRECHECK_FAIL]: -1
[PRECHECK_FAIL]: -1
[PRECHECK_FAIL]: -1
[PRECHECK_FAIL]: -1
[PRECHECK_FAIL]: -1
[PRECHECK_FAIL]: -1
[PRECHECK_FAIL]: -1
[PRECHECK_FAIL]: -1
[PRECHECK_FAIL]: -1
[PRECHECK_FAIL]: -1
[PRECHECK_FAIL]: -1
[PRECHECK_FAIL]: -1
[PRECHECK_FAIL]: -1
[PRECHECK_FAIL]: -1
[PRECHECK_FAIL]: -1
[PRECHECK_FAIL]: -1
[PRECHECK_FAIL]: -1
[PRECHECK_FAIL]: -1
[PRECHECK_FAIL]: -1
[PRECHECK_FAIL]: -1
[PRECHECK_FAIL]: -1
[PRECHECK_FAIL]: -1
[PRECHECK_FAIL]: -1
[PRECHECK_FAIL]: -1
[PRECHECK_FAIL]: -1
[PRECHECK_FAIL]: -1
[PRECHECK_FAIL]: -1
[PRECHECK_FAIL]: -1
[PRECHECK_FAIL]: -1
[PRECHECK_FAIL]: -1
[PRECHECK_FAIL]: -1
[PRECHECK_FAIL]: -1
[PRECHECK_FAIL]: -1
[PRECHECK_FAIL]: -1
[PRECHECK_FAIL]: -1
[PRECHECK_FAIL]: -1
[PRECHECK_FAIL]: -1
[PRECHECK_FAIL]: -1
[PRECHECK_FAIL]: -1
[PRECHECK_FAIL]: -1
[PRECHECK_FAIL]: -1
[PRECHECK_FAIL]: -1
[PRECHECK_FAIL]: -1
[PRECHECK_FAIL]: -1
[PRECHECK_FAIL]: -1
[PRECHECK_FAIL]: -1
[PRECHECK_FAIL]: -1
[PRECHECK_FAIL]: -1
[PRECHECK_FAIL]: -1
[PRECHECK_FAIL]: -1
[PRECHECK_FAIL]: -1
[PRECHECK_FAIL]: -1
[PRECHECK_FAIL]: -1
[PRECHECK_FAIL]: -1
[PRECHECK_FAIL]: -1
[PRECHECK_FAIL]: -1
[PRECHECK_FAIL]: -1
[PRECHECK_FAIL]: -1
[PRECHECK_FAIL]: -1
[PRECHECK_FAIL]: -1
[PRECHECK_FAIL]: -1
[PRECHECK_FAIL]: -1
[PRECHECK_FAIL]: -1
[PRECHECK_FAIL]: -1
[PRECHECK_FAIL]: -1
[PRECHECK_FAIL]: -1
[PRECHECK_FAIL]: -1
[PRECHECK_FAIL]: -1
[PRECHECK_FAIL]: -1
[PRECHECK_FAIL]: -1
[PRECHECK_FAIL]: -1
[PRECHECK_FAIL]: -1
[PRECHECK_FAIL]: -1
[PRECHECK_FAIL]: -1
[PRECHECK_FAIL]: -1
[PRECHECK_FAIL]: -1
[PRECHECK_FAIL]: -1
[PRECHECK_FAIL]: -1
[PRECHECK_FAIL]: -1
[PRECHECK_FAIL]: -1
[PRECHECK_FAIL]: -1
[PRECHECK_FAIL]: -1
[PRECHECK_FAIL]: -1
[PRECHECK_FAIL]: -1
[PRECHECK_FAIL]: -1
[PRECHECK_FAIL]: -1
[PRECHECK_FAIL]: -1
[PRECHECK_FAIL]: -1
[PRECHECK_FAIL]: -1
[PRECHECK_FAIL]: -1
[PRECHECK_FAIL]: -1
[PRECHECK_FAIL]: -1
[PRECHECK_FAIL]: -1
[PRECHECK_FAIL]: -1
[PRECHECK_FAIL]: -1
[PRECHECK_FAIL]: -1
[PRECHECK_FAIL]: -1
[PRECHECK_FAIL]: -1
[PRECHECK_FAIL]: -1
[PRECHECK_FAIL]: -1
[PRECHECK_FAIL]: -1
[PRECHECK_FAIL]: -1
[PRECHECK_FAIL]: -1
[PRECHECK_FAIL]: -1
[PRECHECK_FAIL]: -1
[PRECHECK_FAIL]: -1
[PRECHECK_FAIL]: -1
[PRECHECK_FAIL]: -1
[PRECHECK_FAIL]: -1
[PRECHECK_FAIL]: -1
[PRECHECK_FAIL]: -1
[PRECHECK_FAIL]: -1
[PRECHECK_FAIL]: -1
[PRECHECK_FAIL]: -1
[PRECHECK_FAIL]: -1
[PRECHECK_FAIL]: -1
[PRECHECK_FAIL]: -1
[PRECHECK_FAIL]: -1
[PRECHECK_FAIL]: -1
[PRECHECK_FAIL]: -1
[PRECHECK_FAIL]: -1
[PRECHECK_FAIL]: -1
[PRECHECK_FAIL]: -1
[PRECHECK_FAIL]: -1
[PRECHECK_FAIL]: -1
[PRECHECK_FAIL]: -1
[PRECHECK_FAIL]: -1
[PRECHECK_FAIL]: -1
[PRECHECK_FAIL]: -1
[PRECHECK_FAIL]: -1
[PRECHECK_FAIL]: -1
[PRECHECK_FAIL]: -1
[PRECHECK_FAIL]: -1
[PRECHECK_FAIL]: -1
[PRECHECK_FAIL]: -1
[PRECHECK_FAIL]: -1
[PRECHECK_FAIL]: -1
[PRECHECK_FAIL]: -1
[PRECHECK_FAIL]: -1
[PRECHECK_FAIL]: -1
[PRECHECK_FAIL]: -1
[PRECHECK_FAIL]: -1
[PRECHECK_FAIL]: -1
[PRECHECK_FAIL]: -1
[PRECHECK_FAIL]: -1
[PRECHECK_FAIL]: -1
[PRECHECK_FAIL]: -1
[PRECHECK_FAIL]: -1
[PRECHECK_FAIL]: -1
[PRECHECK_FAIL]: -1
[PRECHECK_FAIL]: -1
[PRECHECK_FAIL]: -1
[PRECHECK_FAIL]: -1
[PRECHECK_FAIL]: -1
[PRECHECK_FAIL]: -1
[PRECHECK_FAIL]: -1
[PRECHECK_FAIL]: -1
[PRECHECK_FAIL]: -1
[PRECHECK_FAIL]: -1
[PRECHECK_FAIL]: -1
[PRECHECK_FAIL]: -1
[PRECHECK_FAIL]: -1
[PRECHECK_FAIL]: -1
[PRECHECK_FAIL]: -1
[PRECHECK_FAIL]: -1
[PRECHECK_FAIL]: -1
[PRECHECK_FAIL]: -1
[PRECHECK_FAIL]: -1
[PRECHECK_FAIL]: -1
[PRECHECK_FAIL]: -1
[PRECHECK_FAIL]: -1
[PRECHECK_FAIL]: -1
[PRECHECK_FAIL]: -1
[PRECHECK_FAIL]: -1
[PRECHECK_FAIL]: -1
[PRECHECK_FAIL]: -1
[PRECHECK_FAIL]: -1
[PRECHECK_FAIL]: -1
[PRECHECK_FAIL]: -1
[PRECHECK_FAIL]: -1
[PRECHECK_FAIL]: -1
[PRECHECK_FAIL]: -1
[PRECHECK_FAIL]: -1
[PRECHECK_FAIL]: -1
[PRECHECK_FAIL]: -1
[PRECHECK_FAIL]: -1
[PRECHECK_FAIL]: -1
[PRECHECK_FAIL]: -1
[PRECHECK_FAIL]: -1
[PRECHECK_FAIL]: -1
[PRECHECK_FAIL]: -1
[PRECHECK_FAIL]: -1
[PRECHECK_FAIL]: -1
[PRECHECK_FAIL]: -1
[PRECHECK_FAIL]: -1
[PRECHECK_FAIL]: -1
[PRECHECK_FAIL]: -1
[PRECHECK_FAIL]: -1
[PRECHECK_FAIL]: -1
[PRECHECK_FAIL]: -1
[PRECHECK_FAIL]: -1
[PRECHECK_FAIL]: -1
[PRECHECK_FAIL]: -1
[PRECHECK_FAIL]: -1
[PRECHECK_FAIL]: -1
[PRECHECK_FAIL]: -1
[PRECHECK_FAIL]: -1
[PRECHECK_FAIL]: -1
[PRECHECK_FAIL]: -1
[PRECHECK_FAIL]: -1
[PRECHECK_FAIL]: -1
[PRECHECK_FAIL]: -1
[PRECHECK_FAIL]: -1
[PRECHECK_FAIL]: -1
[PRECHECK_FAIL]: -1
[PRECHECK_FAIL]: -1
[PRECHECK_FAIL]: -1
[PRECHECK_FAIL]: -1
[PRECHECK_FAIL]: -1
[PRECHECK_FAIL]: -1
[PRECHECK_FAIL]: -1
[PRECHECK_FAIL]: -1
[PRECHECK_FAIL]: -1
[PRECHECK_FAIL]: -1
[PRECHECK_FAIL]: -1
[PRECHECK_FAIL]: -1
[PRECHECK_FAIL]: -1
[PRECHECK_FAIL]: -1
[PRECHECK_FAIL]: -1
[PRECHECK_FAIL]: -1
[PRECHECK_FAIL]: -1
[PRECHECK_FAIL]: -1
[PRECHECK_FAIL]: -1
[PRECHECK_FAIL]: -1
[PRECHECK_FAIL]: -1
[PRECHECK_FAIL]: -1
[PRECHECK_FAIL]: -1
[PRECHECK_FAIL]: -1
[PRECHECK_FAIL]: -1
[PRECHECK_FAIL]: -1
[PRECHECK_FAIL]: -1
[PRECHECK_FAIL]: -1
[PRECHECK_FAIL]: -1
[PRECHECK_FAIL]: -1
[PRECHECK_FAIL]: -1
[PRECHECK_FAIL]: -1
[PRECHECK_FAIL]: -1
[PRECHECK_FAIL]: -1
[PRECHECK_FAIL]: -1
[PRECHECK_FAIL]: -1
[PRECHECK_FAIL]: -1
[PRECHECK_FAIL]: -1
[PRECHECK_FAIL]: -1
[PRECHECK_FAIL]: -1
[PRECHECK_FAIL]: -1
[PRECHECK_FAIL]: -1
[PRECHECK_FAIL]: -1
[PRECHECK_FAIL]: -1
[PRECHECK_FAIL]: -1
[PRECHECK_FAIL]: -1
[PRECHECK_FAIL]: -1
[PRECHECK_FAIL]: -1
[PRECHECK_FAIL]: -1
[PRECHECK_FAIL]: -1
[PRECHECK_FAIL]: -1
[PRECHECK_FAIL]: -1
[PRECHECK_FAIL]: -1
[PRECHECK_FAIL]: -1
[PRECHECK_FAIL]: -1
[PRECHECK_FAIL]: -1
[PRECHECK_FAIL]: -1
[PRECHECK_FAIL]: -1
[PRECHECK_FAIL]: -1
[PRECHECK_FAIL]: -1
[PRECHECK_FAIL]: -1
[PRECHECK_FAIL]: -1
[PRECHECK_FAIL]: -1
[PRECHECK_FAIL]: -1
[PRECHECK_FAIL]: -1
[PRECHECK_FAIL]: -1
[PRECHECK_FAIL]: -1
[PRECHECK_FAIL]: -1
[PRECHECK_FAIL]: -1
[PRECHECK_FAIL]: -1
[PRECHECK_FAIL]: -1
[PRECHECK_FAIL]: -1
[PRECHECK_FAIL]: -1
[PRECHECK_FAIL]: -1
[PRECHECK_FAIL]: -1
[PRECHECK_FAIL]: -1
[PRECHECK_FAIL]: -1
[PRECHECK_FAIL]: -1
[PRECHECK_FAIL]: -1
[PRECHECK_FAIL]: -1
[PRECHECK_FAIL]: -1
[PRECHECK_FAIL]: -1
[PRECHECK_FAIL]: -1
[PRECHECK_FAIL]: -1
[PRECHECK_FAIL]: -1
[PRECHECK_FAIL]: -1
[PRECHECK_FAIL]: -1
[PRECHECK_FAIL]: -1
[PRECHECK_FAIL]: -1
[PRECHECK_FAIL]: -1
[PRECHECK_FAIL]: -1
[PRECHECK_FAIL]: -1
[PRECHECK_FAIL]: -1
[PRECHECK_FAIL]: -1
[PRECHECK_FAIL]: -1
[PRECHECK_FAIL]: -1
[PRECHECK_FAIL]: -1
[PRECHECK_FAIL]: -1
[PRECHECK_FAIL]: -1
[PRECHECK_FAIL]: -1
[PRECHECK_FAIL]: -1
[PRECHECK_FAIL]: -1
[PRECHECK_FAIL]: -1
[PRECHECK_FAIL]: -1
[PRECHECK_FAIL]: -1
[PRECHECK_FAIL]: -1
[PRECHECK_FAIL]: -1
[PRECHECK_FAIL]: -1
[PRECHECK_FAIL]: -1
[PRECHECK_FAIL]: -1
[PRECHECK_FAIL]: -1
[PRECHECK_FAIL]: -1
[PRECHECK_FAIL]: -1
[PRECHECK_FAIL]: -1
[PRECHECK_FAIL]: -1
[PRECHECK_FAIL]: -1
[PRECHECK_FAIL]: -1
[PRECHECK_FAIL]: -1
[PRECHECK_FAIL]: -1
[PRECHECK_FAIL]: -1
[PRECHECK_FAIL]: -1
[PRECHECK_FAIL]: -1
[PRECHECK_FAIL]: -1
[PRECHECK_FAIL]: -1
[PRECHECK_FAIL]: -1
[PRECHECK_FAIL]: -1
[PRECHECK_FAIL]: -1
[PRECHECK_FAIL]: -1
[PRECHECK_FAIL]: -1
[PRECHECK_FAIL]: -1
[PRECHECK_FAIL]: -1
[PRECHECK_FAIL]: -1
[PRECHECK_FAIL]: -1
[PRECHECK_FAIL]: -1
[PRECHECK_FAIL]: -1
[PRECHECK_FAIL]: -1
[PRECHECK_FAIL]: -1
[PRECHECK_FAIL]: -1
[PRECHECK_FAIL]: -1
[PRECHECK_FAIL]: -1
[PRECHECK_FAIL]: -1
[PRECHECK_FAIL]: -1
[PRECHECK_FAIL]: -1
[PRECHECK_FAIL]: -1
[PRECHECK_FAIL]: -1
[PRECHECK_FAIL]: -1
[PRECHECK_FAIL]: -1
[PRECHECK_FAIL]: -1
[PRECHECK_FAIL]: -1
[PRECHECK_FAIL]: -1
[PRECHECK_FAIL]: -1
[PRECHECK_FAIL]: -1
[PRECHECK_FAIL]: -1
[PRECHECK_FAIL]: -1
[PRECHECK_FAIL]: -1
[PRECHECK_FAIL]: -1
[PRECHECK_FAIL]: -1
[PRECHECK_FAIL]: -1
[PRECHECK_FAIL]: -1
[PRECHECK_FAIL]: -1
[PRECHECK_FAIL]: -1
[PRECHECK_FAIL]: -1
[PRECHECK_FAIL]: -1
[PRECHECK_FAIL]: -1
[PRECHECK_FAIL]: -1
[PRECHECK_FAIL]: -1
[PRECHECK_FAIL]: -1
[PRECHECK_FAIL]: -1
[PRECHECK_FAIL]: -1
[PRECHECK_FAIL]: -1
[PRECHECK_FAIL]: -1
[PRECHECK_FAIL]: -1
[PRECHECK_FAIL]: -1
[PRECHECK_FAIL]: -1
[PRECHECK_FAIL]: -1
[PRECHECK_FAIL]: -1
[PRECHECK_FAIL]: -1
[PRECHECK_FAIL]: -1
[PRECHECK_FAIL]: -1
[PRECHECK_FAIL]: -1
[PRECHECK_FAIL]: -1
[PRECHECK_FAIL]: -1
[PRECHECK_FAIL]: -1
[PRECHECK_FAIL]: -1
[PRECHECK_FAIL]: -1
[PRECHECK_FAIL]: -1
[PRECHECK_FAIL]: -1
[PRECHECK_FAIL]: -1
[PRECHECK_FAIL]: -1
[PRECHECK_FAIL]: -1
[PRECHECK_FAIL]: -1
[PRECHECK_FAIL]: -1
[PRECHECK_FAIL]: -1
[PRECHECK_FAIL]: -1
[PRECHECK_FAIL]: -1
[PRECHECK_FAIL]: -1
[PRECHECK_FAIL]: -1
[PRECHECK_FAIL]: -1
[PRECHECK_FAIL]: -1
[PRECHECK_FAIL]: -1
[PRECHECK_FAIL]: -1
[PRECHECK_FAIL]: -1
[PRECHECK_FAIL]: -1
[PRECHECK_FAIL]: -1
[PRECHECK_FAIL]: -1
[PRECHECK_FAIL]: -1
[PRECHECK_FAIL]: -1
[PRECHECK_FAIL]: -1
[PRECHECK_FAIL]: -1
[PRECHECK_FAIL]: -1
[PRECHECK_FAIL]: -1
[PRECHECK_FAIL]: -1
[PRECHECK_FAIL]: -1
[PRECHECK_FAIL]: -1
[PRECHECK_FAIL]: -1
[PRECHECK_FAIL]: -1
[PRECHECK_FAIL]: -1
[PRECHECK_FAIL]: -1
[PRECHECK_FAIL]: -1
[PRECHECK_FAIL]: -1
[PRECHECK_FAIL]: -1
[PRECHECK_FAIL]: -1
[PRECHECK_FAIL]: -1
[PRECHECK_FAIL]: -1
[PRECHECK_FAIL]: -1
[PRECHECK_FAIL]: -1
[PRECHECK_FAIL]: -1
[PRECHECK_FAIL]: -1
[PRECHECK_FAIL]: -1
[PRECHECK_FAIL]: -1
[PRECHECK_FAIL]: -1
[PRECHECK_FAIL]: -1
[PRECHECK_FAIL]: -1
[PRECHECK_FAIL]: -1
[PRECHECK_FAIL]: -1
[PRECHECK_FAIL]: -1
[PRECHECK_FAIL]: -1
[PRECHECK_FAIL]: -1
[PRECHECK_FAIL]: -1
[PRECHECK_FAIL]: -1
[PRECHECK_FAIL]: -1
[PRECHECK_FAIL]: -1
[PRECHECK_FAIL]: -1
[PRECHECK_FAIL]: -1
[PRECHECK_FAIL]: -1
[PRECHECK_FAIL]: -1
[PRECHECK_FAIL]: -1
[PRECHECK_FAIL]: -1
[PRECHECK_FAIL]: -1
[PRECHECK_FAIL]: -1
[PRECHECK_FAIL]: -1
[PRECHECK_FAIL]: -1
[PRECHECK_FAIL]: -1
[PRECHECK_FAIL]: -1
[PRECHECK_FAIL]: -1
[PRECHECK_FAIL]: -1
[PRECHECK_FAIL]: -1
[PRECHECK_FAIL]: -1
[PRECHECK_FAIL]: -1
[PRECHECK_FAIL]: -1
[PRECHECK_FAIL]: -1
[PRECHECK_FAIL]: -1
[PRECHECK_FAIL]: -1
[PRECHECK_FAIL]: -1
[PRECHECK_FAIL]: -1
[PRECHECK_FAIL]: -1
[PRECHECK_FAIL]: -1
[PRECHECK_FAIL]: -1
[PRECHECK_FAIL]: -1
[PRECHECK_FAIL]: -1
[PRECHECK_FAIL]: -1
[PRECHECK_FAIL]: -1
[PRECHECK_FAIL]: -1
[PRECHECK_FAIL]: -1
[PRECHECK_FAIL]: -1
[PRECHECK_FAIL]: -1
[PRECHECK_FAIL]: -1
[PRECHECK_FAIL]: -1
[PRECHECK_FAIL]: -1
[PRECHECK_FAIL]: -1
[PRECHECK_FAIL]: -1
[PRECHECK_FAIL]: -1
[PRECHECK_FAIL]: -1
[PRECHECK_FAIL]: -1
[PRECHECK_FAIL]: -1
[PRECHECK_FAIL]: -1
[PRECHECK_FAIL]: -1
[PRECHECK_FAIL]: -1
[PRECHECK_FAIL]: -1
[PRECHECK_FAIL]: -1
[PRECHECK_FAIL]: -1
[PRECHECK_FAIL]: -1
[PRECHECK_FAIL]: -1
[PRECHECK_FAIL]: -1
[PRECHECK_FAIL]: -1
[PRECHECK_FAIL]: -1
[PRECHECK_FAIL]: -1
[PRECHECK_FAIL]: -1
[PRECHECK_FAIL]: -1
[PRECHECK_FAIL]: -1
[PRECHECK_FAIL]: -1
[PRECHECK_FAIL]: -1
[PRECHECK_FAIL]: -1
[PRECHECK_FAIL]: -1
[PRECHECK_FAIL]: -1
[PRECHECK_FAIL]: -1
[PRECHECK_FAIL]: -1
[PRECHECK_FAIL]: -1
[PRECHECK_FAIL]: -1
[PRECHECK_FAIL]: -1
[PRECHECK_FAIL]: -1
[PRECHECK_FAIL]: -1
[PRECHECK_FAIL]: -1
[PRECHECK_FAIL]: -1
[PRECHECK_FAIL]: -1
[PRECHECK_FAIL]: -1
[PRECHECK_FAIL]: -1
[PRECHECK_FAIL]: -1
[PRECHECK_FAIL]: -1
[PRECHECK_FAIL]: -1
[PRECHECK_FAIL]: -1
[PRECHECK_FAIL]: -1
[PRECHECK_FAIL]: -1
[PRECHECK_FAIL]: -1
[PRECHECK_FAIL]: -1
[PRECHECK_FAIL]: -1
[PRECHECK_FAIL]: -1
[PRECHECK_FAIL]: -1
[PRECHECK_FAIL]: -1
[PRECHECK_FAIL]: -1
[PRECHECK_FAIL]: -1
[PRECHECK_FAIL]: -1
[PRECHECK_FAIL]: -1
[PRECHECK_FAIL]: -1
[PRECHECK_FAIL]: -1
[PRECHECK_FAIL]: -1
[PRECHECK_FAIL]: -1
[PRECHECK_FAIL]: -1
[PRECHECK_FAIL]: -1
[PRECHECK_FAIL]: -1
[PRECHECK_FAIL]: -1
[PRECHECK_FAIL]: -1
[PRECHECK_FAIL]: -1
[PRECHECK_FAIL]: -1
[PRECHECK_FAIL]: -1
[PRECHECK_FAIL]: -1
[PRECHECK_FAIL]: -1
[PRECHECK_FAIL]: -1
[PRECHECK_FAIL]: -1
[PRECHECK_FAIL]: -1
[PRECHECK_FAIL]: -1
[PRECHECK_FAIL]: -1
[PRECHECK_FAIL]: -1
[PRECHECK_FAIL]: -1
[PRECHECK_FAIL]: -1
[PRECHECK_FAIL]: -1
[PRECHECK_FAIL]: -1
[PRECHECK_FAIL]: -1
[PRECHECK_FAIL]: -1
[PRECHECK_FAIL]: -1
[PRECHECK_FAIL]: -1
[PRECHECK_FAIL]: -1
[PRECHECK_FAIL]: -1
[PRECHECK_FAIL]: -1
[PRECHECK_FAIL]: -1
[PRECHECK_FAIL]: -1
[PRECHECK_FAIL]: -1
[PRECHECK_FAIL]: -1
[PRECHECK_FAIL]: -1
[PRECHECK_FAIL]: -1
[PRECHECK_FAIL]: -1
[PRECHECK_FAIL]: -1
[PRECHECK_FAIL]: -1
[PRECHECK_FAIL]: -1
[PRECHECK_FAIL]: -1
[PRECHECK_FAIL]: -1
[PRECHECK_FAIL]: -1
[PRECHECK_FAIL]: -1
[PRECHECK_FAIL]: -1
[PRECHECK_FAIL]: -1
[PRECHECK_FAIL]: -1
[PRECHECK_FAIL]: -1
[PRECHECK_FAIL]: -1
[PRECHECK_FAIL]: -1
[PRECHECK_FAIL]: -1
[PRECHECK_FAIL]: -1
[PRECHECK_FAIL]: -1
[PRECHECK_FAIL]: -1
[PRECHECK_FAIL]: -1
[PRECHECK_FAIL]: -1
[PRECHECK_FAIL]: -1
[PRECHECK_FAIL]: -1
[PRECHECK_FAIL]: -1
[PRECHECK_FAIL]: -1
[PRECHECK_FAIL]: -1
[PRECHECK_FAIL]: -1
[PRECHECK_FAIL]: -1
[PRECHECK_FAIL]: -1
[PRECHECK_FAIL]: -1
[PRECHECK_FAIL]: -1
[PRECHECK_FAIL]: -1
[PRECHECK_FAIL]: -1
[PRECHECK_FAIL]: -1
[PRECHECK_FAIL]: -1
[PRECHECK_FAIL]: -1
[PRECHECK_FAIL]: -1
[PRECHECK_FAIL]: -1
[PRECHECK_FAIL]: -1
[PRECHECK_FAIL]: -1
[PRECHECK_FAIL]: -1
[PRECHECK_FAIL]: -1
[PRECHECK_FAIL]: -1
[PRECHECK_FAIL]: -1
[PRECHECK_FAIL]: -1
[PRECHECK_FAIL]: -1
[PRECHECK_FAIL]: -1
[PRECHECK_FAIL]: -1
[PRECHECK_FAIL]: -1
[PRECHECK_FAIL]: -1
[PRECHECK_FAIL]: -1
[PRECHECK_FAIL]: -1
[PRECHECK_FAIL]: -1
[PRECHECK_FAIL]: -1
[PRECHECK_FAIL]: -1
[PRECHECK_FAIL]: -1
[PRECHECK_FAIL]: -1
[PRECHECK_FAIL]: -1
[PRECHECK_FAIL]: -1
[PRECHECK_FAIL]: -1
[PRECHECK_FAIL]: -1
[PRECHECK_FAIL]: -1
[PRECHECK_FAIL]: -1
[PRECHECK_FAIL]: -1
[PRECHECK_FAIL]: -1
[PRECHECK_FAIL]: -1
[PRECHECK_FAIL]: -1
[PRECHECK_FAIL]: -1
[PRECHECK_FAIL]: -1
[PRECHECK_FAIL]: -1
[PRECHECK_FAIL]: -1
[PRECHECK_FAIL]: -1
[PRECHECK_FAIL]: -1
[PRECHECK_FAIL]: -1
[PRECHECK_FAIL]: -1
[PRECHECK_FAIL]: -1
[PRECHECK_FAIL]: -1
[PRECHECK_FAIL]: -1
[PRECHECK_FAIL]: -1
[PRECHECK_FAIL]: -1
[PRECHECK_FAIL]: -1
[PRECHECK_FAIL]: -1
[PRECHECK_FAIL]: -1
[PRECHECK_FAIL]: -1
[PRECHECK_FAIL]: -1
[PRECHECK_FAIL]: -1
[PRECHECK_FAIL]: -1
[PRECHECK_FAIL]: -1
[PRECHECK_FAIL]: -1
[PRECHECK_FAIL]: -1
[PRECHECK_FAIL]: -1
[PRECHECK_FAIL]: -1
[PRECHECK_FAIL]: -1
[PRECHECK_FAIL]: -1
[PRECHECK_FAIL]: -1
[PRECHECK_FAIL]: -1
[PRECHECK_FAIL]: -1
[PRECHECK_FAIL]: -1
[PRECHECK_FAIL]: -1
[PRECHECK_FAIL]: -1
[PRECHECK_FAIL]: -1
[PRECHECK_FAIL]: -1
[PRECHECK_FAIL]: -1
[PRECHECK_FAIL]: -1
[PRECHECK_FAIL]: -1
[PRECHECK_FAIL]: -1
[PRECHECK_FAIL]: -1
[PRECHECK_FAIL]: -1
[PRECHECK_FAIL]: -1
[PRECHECK_FAIL]: -1
[PRECHECK_FAIL]: -1
[PRECHECK_FAIL]: -1
[PRECHECK_FAIL]: -1
[PRECHECK_FAIL]: -1
[PRECHECK_FAIL]: -1
[PRECHECK_FAIL]: -1
[PRECHECK_FAIL]: -1
[PRECHECK_FAIL]: -1
[PRECHECK_FAIL]: -1
[PRECHECK_FAIL]: -1
[PRECHECK_FAIL]: -1
[PRECHECK_FAIL]: -1
[PRECHECK_FAIL]: -1
[PRECHECK_FAIL]: -1
[PRECHECK_FAIL]: -1
[PRECHECK_FAIL]: -1
[PRECHECK_FAIL]: -1
[PRECHECK_FAIL]: -1
[PRECHECK_FAIL]: -1
[PRECHECK_FAIL]: -1
[PRECHECK_FAIL]: -1
[PRECHECK_FAIL]: -1
[PRECHECK_FAIL]: -1
[PRECHECK_FAIL]: -1
[PRECHECK_FAIL]: -1
[PRECHECK_FAIL]: -1
[PRECHECK_FAIL]: -1
[PRECHECK_FAIL]: -1
[PRECHECK_FAIL]: -1
[PRECHECK_FAIL]: -1
[PRECHECK_FAIL]: -1
[PRECHECK_FAIL]: -1
[PRECHECK_FAIL]: -1
[PRECHECK_FAIL]: -1
[PRECHECK_FAIL]: -1
[PRECHECK_FAIL]: -1
[PRECHECK_FAIL]: -1
[PRECHECK_FAIL]: -1
[PRECHECK_FAIL]: -1
[PRECHECK_FAIL]: -1
[PRECHECK_FAIL]: -1
[PRECHECK_FAIL]: -1
[PRECHECK_FAIL]: -1
[PRECHECK_FAIL]: -1
[PRECHECK_FAIL]: -1
[PRECHECK_FAIL]: -1
[PRECHECK_FAIL]: -1
[PRECHECK_FAIL]: -1
[PRECHECK_FAIL]: -1
[PRECHECK_FAIL]: -1
[PRECHECK_FAIL]: -1
[PRECHECK_FAIL]: -1
[PRECHECK_FAIL]: -1
[PRECHECK_FAIL]: -1
[PRECHECK_FAIL]: -1
[PRECHECK_FAIL]: -1
[PRECHECK_FAIL]: -1
[PRECHECK_FAIL]: -1
[PRECHECK_FAIL]: -1
[PRECHECK_FAIL]: -1
[PRECHECK_FAIL]: -1
[PRECHECK_FAIL]: -1
[PRECHECK_FAIL]: -1
[PRECHECK_FAIL]: -1
[PRECHECK_FAIL]: -1
[PRECHECK_FAIL]: -1
[PRECHECK_FAIL]: -1
[PRECHECK_FAIL]: -1
[PRECHECK_FAIL]: -1
[PRECHECK_FAIL]: -1
[PRECHECK_FAIL]: -1
[PRECHECK_FAIL]: -1
[PRECHECK_FAIL]: -1
[PRECHECK_FAIL]: -1
[PRECHECK_FAIL]: -1
[PRECHECK_FAIL]: -1
[PRECHECK_FAIL]: -1
[PRECHECK_FAIL]: -1
[PRECHECK_FAIL]: -1
[PRECHECK_FAIL]: -1
[PRECHECK_FAIL]: -1
[PRECHECK_FAIL]: -1
[PRECHECK_FAIL]: -1
[PRECHECK_FAIL]: -1
[PRECHECK_FAIL]: -1
[PRECHECK_FAIL]: -1
[PRECHECK_FAIL]: -1
[PRECHECK_FAIL]: -1
[PRECHECK_FAIL]: -1
[PRECHECK_FAIL]: -1
[PRECHECK_FAIL]: -1
[PRECHECK_FAIL]: -1
[PRECHECK_FAIL]: -1
[PRECHECK_FAIL]: -1
[PRECHECK_FAIL]: -1
[PRECHECK_FAIL]: -1
[PRECHECK_FAIL]: -1
[PRECHECK_FAIL]: -1
[PRECHECK_FAIL]: -1
[PRECHECK_FAIL]: -1
[PRECHECK_FAIL]: -1
[PRECHECK_FAIL]: -1
[PRECHECK_FAIL]: -1
[PRECHECK_FAIL]: -1
[PRECHECK_FAIL]: -1
[PRECHECK_FAIL]: -1
[PRECHECK_FAIL]: -1
[PRECHECK_FAIL]: -1
[PRECHECK_FAIL]: -1
[PRECHECK_FAIL]: -1
[PRECHECK_FAIL]: -1
[PRECHECK_FAIL]: -1
[PRECHECK_FAIL]: -1
[PRECHECK_FAIL]: -1
[PRECHECK_FAIL]: -1
[PRECHECK_FAIL]: -1
[PRECHECK_FAIL]: -1
[PRECHECK_FAIL]: -1
[PRECHECK_FAIL]: -1
[PRECHECK_FAIL]: -1
[PRECHECK_FAIL]: -1
[PRECHECK_FAIL]: -1
[PRECHECK_FAIL]: -1
[PRECHECK_FAIL]: -1
[PRECHECK_FAIL]: -1
[PRECHECK_FAIL]: -1
[PRECHECK_FAIL]: -1
[PRECHECK_FAIL]: -1
[PRECHECK_FAIL]: -1
[PRECHECK_FAIL]: -1
[PRECHECK_FAIL]: -1
[PRECHECK_FAIL]: -1
[PRECHECK_FAIL]: -1
[PRECHECK_FAIL]: -1
[PRECHECK_FAIL]: -1
[PRECHECK_FAIL]: -1
[PRECHECK_FAIL]: -1
[PRECHECK_FAIL]: -1
[PRECHECK_FAIL]: -1
[PRECHECK_FAIL]: -1
[PRECHECK_FAIL]: -1
[PRECHECK_FAIL]: -1
[PRECHECK_FAIL]: -1
[PRECHECK_FAIL]: -1
[PRECHECK_FAIL]: -1
[PRECHECK_FAIL]: -1
[PRECHECK_FAIL]: -1
[PRECHECK_FAIL]: -1
[PRECHECK_FAIL]: -1
[PRECHECK_FAIL]: -1
[PRECHECK_FAIL]: -1
[PRECHECK_FAIL]: -1
[PRECHECK_FAIL]: -1
[PRECHECK_FAIL]: -1
[PRECHECK_FAIL]: -1
[PRECHECK_FAIL]: -1
[PRECHECK_FAIL]: -1
[PRECHECK_FAIL]: -1
[PRECHECK_FAIL]: -1
[PRECHECK_FAIL]: -1
[PRECHECK_FAIL]: -1
[PRECHECK_FAIL]: -1
[PRECHECK_FAIL]: -1
[PRECHECK_FAIL]: -1
[PRECHECK_FAIL]: -1
[PRECHECK_FAIL]: -1
[PRECHECK_FAIL]: -1
[PRECHECK_FAIL]: -1
[PRECHECK_FAIL]: -1
[PRECHECK_FAIL]: -1
[PRECHECK_FAIL]: -1
[PRECHECK_FAIL]: -1
[PRECHECK_FAIL]: -1
[PRECHECK_FAIL]: -1
[PRECHECK_FAIL]: -1
[PRECHECK_FAIL]: -1
[PRECHECK_FAIL]: -1
[PRECHECK_FAIL]: -1
[PRECHECK_FAIL]: -1
[PRECHECK_FAIL]: -1
[PRECHECK_FAIL]: -1
[PRECHECK_FAIL]: -1
[PRECHECK_FAIL]: -1
[PRECHECK_FAIL]: -1
[PRECHECK_FAIL]: -1
[PRECHECK_FAIL]: -1
[PRECHECK_FAIL]: -1
[PRECHECK_FAIL]: -1
[PRECHECK_FAIL]: -1
[PRECHECK_FAIL]: -1
[PRECHECK_FAIL]: -1
[PRECHECK_FAIL]: -1
[PRECHECK_FAIL]: -1
[PRECHECK_FAIL]: -1
[PRECHECK_FAIL]: -1
[PRECHECK_FAIL]: -1
[PRECHECK_FAIL]: -1
[PRECHECK_FAIL]: -1
[PRECHECK_FAIL]: -1
[PRECHECK_FAIL]: -1
[PRECHECK_FAIL]: -1
[PRECHECK_FAIL]: -1
[PRECHECK_FAIL]: -1
[PRECHECK_FAIL]: -1
[PRECHECK_FAIL]: -1
[PRECHECK_FAIL]: -1
[PRECHECK_FAIL]: -1
[PRECHECK_FAIL]: -1
[PRECHECK_FAIL]: -1
[PRECHECK_FAIL]: -1
[PRECHECK_FAIL]: -1
[PRECHECK_FAIL]: -1
[PRECHECK_FAIL]: -1
[PRECHECK_FAIL]: -1
[PRECHECK_FAIL]: -1
[PRECHECK_FAIL]: -1
[PRECHECK_FAIL]: -1
[PRECHECK_FAIL]: -1
[PRECHECK_FAIL]: -1
[PRECHECK_FAIL]: -1
[PRECHECK_FAIL]: -1
[PRECHECK_FAIL]: -1
[PRECHECK_FAIL]: -1
[PRECHECK_FAIL]: -1
[PRECHECK_FAIL]: -1
[PRECHECK_FAIL]: -1
[PRECHECK_FAIL]: -1
[PRECHECK_FAIL]: -1
[PRECHECK_FAIL]: -1
[PRECHECK_FAIL]: -1
[PRECHECK_FAIL]: -1
[PRECHECK_FAIL]: -1
[PRECHECK_FAIL]: -1
[PRECHECK_FAIL]: -1
[PRECHECK_FAIL]: -1
[PRECHECK_FAIL]: -1
[PRECHECK_FAIL]: -1
[PRECHECK_FAIL]: -1
[PRECHECK_FAIL]: -1
[PRECHECK_FAIL]: -1
[PRECHECK_FAIL]: -1
[PRECHECK_FAIL]: -1
[PRECHECK_FAIL]: -1
[PRECHECK_FAIL]: -1
[PRECHECK_FAIL]: -1
[PRECHECK_FAIL]: -1
[PRECHECK_FAIL]: -1
[PRECHECK_FAIL]: -1
[PRECHECK_FAIL]: -1
[PRECHECK_FAIL]: -1
[PRECHECK_FAIL]: -1
[PRECHECK_FAIL]: -1
[PRECHECK_FAIL]: -1
[PRECHECK_FAIL]: -1
[PRECHECK_FAIL]: -1
[PRECHECK_FAIL]: -1
[PRECHECK_FAIL]: -1
[PRECHECK_FAIL]: -1
[PRECHECK_FAIL]: -1
[PRECHECK_FAIL]: -1
[PRECHECK_FAIL]: -1
[PRECHECK_FAIL]: -1
[PRECHECK_FAIL]: -1
[PRECHECK_FAIL]: -1
[PRECHECK_FAIL]: -1
[PRECHECK_FAIL]: -1
[PRECHECK_FAIL]: -1
[PRECHECK_FAIL]: -1
[PRECHECK_FAIL]: -1
[PRECHECK_FAIL]: -1
[PRECHECK_FAIL]: -1
[PRECHECK_FAIL]: -1
[PRECHECK_FAIL]: -1
[PRECHECK_FAIL]: -1
[PRECHECK_FAIL]: -1
[PRECHECK_FAIL]: -1
[PRECHECK_FAIL]: -1
[PRECHECK_FAIL]: -1
[PRECHECK_FAIL]: -1
[PRECHECK_FAIL]: -1
[PRECHECK_FAIL]: -1
[PRECHECK_FAIL]: -1
[PRECHECK_FAIL]: -1
[PRECHECK_FAIL]: -1
[PRECHECK_FAIL]: -1
[PRECHECK_FAIL]: -1
[PRECHECK_FAIL]: -1
[PRECHECK_FAIL]: -1
[PRECHECK_FAIL]: -1
[PRECHECK_FAIL]: -1
[PRECHECK_FAIL]: -1
[PRECHECK_FAIL]: -1
[PRECHECK_FAIL]: -1
[PRECHECK_FAIL]: -1
[PRECHECK_FAIL]: -1
[PRECHECK_FAIL]: -1
[PRECHECK_FAIL]: -1
[PRECHECK_FAIL]: -1
[PRECHECK_FAIL]: -1
[PRECHECK_FAIL]: -1
[PRECHECK_FAIL]: -1
[PRECHECK_FAIL]: -1
[PRECHECK_FAIL]: -1
[PRECHECK_FAIL]: -1
[PRECHECK_FAIL]: -1
[PRECHECK_FAIL]: -1
[PRECHECK_FAIL]: -1
[PRECHECK_FAIL]: -1
[PRECHECK_FAIL]: -1
[PRECHECK_FAIL]: -1
[PRECHECK_FAIL]: -1
[PRECHECK_FAIL]: -1
[PRECHECK_FAIL]: -1
[PRECHECK_FAIL]: -1
[PRECHECK_FAIL]: -1
[PRECHECK_FAIL]: -1
[PRECHECK_FAIL]: -1
[PRECHECK_FAIL]: -1
[PRECHECK_FAIL]: -1
[PRECHECK_FAIL]: -1
[PRECHECK_FAIL]: -1
[PRECHECK_FAIL]: -1
[PRECHECK_FAIL]: -1
[PRECHECK_FAIL]: -1
[PRECHECK_FAIL]: -1
[PRECHECK_FAIL]: -1
[PRECHECK_FAIL]: -1
[PRECHECK_FAIL]: -1
[PRECHECK_FAIL]: -1
[PRECHECK_FAIL]: -1
[PRECHECK_FAIL]: -1
[PRECHECK_FAIL]: -1
[PRECHECK_FAIL]: -1
[PRECHECK_FAIL]: -1
[PRECHECK_FAIL]: -1
[PRECHECK_FAIL]: -1
[PRECHECK_FAIL]: -1
[PRECHECK_FAIL]: -1
[PRECHECK_FAIL]: -1
[PRECHECK_FAIL]: -1
[PRECHECK_FAIL]: -1
[PRECHECK_FAIL]: -1
[PRECHECK_FAIL]: -1
[PRECHECK_FAIL]: -1
[PRECHECK_FAIL]: -1
[PRECHECK_FAIL]: -1
[PRECHECK_FAIL]: -1
[PRECHECK_FAIL]: -1
[PRECHECK_FAIL]: -1
[PRECHECK_FAIL]: -1
[PRECHECK_FAIL]: -1
[PRECHECK_FAIL]: -1
[PRECHECK_FAIL]: -1
[PRECHECK_FAIL]: -1
[PRECHECK_FAIL]: -1
[PRECHECK_FAIL]: -1
[PRECHECK_FAIL]: -1
[PRECHECK_FAIL]: -1
[PRECHECK_FAIL]: -1
[PRECHECK_FAIL]: -1
[PRECHECK_FAIL]: -1
[PRECHECK_FAIL]: -1
[PRECHECK_FAIL]: -1
[PRECHECK_FAIL]: -1
[PRECHECK_FAIL]: -1
[PRECHECK_FAIL]: -1
[PRECHECK_FAIL]: -1
[PRECHECK_FAIL]: -1
[PRECHECK_FAIL]: -1
[PRECHECK_FAIL]: -1
[PRECHECK_FAIL]: -1
[PRECHECK_FAIL]: -1
[PRECHECK_FAIL]: -1
[PRECHECK_FAIL]: -1
[PRECHECK_FAIL]: -1
[PRECHECK_FAIL]: -1
[PRECHECK_FAIL]: -1
[PRECHECK_FAIL]: -1
[PRECHECK_FAIL]: -1
[PRECHECK_FAIL]: -1
[PRECHECK_FAIL]: -1
[PRECHECK_FAIL]: -1
[PRECHECK_FAIL]: -1
[PRECHECK_FAIL]: -1
[PRECHECK_FAIL]: -1
[PRECHECK_FAIL]: -1
[PRECHECK_FAIL]: -1
[PRECHECK_FAIL]: -1
[PRECHECK_FAIL]: -1
[PRECHECK_FAIL]: -1
[PRECHECK_FAIL]: -1
[PRECHECK_FAIL]: -1
[PRECHECK_FAIL]: -1
[PRECHECK_FAIL]: -1
[PRECHECK_FAIL]: -1
[PRECHECK_FAIL]: -1
[PRECHECK_FAIL]: -1
[PRECHECK_FAIL]: -1
[PRECHECK_FAIL]: -1
[PRECHECK_FAIL]: -1
[PRECHECK_FAIL]: -1
[PRECHECK_FAIL]: -1
[PRECHECK_FAIL]: -1
[PRECHECK_FAIL]: -1
[PRECHECK_FAIL]: -1
[PRECHECK_FAIL]: -1
[PRECHECK_FAIL]: -1
[PRECHECK_FAIL]: -1
[PRECHECK_FAIL]: -1
[PRECHECK_FAIL]: -1
[PRECHECK_FAIL]: -1
[PRECHECK_FAIL]: -1
[PRECHECK_FAIL]: -1
[PRECHECK_FAIL]: -1
[PRECHECK_FAIL]: -1
[PRECHECK_FAIL]: -1
[PRECHECK_FAIL]: -1
[PRECHECK_FAIL]: -1
[PRECHECK_FAIL]: -1
[PRECHECK_FAIL]: -1
[PRECHECK_FAIL]: -1
[PRECHECK_FAIL]: -1
[PRECHECK_FAIL]: -1
[PRECHECK_FAIL]: -1
[PRECHECK_FAIL]: -1
[PRECHECK_FAIL]: -1
[PRECHECK_FAIL]: -1
[PRECHECK_FAIL]: -1
[PRECHECK_FAIL]: -1
[PRECHECK_FAIL]: -1
[PRECHECK_FAIL]: -1
[PRECHECK_FAIL]: -1
[PRECHECK_FAIL]: -1
[PRECHECK_FAIL]: -1
[PRECHECK_FAIL]: -1
[PRECHECK_FAIL]: -1
[PRECHECK_FAIL]: -1
[PRECHECK_FAIL]: -1
[PRECHECK_FAIL]: -1
[PRECHECK_FAIL]: -1
[PRECHECK_FAIL]: -1
[PRECHECK_FAIL]: -1
[PRECHECK_FAIL]: -1
[PRECHECK_FAIL]: -1
[PRECHECK_FAIL]: -1
[PRECHECK_FAIL]: -1
[PRECHECK_FAIL]: -1
[PRECHECK_FAIL]: -1
[PRECHECK_FAIL]: -1
[PRECHECK_FAIL]: -1
[PRECHECK_FAIL]: -1
[PRECHECK_FAIL]: -1
[PRECHECK_FAIL]: -1
[PRECHECK_FAIL]: -1
[PRECHECK_FAIL]: -1
[PRECHECK_FAIL]: -1
[PRECHECK_FAIL]: -1
[PRECHECK_FAIL]: -1
[PRECHECK_FAIL]: -1
[PRECHECK_FAIL]: -1
[PRECHECK_FAIL]: -1
[PRECHECK_FAIL]: -1
[PRECHECK_FAIL]: -1
[PRECHECK_FAIL]: -1
[PRECHECK_FAIL]: -1
[PRECHECK_FAIL]: -1
[PRECHECK_FAIL]: -1
[PRECHECK_FAIL]: -1
[PRECHECK_FAIL]: -1
[PRECHECK_FAIL]: -1
[PRECHECK_FAIL]: -1
[PRECHECK_FAIL]: -1
[PRECHECK_FAIL]: -1
[PRECHECK_FAIL]: -1
[PRECHECK_FAIL]: -1
[PRECHECK_FAIL]: -1
[PRECHECK_FAIL]: -1
[PRECHECK_FAIL]: -1
[PRECHECK_FAIL]: -1
[PRECHECK_FAIL]: -1
[PRECHECK_FAIL]: -1
[PRECHECK_FAIL]: -1
[PRECHECK_FAIL]: -1
[PRECHECK_FAIL]: -1
[PRECHECK_FAIL]: -1
[PRECHECK_FAIL]: -1
[PRECHECK_FAIL]: -1
[PRECHECK_FAIL]: -1
[PRECHECK_FAIL]: -1
[PRECHECK_FAIL]: -1
[PRECHECK_FAIL]: -1
[PRECHECK_FAIL]: -1
[PRECHECK_FAIL]: -1
[PRECHECK_FAIL]: -1
[PRECHECK_FAIL]: -1
[PRECHECK_FAIL]: -1
[PRECHECK_FAIL]: -1
[PRECHECK_FAIL]: -1
[PRECHECK_FAIL]: -1
[PRECHECK_FAIL]: -1
[PRECHECK_FAIL]: -1
[PRECHECK_FAIL]: -1
[PRECHECK_FAIL]: -1
[PRECHECK_FAIL]: -1
[PRECHECK_FAIL]: -1
[PRECHECK_FAIL]: -1
[PRECHECK_FAIL]: -1
[PRECHECK_FAIL]: -1
[PRECHECK_FAIL]: -1
[PRECHECK_FAIL]: -1
[PRECHECK_FAIL]: -1
[PRECHECK_FAIL]: -1
[PRECHECK_FAIL]: -1
[PRECHECK_FAIL]: -1
[PRECHECK_FAIL]: -1
[PRECHECK_FAIL]: -1
[PRECHECK_FAIL]: -1
[PRECHECK_FAIL]: -1
[PRECHECK_FAIL]: -1
[PRECHECK_FAIL]: -1
[PRECHECK_FAIL]: -1
[PRECHECK_FAIL]: -1
[PRECHECK_FAIL]: -1
[PRECHECK_FAIL]: -1
[PRECHECK_FAIL]: -1
[PRECHECK_FAIL]: -1
[PRECHECK_FAIL]: -1
[PRECHECK_FAIL]: -1
[PRECHECK_FAIL]: -1
[PRECHECK_FAIL]: -1
[PRECHECK_FAIL]: -1
[PRECHECK_FAIL]: -1
[PRECHECK_FAIL]: -1
[PRECHECK_FAIL]: -1
[PRECHECK_FAIL]: -1
[PRECHECK_FAIL]: -1
[PRECHECK_FAIL]: -1
[PRECHECK_FAIL]: -1
[PRECHECK_FAIL]: -1
[PRECHECK_FAIL]: -1
[PRECHECK_FAIL]: -1
[PRECHECK_FAIL]: -1
[PRECHECK_FAIL]: -1
[PRECHECK_FAIL]: -1
[PRECHECK_FAIL]: -1
[PRECHECK_FAIL]: -1
[PRECHECK_FAIL]: -1
[PRECHECK_FAIL]: -1
[PRECHECK_FAIL]: -1
[PRECHECK_FAIL]: -1
[PRECHECK_FAIL]: -1
[PRECHECK_FAIL]: -1
[PRECHECK_FAIL]: -1
[PRECHECK_FAIL]: -1
[PRECHECK_FAIL]: -1
[PRECHECK_FAIL]: -1
[PRECHECK_FAIL]: -1
[PRECHECK_FAIL]: -1
[PRECHECK_FAIL]: -1
[PRECHECK_FAIL]: -1
[PRECHECK_FAIL]: -1
[PRECHECK_FAIL]: -1
[PRECHECK_FAIL]: -1
[PRECHECK_FAIL]: -1
[PRECHECK_FAIL]: -1
[PRECHECK_FAIL]: -1
[PRECHECK_FAIL]: -1
[PRECHECK_FAIL]: -1
[PRECHECK_FAIL]: -1
[PRECHECK_FAIL]: -1
[PRECHECK_FAIL]: -1
[PRECHECK_FAIL]: -1
[PRECHECK_FAIL]: -1
[PRECHECK_FAIL]: -1
[PRECHECK_FAIL]: -1
[PRECHECK_FAIL]: -1
[PRECHECK_FAIL]: -1
[PRECHECK_FAIL]: -1
[PRECHECK_FAIL]: -1
[PRECHECK_FAIL]: -1
[PRECHECK_FAIL]: -1
[PRECHECK_FAIL]: -1
[PRECHECK_FAIL]: -1
[PRECHECK_FAIL]: -1
[PRECHECK_FAIL]: -1
[PRECHECK_FAIL]: -1
[PRECHECK_FAIL]: -1
[PRECHECK_FAIL]: -1
[PRECHECK_FAIL]: -1
[PRECHECK_FAIL]: -1
[PRECHECK_FAIL]: -1
[PRECHECK_FAIL]: -1
[PRECHECK_FAIL]: -1
[PRECHECK_FAIL]: -1
[PRECHECK_FAIL]: -1
[PRECHECK_FAIL]: -1
[PRECHECK_FAIL]: -1
[PRECHECK_FAIL]: -1
[PRECHECK_FAIL]: -1
[PRECHECK_FAIL]: -1
[PRECHECK_FAIL]: -1
[PRECHECK_FAIL]: -1
[PRECHECK_FAIL]: -1
[PRECHECK_FAIL]: -1
[PRECHECK_FAIL]: -1
[PRECHECK_FAIL]: -1
[PRECHECK_FAIL]: -1
[PRECHECK_FAIL]: -1
[PRECHECK_FAIL]: -1
[PRECHECK_FAIL]: -1
[PRECHECK_FAIL]: -1
[PRECHECK_FAIL]: -1
[PRECHECK_FAIL]: -1
[PRECHECK_FAIL]: -1
[PRECHECK_FAIL]: -1
[PRECHECK_FAIL]: -1
[PRECHECK_FAIL]: -1
[PRECHECK_FAIL]: -1
[PRECHECK_FAIL]: -1
[PRECHECK_FAIL]: -1
[PRECHECK_FAIL]: -1
[PRECHECK_FAIL]: -1
[PRECHECK_FAIL]: -1
[PRECHECK_FAIL]: -1
[PRECHECK_FAIL]: -1
[PRECHECK_FAIL]: -1
[PRECHECK_FAIL]: -1
[PRECHECK_FAIL]: -1
[PRECHECK_FAIL]: -1
[PRECHECK_FAIL]: -1
[PRECHECK_FAIL]: -1
[PRECHECK_FAIL]: -1
[PRECHECK_FAIL]: -1
[PRECHECK_FAIL]: -1
[PRECHECK_FAIL]: -1
[PRECHECK_FAIL]: -1
[PRECHECK_FAIL]: -1
[PRECHECK_FAIL]: -1
[PRECHECK_FAIL]: -1
[PRECHECK_FAIL]: -1
[PRECHECK_FAIL]: -1
[PRECHECK_FAIL]: -1
[PRECHECK_FAIL]: -1
[PRECHECK_FAIL]: -1
[PRECHECK_FAIL]: -1
[PRECHECK_FAIL]: -1
[PRECHECK_FAIL]: -1
[PRECHECK_FAIL]: -1
[PRECHECK_FAIL]: -1
[PRECHECK_FAIL]: -1
[PRECHECK_FAIL]: -1
[PRECHECK_FAIL]: -1
[PRECHECK_FAIL]: -1
[PRECHECK_FAIL]: -1
[PRECHECK_FAIL]: -1
[PRECHECK_FAIL]: -1
[PRECHECK_FAIL]: -1
[PRECHECK_FAIL]: -1
[PRECHECK_FAIL]: -1
[PRECHECK_FAIL]: -1
[PRECHECK_FAIL]: -1
[PRECHECK_FAIL]: -1
[PRECHECK_FAIL]: -1
[PRECHECK_FAIL]: -1
[PRECHECK_FAIL]: -1
[PRECHECK_FAIL]: -1
[PRECHECK_FAIL]: -1
[PRECHECK_FAIL]: -1
[PRECHECK_FAIL]: -1
[PRECHECK_FAIL]: -1
[PRECHECK_FAIL]: -1
[PRECHECK_FAIL]: -1
[PRECHECK_FAIL]: -1
[PRECHECK_FAIL]: -1
[PRECHECK_FAIL]: -1
[PRECHECK_FAIL]: -1
[PRECHECK_FAIL]: -1
[PRECHECK_FAIL]: -1
[PRECHECK_FAIL]: -1
[PRECHECK_FAIL]: -1
[PRECHECK_FAIL]: -1
[PRECHECK_FAIL]: -1
[PRECHECK_FAIL]: -1
[PRECHECK_FAIL]: -1
[PRECHECK_FAIL]: -1
[PRECHECK_FAIL]: -1
[PRECHECK_FAIL]: -1
[PRECHECK_FAIL]: -1
[PRECHECK_FAIL]: -1
[PRECHECK_FAIL]: -1
[PRECHECK_FAIL]: -1
[PRECHECK_FAIL]: -1
[PRECHECK_FAIL]: -1
[PRECHECK_FAIL]: -1
[PRECHECK_FAIL]: -1
[PRECHECK_FAIL]: -1
[PRECHECK_FAIL]: -1
[PRECHECK_FAIL]: -1
[PRECHECK_FAIL]: -1
[PRECHECK_FAIL]: -1
[PRECHECK_FAIL]: -1
[PRECHECK_FAIL]: -1
[PRECHECK_FAIL]: -1
[PRECHECK_FAIL]: -1
[PRECHECK_FAIL]: -1
[PRECHECK_FAIL]: -1
[PRECHECK_FAIL]: -1
[PRECHECK_FAIL]: -1
[PRECHECK_FAIL]: -1
[PRECHECK_FAIL]: -1
[PRECHECK_FAIL]: -1
[PRECHECK_FAIL]: -1
[PRECHECK_FAIL]: -1
[PRECHECK_FAIL]: -1
[PRECHECK_FAIL]: -1
[PRECHECK_FAIL]: -1
[PRECHECK_FAIL]: -1
[PRECHECK_FAIL]: -1
[PRECHECK_FAIL]: -1
[PRECHECK_FAIL]: -1
[PRECHECK_FAIL]: -1
[PRECHECK_FAIL]: -1
[PRECHECK_FAIL]: -1
[PRECHECK_FAIL]: -1
[PRECHECK_FAIL]: -1
[PRECHECK_FAIL]: -1
[PRECHECK_FAIL]: -1
[PRECHECK_FAIL]: -1
[PRECHECK_FAIL]: -1
[PRECHECK_FAIL]: -1
[PRECHECK_FAIL]: -1
[PRECHECK_FAIL]: -1
[PRECHECK_FAIL]: -1
[PRECHECK_FAIL]: -1
[PRECHECK_FAIL]: -1
[PRECHECK_FAIL]: -1
[PRECHECK_FAIL]: -1
[PRECHECK_FAIL]: -1
[PRECHECK_FAIL]: -1
[PRECHECK_FAIL]: -1
[PRECHECK_FAIL]: -1
[PRECHECK_FAIL]: -1
[PRECHECK_FAIL]: -1
[PRECHECK_FAIL]: -1
[PRECHECK_FAIL]: -1
[PRECHECK_FAIL]: -1
[PRECHECK_FAIL]: -1
[PRECHECK_FAIL]: -1
[PRECHECK_FAIL]: -1
[PRECHECK_FAIL]: -1
[PRECHECK_FAIL]: -1
[PRECHECK_FAIL]: -1
[PRECHECK_FAIL]: -1
[PRECHECK_FAIL]: -1
[PRECHECK_FAIL]: -1
[PRECHECK_FAIL]: -1
[PRECHECK_FAIL]: -1
[PRECHECK_FAIL]: -1
[PRECHECK_FAIL]: -1
[PRECHECK_FAIL]: -1
[PRECHECK_FAIL]: -1
[PRECHECK_FAIL]: -1
[PRECHECK_FAIL]: -1
[PRECHECK_FAIL]: -1
[PRECHECK_FAIL]: -1
[PRECHECK_FAIL]: -1
[PRECHECK_FAIL]: -1
[PRECHECK_FAIL]: -1
[PRECHECK_FAIL]: -1
[PRECHECK_FAIL]: -1
[PRECHECK_FAIL]: -1
[PRECHECK_FAIL]: -1
[PRECHECK_FAIL]: -1
[PRECHECK_FAIL]: -1
[PRECHECK_FAIL]: -1
[PRECHECK_FAIL]: -1
[PRECHECK_FAIL]: -1
[PRECHECK_FAIL]: -1
[PRECHECK_FAIL]: -1
[PRECHECK_FAIL]: -1
[PRECHECK_FAIL]: -1
[PRECHECK_FAIL]: -1
[PRECHECK_FAIL]: -1
[PRECHECK_FAIL]: -1
[PRECHECK_FAIL]: -1
[PRECHECK_FAIL]: -1
[PRECHECK_FAIL]: -1
[PRECHECK_FAIL]: -1
[PRECHECK_FAIL]: -1
[PRECHECK_FAIL]: -1
[PRECHECK_FAIL]: -1
[PRECHECK_FAIL]: -1
[PRECHECK_FAIL]: -1
[PRECHECK_FAIL]: -1
[PRECHECK_FAIL]: -1
[PRECHECK_FAIL]: -1
[PRECHECK_FAIL]: -1
[PRECHECK_FAIL]: -1
[PRECHECK_FAIL]: -1
[PRECHECK_FAIL]: -1
[PRECHECK_FAIL]: -1
[PRECHECK_FAIL]: -1
[PRECHECK_FAIL]: -1
[PRECHECK_FAIL]: -1
[PRECHECK_FAIL]: -1
[PRECHECK_FAIL]: -1
[PRECHECK_FAIL]: -1
[PRECHECK_FAIL]: -1
[PRECHECK_FAIL]: -1
[PRECHECK_FAIL]: -1
[PRECHECK_FAIL]: -1
[PRECHECK_FAIL]: -1
[PRECHECK_FAIL]: -1
[PRECHECK_FAIL]: -1
[PRECHECK_FAIL]: -1
[PRECHECK_FAIL]: -1
[PRECHECK_FAIL]: -1
[PRECHECK_FAIL]: -1
[PRECHECK_FAIL]: -1
[PRECHECK_FAIL]: -1
[PRECHECK_FAIL]: -1
[PRECHECK_FAIL]: -1
[PRECHECK_FAIL]: -1
[PRECHECK_FAIL]: -1
[PRECHECK_FAIL]: -1
[PRECHECK_FAIL]: -1
[PRECHECK_FAIL]: -1
[PRECHECK_FAIL]: -1
[PRECHECK_FAIL]: -1
[PRECHECK_FAIL]: -1
[PRECHECK_FAIL]: -1
[PRECHECK_FAIL]: -1
[PRECHECK_FAIL]: -1
[PRECHECK_FAIL]: -1
[PRECHECK_FAIL]: -1
[PRECHECK_FAIL]: -1
[PRECHECK_FAIL]: -1
[PRECHECK_FAIL]: -1
[PRECHECK_FAIL]: -1
[PRECHECK_FAIL]: -1
[PRECHECK_FAIL]: -1
[PRECHECK_FAIL]: -1
[PRECHECK_FAIL]: -1
[PRECHECK_FAIL]: -1
[PRECHECK_FAIL]: -1
[PRECHECK_FAIL]: -1
[PRECHECK_FAIL]: -1
[PRECHECK_FAIL]: -1
[PRECHECK_FAIL]: -1
[PRECHECK_FAIL]: -1
[PRECHECK_FAIL]: -1
[PRECHECK_FAIL]: -1
[PRECHECK_FAIL]: -1
[PRECHECK_FAIL]: -1
[PRECHECK_FAIL]: -1
[PRECHECK_FAIL]: -1
[PRECHECK_FAIL]: -1
[PRECHECK_FAIL]: -1
[PRECHECK_FAIL]: -1
[PRECHECK_FAIL]: -1
[PRECHECK_FAIL]: -1
[PRECHECK_FAIL]: -1
[PRECHECK_FAIL]: -1
[PRECHECK_FAIL]: -1
[PRECHECK_FAIL]: -1
[PRECHECK_FAIL]: -1
[PRECHECK_FAIL]: -1
[PRECHECK_FAIL]: -1
[PRECHECK_FAIL]: -1
[PRECHECK_FAIL]: -1
[PRECHECK_FAIL]: -1
[PRECHECK_FAIL]: -1
[PRECHECK_FAIL]: -1
[PRECHECK_FAIL]: -1
[PRECHECK_FAIL]: -1
[PRECHECK_FAIL]: -1
[PRECHECK_FAIL]: -1
[PRECHECK_FAIL]: -1
[PRECHECK_FAIL]: -1
[PRECHECK_FAIL]: -1
[PRECHECK_FAIL]: -1
[PRECHECK_FAIL]: -1
[PRECHECK_FAIL]: -1
[PRECHECK_FAIL]: -1
[PRECHECK_FAIL]: -1
[PRECHECK_FAIL]: -1
[PRECHECK_FAIL]: -1
[PRECHECK_FAIL]: -1
[PRECHECK_FAIL]: -1
[PRECHECK_FAIL]: -1
[PRECHECK_FAIL]: -1
[PRECHECK_FAIL]: -1
[PRECHECK_FAIL]: -1
[PRECHECK_FAIL]: -1
[PRECHECK_FAIL]: -1
[PRECHECK_FAIL]: -1
[PRECHECK_FAIL]: -1
[PRECHECK_FAIL]: -1
[PRECHECK_FAIL]: -1
[PRECHECK_FAIL]: -1
[PRECHECK_FAIL]: -1
[PRECHECK_FAIL]: -1
[PRECHECK_FAIL]: -1
[PRECHECK_FAIL]: -1
[PRECHECK_FAIL]: -1
[PRECHECK_FAIL]: -1
[PRECHECK_FAIL]: -1
[PRECHECK_FAIL]: -1
[PRECHECK_FAIL]: -1
[PRECHECK_FAIL]: -1
[PRECHECK_FAIL]: -1
[PRECHECK_FAIL]: -1
[PRECHECK_FAIL]: -1
[PRECHECK_FAIL]: -1
[PRECHECK_FAIL]: -1
[PRECHECK_FAIL]: -1
[PRECHECK_FAIL]: -1
[PRECHECK_FAIL]: -1
[PRECHECK_FAIL]: -1
[PRECHECK_FAIL]: -1
[PRECHECK_FAIL]: -1
[PRECHECK_FAIL]: -1
[PRECHECK_FAIL]: -1
[PRECHECK_FAIL]: -1
[PRECHECK_FAIL]: -1
[PRECHECK_FAIL]: -1
[PRECHECK_FAIL]: -1
[PRECHECK_FAIL]: -1
[PRECHECK_FAIL]: -1
[PRECHECK_FAIL]: -1
[PRECHECK_FAIL]: -1
[PRECHECK_FAIL]: -1
[PRECHECK_FAIL]: -1
[PRECHECK_FAIL]: -1
[PRECHECK_FAIL]: -1
[PRECHECK_FAIL]: -1
[PRECHECK_FAIL]: -1
[PRECHECK_FAIL]: -1
[PRECHECK_FAIL]: -1
[PRECHECK_FAIL]: -1
[PRECHECK_FAIL]: -1
[PRECHECK_FAIL]: -1
[PRECHECK_FAIL]: -1
[PRECHECK_FAIL]: -1
[PRECHECK_FAIL]: -1
[PRECHECK_FAIL]: -1
[PRECHECK_FAIL]: -1
[PRECHECK_FAIL]: -1
[PRECHECK_FAIL]: -1
[PRECHECK_FAIL]: -1
[PRECHECK_FAIL]: -1
[PRECHECK_FAIL]: -1
[PRECHECK_FAIL]: -1
[PRECHECK_FAIL]: -1
[PRECHECK_FAIL]: -1
[PRECHECK_FAIL]: -1
[PRECHECK_FAIL]: -1
[PRECHECK_FAIL]: -1
[PRECHECK_FAIL]: -1
[PRECHECK_FAIL]: -1
[PRECHECK_FAIL]: -1
[PRECHECK_FAIL]: -1
[PRECHECK_FAIL]: -1
[PRECHECK_FAIL]: -1
[PRECHECK_FAIL]: -1
[PRECHECK_FAIL]: -1
[PRECHECK_FAIL]: -1
[PRECHECK_FAIL]: -1
[PRECHECK_FAIL]: -1
[PRECHECK_FAIL]: -1
[PRECHECK_FAIL]: -1
[PRECHECK_FAIL]: -1
[PRECHECK_FAIL]: -1
[PRECHECK_FAIL]: -1
[PRECHECK_FAIL]: -1
[PRECHECK_FAIL]: -1
[PRECHECK_FAIL]: -1
[PRECHECK_FAIL]: -1
[PRECHECK_FAIL]: -1
[PRECHECK_FAIL]: -1
[PRECHECK_FAIL]: -1
[PRECHECK_FAIL]: -1
[PRECHECK_FAIL]: -1
[PRECHECK_FAIL]: -1
[PRECHECK_FAIL]: -1
[PRECHECK_FAIL]: -1
[PRECHECK_FAIL]: -1
[PRECHECK_FAIL]: -1
[PRECHECK_FAIL]: -1
[PRECHECK_FAIL]: -1
[PRECHECK_FAIL]: -1
[PRECHECK_FAIL]: -1
[PRECHECK_FAIL]: -1
[PRECHECK_FAIL]: -1
[PRECHECK_FAIL]: -1
[PRECHECK_FAIL]: -1
[PRECHECK_FAIL]: -1
[PRECHECK_FAIL]: -1
[PRECHECK_FAIL]: -1
[PRECHECK_FAIL]: -1
[PRECHECK_FAIL]: -1
[PRECHECK_FAIL]: -1
[PRECHECK_FAIL]: -1
[PRECHECK_FAIL]: -1
[PRECHECK_FAIL]: -1
[PRECHECK_FAIL]: -1
[PRECHECK_FAIL]: -1
[PRECHECK_FAIL]: -1
[PRECHECK_FAIL]: -1
[PRECHECK_FAIL]: -1
[PRECHECK_FAIL]: -1
[PRECHECK_FAIL]: -1
[PRECHECK_FAIL]: -1
[PRECHECK_FAIL]: -1
[PRECHECK_FAIL]: -1
[PRECHECK_FAIL]: -1
[PRECHECK_FAIL]: -1
[PRECHECK_FAIL]: -1
[PRECHECK_FAIL]: -1
[PRECHECK_FAIL]: -1
[PRECHECK_FAIL]: -1
[PRECHECK_FAIL]: -1
[PRECHECK_FAIL]: -1
[PRECHECK_FAIL]: -1
[PRECHECK_FAIL]: -1
[PRECHECK_FAIL]: -1
[PRECHECK_FAIL]: -1
[PRECHECK_FAIL]: -1
[PRECHECK_FAIL]: -1
[PRECHECK_FAIL]: -1
[PRECHECK_FAIL]: -1
[PRECHECK_FAIL]: -1
[PRECHECK_FAIL]: -1
[PRECHECK_FAIL]: -1
[PRECHECK_FAIL]: -1
[PRECHECK_FAIL]: -1
[PRECHECK_FAIL]: -1
[PRECHECK_FAIL]: -1
[PRECHECK_FAIL]: -1
[PRECHECK_FAIL]: -1
[PRECHECK_FAIL]: -1
[PRECHECK_FAIL]: -1
[PRECHECK_FAIL]: -1
[PRECHECK_FAIL]: -1
[PRECHECK_FAIL]: -1
[PRECHECK_FAIL]: -1
[PRECHECK_FAIL]: -1
[PRECHECK_FAIL]: -1
[PRECHECK_FAIL]: -1
[PRECHECK_FAIL]: -1
[PRECHECK_FAIL]: -1
[PRECHECK_FAIL]: -1
[PRECHECK_FAIL]: -1
[PRECHECK_FAIL]: -1
[PRECHECK_FAIL]: -1
[PRECHECK_FAIL]: -1
[PRECHECK_FAIL]: -1
[PRECHECK_FAIL]: -1
[PRECHECK_FAIL]: -1
[PRECHECK_FAIL]: -1
[PRECHECK_FAIL]: -1
[PRECHECK_FAIL]: -1
[PRECHECK_FAIL]: -1
[PRECHECK_FAIL]: -1
[PRECHECK_FAIL]: -1
[PRECHECK_FAIL]: -1
[PRECHECK_FAIL]: -1
[PRECHECK_FAIL]: -1
[PRECHECK_FAIL]: -1
[PRECHECK_FAIL]: -1
[PRECHECK_FAIL]: -1
[PRECHECK_FAIL]: -1
[PRECHECK_FAIL]: -1
[PRECHECK_FAIL]: -1
[PRECHECK_FAIL]: -1
[PRECHECK_FAIL]: -1
[PRECHECK_FAIL]: -1
[PRECHECK_FAIL]: -1
[PRECHECK_FAIL]: -1
[PRECHECK_FAIL]: -1
[PRECHECK_FAIL]: -1
[PRECHECK_FAIL]: -1
[PRECHECK_FAIL]: -1
[PRECHECK_FAIL]: -1
[PRECHECK_FAIL]: -1
[PRECHECK_FAIL]: -1
[PRECHECK_FAIL]: -1
[PRECHECK_FAIL]: -1
[PRECHECK_FAIL]: -1
[PRECHECK_FAIL]: -1
[PRECHECK_FAIL]: -1
[PRECHECK_FAIL]: -1
[PRECHECK_FAIL]: -1
[PRECHECK_FAIL]: -1
[PRECHECK_FAIL]: -1
[PRECHECK_FAIL]: -1
[PRECHECK_FAIL]: -1
[PRECHECK_FAIL]: -1
[PRECHECK_FAIL]: -1
[PRECHECK_FAIL]: -1
[PRECHECK_FAIL]: -1
[PRECHECK_FAIL]: -1
[PRECHECK_FAIL]: -1
[PRECHECK_FAIL]: -1
[PRECHECK_FAIL]: -1
[PRECHECK_FAIL]: -1
[PRECHECK_FAIL]: -1
[PRECHECK_FAIL]: -1
[PRECHECK_FAIL]: -1
[PRECHECK_FAIL]: -1
[PRECHECK_FAIL]: -1
[PRECHECK_FAIL]: -1
[PRECHECK_FAIL]: -1
[PRECHECK_FAIL]: -1
[PRECHECK_FAIL]: -1
[PRECHECK_FAIL]: -1
[PRECHECK_FAIL]: -1
[PRECHECK_FAIL]: -1
[PRECHECK_FAIL]: -1
[PRECHECK_FAIL]: -1
[PRECHECK_FAIL]: -1
[PRECHECK_FAIL]: -1
[PRECHECK_FAIL]: -1
[PRECHECK_FAIL]: -1
[PRECHECK_FAIL]: -1
[PRECHECK_FAIL]: -1
[PRECHECK_FAIL]: -1
[PRECHECK_FAIL]: -1
[PRECHECK_FAIL]: -1
[PRECHECK_FAIL]: -1
[PRECHECK_FAIL]: -1
[PRECHECK_FAIL]: -1
[PRECHECK_FAIL]: -1
[PRECHECK_FAIL]: -1
[PRECHECK_FAIL]: -1
[PRECHECK_FAIL]: -1
[PRECHECK_FAIL]: -1
[PRECHECK_FAIL]: -1
[PRECHECK_FAIL]: -1
[PRECHECK_FAIL]: -1
[PRECHECK_FAIL]: -1
[PRECHECK_FAIL]: -1
[PRECHECK_FAIL]: -1
[PRECHECK_FAIL]: -1
[PRECHECK_FAIL]: -1
[PRECHECK_FAIL]: -1
[PRECHECK_FAIL]: -1
[PRECHECK_FAIL]: -1
[PRECHECK_FAIL]: -1
[PRECHECK_FAIL]: -1
[PRECHECK_FAIL]: -1
[PRECHECK_FAIL]: -1
[PRECHECK_FAIL]: -1
[PRECHECK_FAIL]: -1
[PRECHECK_FAIL]: -1
[PRECHECK_FAIL]: -1
[PRECHECK_FAIL]: -1
[PRECHECK_FAIL]: -1
[PRECHECK_FAIL]: -1
[PRECHECK_FAIL]: -1
[PRECHECK_FAIL]: -1
[PRECHECK_FAIL]: -1
[PRECHECK_FAIL]: -1
[PRECHECK_FAIL]: -1
[PRECHECK_FAIL]: -1
[PRECHECK_FAIL]: -1
[PRECHECK_FAIL]: -1
[PRECHECK_FAIL]: -1
[PRECHECK_FAIL]: -1
[PRECHECK_FAIL]: -1
[PRECHECK_FAIL]: -1
[PRECHECK_FAIL]: -1
[PRECHECK_FAIL]: -1
[PRECHECK_FAIL]: -1
[PRECHECK_FAIL]: -1
[PRECHECK_FAIL]: -1
[PRECHECK_FAIL]: -1
[PRECHECK_FAIL]: -1
[PRECHECK_FAIL]: -1
[PRECHECK_FAIL]: -1
[PRECHECK_FAIL]: -1
[PRECHECK_FAIL]: -1
[PRECHECK_FAIL]: -1
[PRECHECK_FAIL]: -1
[PRECHECK_FAIL]: -1
[PRECHECK_FAIL]: -1
[PRECHECK_FAIL]: -1
[PRECHECK_FAIL]: -1
[PRECHECK_FAIL]: -1
[PRECHECK_FAIL]: -1
[PRECHECK_FAIL]: -1
[PRECHECK_FAIL]: -1
[PRECHECK_FAIL]: -1
[PRECHECK_FAIL]: -1
[PRECHECK_FAIL]: -1
[PRECHECK_FAIL]: -1
[PRECHECK_FAIL]: -1
[PRECHECK_FAIL]: -1
[PRECHECK_FAIL]: -1
[PRECHECK_FAIL]: -1
[PRECHECK_FAIL]: -1
[PRECHECK_FAIL]: -1
[PRECHECK_FAIL]: -1
[PRECHECK_FAIL]: -1
[PRECHECK_FAIL]: -1
[PRECHECK_FAIL]: -1
[PRECHECK_FAIL]: -1
[PRECHECK_FAIL]: -1
[PRECHECK_FAIL]: -1
[PRECHECK_FAIL]: -1
[PRECHECK_FAIL]: -1
[PRECHECK_FAIL]: -1
[PRECHECK_FAIL]: -1
[PRECHECK_FAIL]: -1
[PRECHECK_FAIL]: -1
[PRECHECK_FAIL]: -1
[PRECHECK_FAIL]: -1
[PRECHECK_FAIL]: -1
[PRECHECK_FAIL]: -1
[PRECHECK_FAIL]: -1
[PRECHECK_FAIL]: -1
[PRECHECK_FAIL]: -1
[PRECHECK_FAIL]: -1
[PRECHECK_FAIL]: -1
[PRECHECK_FAIL]: -1
[PRECHECK_FAIL]: -1
[PRECHECK_FAIL]: -1
[PRECHECK_FAIL]: -1
[PRECHECK_FAIL]: -1
[PRECHECK_FAIL]: -1
[PRECHECK_FAIL]: -1
[PRECHECK_FAIL]: -1
[PRECHECK_FAIL]: -1
[PRECHECK_FAIL]: -1
[PRECHECK_FAIL]: -1
[PRECHECK_FAIL]: -1
[PRECHECK_FAIL]: -1
[PRECHECK_FAIL]: -1
[PRECHECK_FAIL]: -1
[PRECHECK_FAIL]: -1
[PRECHECK_FAIL]: -1
[PRECHECK_FAIL]: -1
[PRECHECK_FAIL]: -1
[PRECHECK_FAIL]: -1
[PRECHECK_FAIL]: -1
[PRECHECK_FAIL]: -1
[PRECHECK_FAIL]: -1
[PRECHECK_FAIL]: -1
[PRECHECK_FAIL]: -1
[PRECHECK_FAIL]: -1
[PRECHECK_FAIL]: -1
[PRECHECK_FAIL]: -1
[PRECHECK_FAIL]: -1
[PRECHECK_FAIL]: -1
[PRECHECK_FAIL]: -1
[PRECHECK_FAIL]: -1
[PRECHECK_FAIL]: -1
[PRECHECK_FAIL]: -1
[PRECHECK_FAIL]: -1
[PRECHECK_FAIL]: -1
[PRECHECK_FAIL]: -1
[PRECHECK_FAIL]: -1
[PRECHECK_FAIL]: -1
[PRECHECK_FAIL]: -1
[PRECHECK_FAIL]: -1
[PRECHECK_FAIL]: -1
[PRECHECK_FAIL]: -1
[PRECHECK_FAIL]: -1
[PRECHECK_FAIL]: -1
[PRECHECK_FAIL]: -1
[PRECHECK_FAIL]: -1
[PRECHECK_FAIL]: -1
[PRECHECK_FAIL]: -1
[PRECHECK_FAIL]: -1
[PRECHECK_FAIL]: -1
[PRECHECK_FAIL]: -1
[PRECHECK_FAIL]: -1
[PRECHECK_FAIL]: -1
[PRECHECK_FAIL]: -1
[PRECHECK_FAIL]: -1
[PRECHECK_FAIL]: -1
[PRECHECK_FAIL]: -1
[PRECHECK_FAIL]: -1
[PRECHECK_FAIL]: -1
[PRECHECK_FAIL]: -1
[PRECHECK_FAIL]: -1
[PRECHECK_FAIL]: -1
[PRECHECK_FAIL]: -1
[PRECHECK_FAIL]: -1
[PRECHECK_FAIL]: -1
[PRECHECK_FAIL]: -1
[PRECHECK_FAIL]: -1
[PRECHECK_FAIL]: -1
[PRECHECK_FAIL]: -1
[PRECHECK_FAIL]: -1
[PRECHECK_FAIL]: -1
[PRECHECK_FAIL]: -1
[PRECHECK_FAIL]: -1
[PRECHECK_FAIL]: -1
[PRECHECK_FAIL]: -1
[PRECHECK_FAIL]: -1
[PRECHECK_FAIL]: -1
[PRECHECK_FAIL]: -1
[PRECHECK_FAIL]: -1
[PRECHECK_FAIL]: -1
[PRECHECK_FAIL]: -1
[PRECHECK_FAIL]: -1
[PRECHECK_FAIL]: -1
[PRECHECK_FAIL]: -1
[PRECHECK_FAIL]: -1
[PRECHECK_FAIL]: -1
[PRECHECK_FAIL]: -1
[PRECHECK_FAIL]: -1
[PRECHECK_FAIL]: -1
[PRECHECK_FAIL]: -1
[PRECHECK_FAIL]: -1
[PRECHECK_FAIL]: -1
[PRECHECK_FAIL]: -1
[PRECHECK_FAIL]: -1
[PRECHECK_FAIL]: -1
[PRECHECK_FAIL]: -1
[PRECHECK_FAIL]: -1
[PRECHECK_FAIL]: -1
[PRECHECK_FAIL]: -1
[PRECHECK_FAIL]: -1
[PRECHECK_FAIL]: -1
[PRECHECK_FAIL]: -1
[PRECHECK_FAIL]: -1
[PRECHECK_FAIL]: -1
[PRECHECK_FAIL]: -1
[PRECHECK_FAIL]: -1
[PRECHECK_FAIL]: -1
[PRECHECK_FAIL]: -1
[PRECHECK_FAIL]: -1
[PRECHECK_FAIL]: -1
[PRECHECK_FAIL]: -1
[PRECHECK_FAIL]: -1
[PRECHECK_FAIL]: -1
[PRECHECK_FAIL]: -1
[PRECHECK_FAIL]: -1
[PRECHECK_FAIL]: -1
[PRECHECK_FAIL]: -1
[PRECHECK_FAIL]: -1
[PRECHECK_FAIL]: -1
[PRECHECK_FAIL]: -1
[PRECHECK_FAIL]: -1
[PRECHECK_FAIL]: -1
[PRECHECK_FAIL]: -1
[PRECHECK_FAIL]: -1
[PRECHECK_FAIL]: -1
[PRECHECK_FAIL]: -1
[PRECHECK_FAIL]: -1
[PRECHECK_FAIL]: -1
[PRECHECK_FAIL]: -1
[PRECHECK_FAIL]: -1
[PRECHECK_FAIL]: -1
[PRECHECK_FAIL]: -1
[PRECHECK_FAIL]: -1
[PRECHECK_FAIL]: -1
[PRECHECK_FAIL]: -1
[PRECHECK_FAIL]: -1
[PRECHECK_FAIL]: -1
[PRECHECK_FAIL]: -1
[PRECHECK_FAIL]: -1
[PRECHECK_FAIL]: -1
[PRECHECK_FAIL]: -1
[PRECHECK_FAIL]: -1
[PRECHECK_FAIL]: -1
[PRECHECK_FAIL]: -1
[PRECHECK_FAIL]: -1
[PRECHECK_FAIL]: -1
[PRECHECK_FAIL]: -1
[PRECHECK_FAIL]: -1
[PRECHECK_FAIL]: -1
[PRECHECK_FAIL]: -1
[PRECHECK_FAIL]: -1
[PRECHECK_FAIL]: -1
[PRECHECK_FAIL]: -1
[PRECHECK_FAIL]: -1
[PRECHECK_FAIL]: -1
[PRECHECK_FAIL]: -1
[PRECHECK_FAIL]: -1
[PRECHECK_FAIL]: -1
[PRECHECK_FAIL]: -1
[PRECHECK_FAIL]: -1
[PRECHECK_FAIL]: -1
[PRECHECK_FAIL]: -1
[PRECHECK_FAIL]: -1
[PRECHECK_FAIL]: -1
[PRECHECK_FAIL]: -1
[PRECHECK_FAIL]: -1
[PRECHECK_FAIL]: -1
[PRECHECK_FAIL]: -1
[PRECHECK_FAIL]: -1
[PRECHECK_FAIL]: -1
[PRECHECK_FAIL]: -1
[PRECHECK_FAIL]: -1
[PRECHECK_FAIL]: -1
[PRECHECK_FAIL]: -1
[PRECHECK_FAIL]: -1
[PRECHECK_FAIL]: -1
[PRECHECK_FAIL]: -1
[PRECHECK_FAIL]: -1
[PRECHECK_FAIL]: -1
[PRECHECK_FAIL]: -1
[PRECHECK_FAIL]: -1
[PRECHECK_FAIL]: -1
[PRECHECK_FAIL]: -1
[PRECHECK_FAIL]: -1
[PRECHECK_FAIL]: -1
[PRECHECK_FAIL]: -1
[PRECHECK_FAIL]: -1
[PRECHECK_FAIL]: -1
[PRECHECK_FAIL]: -1
[PRECHECK_FAIL]: -1
[PRECHECK_FAIL]: -1
[PRECHECK_FAIL]: -1
[PRECHECK_FAIL]: -1
[PRECHECK_FAIL]: -1
[PRECHECK_FAIL]: -1
[PRECHECK_FAIL]: -1
[PRECHECK_FAIL]: -1
[PRECHECK_FAIL]: -1
[PRECHECK_FAIL]: -1
[PRECHECK_FAIL]: -1
[PRECHECK_FAIL]: -1
[PRECHECK_FAIL]: -1
[PRECHECK_FAIL]: -1
[PRECHECK_FAIL]: -1
[PRECHECK_FAIL]: -1
[PRECHECK_FAIL]: -1
[PRECHECK_FAIL]: -1
[PRECHECK_FAIL]: -1
[PRECHECK_FAIL]: -1
[PRECHECK_FAIL]: -1
[PRECHECK_FAIL]: -1
[PRECHECK_FAIL]: -1
[PRECHECK_FAIL]: -1
[PRECHECK_FAIL]: -1
[PRECHECK_FAIL]: -1
[PRECHECK_FAIL]: -1
[PRECHECK_FAIL]: -1
[PRECHECK_FAIL]: -1
[PRECHECK_FAIL]: -1
[PRECHECK_FAIL]: -1
[PRECHECK_FAIL]: -1
[PRECHECK_FAIL]: -1
[PRECHECK_FAIL]: -1
[PRECHECK_FAIL]: -1
[PRECHECK_FAIL]: -1
[PRECHECK_FAIL]: -1
[PRECHECK_FAIL]: -1
[PRECHECK_FAIL]: -1
[PRECHECK_FAIL]: -1
[PRECHECK_FAIL]: -1
[PRECHECK_FAIL]: -1
[PRECHECK_FAIL]: -1
[PRECHECK_FAIL]: -1
[PRECHECK_FAIL]: -1
[PRECHECK_FAIL]: -1
[PRECHECK_FAIL]: -1
[PRECHECK_FAIL]: -1
[PRECHECK_FAIL]: -1
[PRECHECK_FAIL]: -1
[PRECHECK_FAIL]: -1
[PRECHECK_FAIL]: -1
[PRECHECK_FAIL]: -1
[PRECHECK_FAIL]: -1
[PRECHECK_FAIL]: -1
[PRECHECK_FAIL]: -1
[PRECHECK_FAIL]: -1
[PRECHECK_FAIL]: -1
[PRECHECK_FAIL]: -1
[PRECHECK_FAIL]: -1
[PRECHECK_FAIL]: -1
[PRECHECK_FAIL]: -1
[PRECHECK_FAIL]: -1
[PRECHECK_FAIL]: -1
[PRECHECK_FAIL]: -1
[PRECHECK_FAIL]: -1
[PRECHECK_FAIL]: -1
[PRECHECK_FAIL]: -1
[PRECHECK_FAIL]: -1
[PRECHECK_FAIL]: -1
[PRECHECK_FAIL]: -1
[PRECHECK_FAIL]: -1
[PRECHECK_FAIL]: -1
[PRECHECK_FAIL]: -1
[PRECHECK_FAIL]: -1
[PRECHECK_FAIL]: -1
[PRECHECK_FAIL]: -1
[PRECHECK_FAIL]: -1
[PRECHECK_FAIL]: -1
[PRECHECK_FAIL]: -1
[PRECHECK_FAIL]: -1
[PRECHECK_FAIL]: -1
[PRECHECK_FAIL]: -1
[PRECHECK_FAIL]: -1
[PRECHECK_FAIL]: -1
[PRECHECK_FAIL]: -1
[PRECHECK_FAIL]: -1
[PRECHECK_FAIL]: -1
[PRECHECK_FAIL]: -1
[PRECHECK_FAIL]: -1
[PRECHECK_FAIL]: -1
[PRECHECK_FAIL]: -1
[PRECHECK_FAIL]: -1
[PRECHECK_FAIL]: -1
[PRECHECK_FAIL]: -1
[PRECHECK_FAIL]: -1
[PRECHECK_FAIL]: -1
[PRECHECK_FAIL]: -1
[PRECHECK_FAIL]: -1
[PRECHECK_FAIL]: -1
[PRECHECK_FAIL]: -1
[PRECHECK_FAIL]: -1
[PRECHECK_FAIL]: -1
[PRECHECK_FAIL]: -1
[PRECHECK_FAIL]: -1
[PRECHECK_FAIL]: -1
[PRECHECK_FAIL]: -1
[PRECHECK_FAIL]: -1
[PRECHECK_FAIL]: -1
[PRECHECK_FAIL]: -1
[PRECHECK_FAIL]: -1
[PRECHECK_FAIL]: -1
[PRECHECK_FAIL]: -1
[PRECHECK_FAIL]: -1
[PRECHECK_FAIL]: -1
[PRECHECK_FAIL]: -1
[PRECHECK_FAIL]: -1
[PRECHECK_FAIL]: -1
[PRECHECK_FAIL]: -1
[PRECHECK_FAIL]: -1
[PRECHECK_FAIL]: -1
[PRECHECK_FAIL]: -1
[PRECHECK_FAIL]: -1
[PRECHECK_FAIL]: -1
[PRECHECK_FAIL]: -1
[PRECHECK_FAIL]: -1
[PRECHECK_FAIL]: -1
[PRECHECK_FAIL]: -1
[PRECHECK_FAIL]: -1
[PRECHECK_FAIL]: -1
[PRECHECK_FAIL]: -1
[PRECHECK_FAIL]: -1
[PRECHECK_FAIL]: -1
[PRECHECK_FAIL]: -1
[PRECHECK_FAIL]: -1
[PRECHECK_FAIL]: -1
[PRECHECK_FAIL]: -1
[PRECHECK_FAIL]: -1
[PRECHECK_FAIL]: -1
[PRECHECK_FAIL]: -1
[PRECHECK_FAIL]: -1
[PRECHECK_FAIL]: -1
[PRECHECK_FAIL]: -1
[PRECHECK_FAIL]: -1
[PRECHECK_FAIL]: -1
[PRECHECK_FAIL]: -1
[PRECHECK_FAIL]: -1
[PRECHECK_FAIL]: -1
[PRECHECK_FAIL]: -1
[PRECHECK_FAIL]: -1
[PRECHECK_FAIL]: -1
[PRECHECK_FAIL]: -1
[PRECHECK_FAIL]: -1
[PRECHECK_FAIL]: -1
[PRECHECK_FAIL]: -1
[PRECHECK_FAIL]: -1
[PRECHECK_FAIL]: -1
[PRECHECK_FAIL]: -1
[PRECHECK_FAIL]: -1
[PRECHECK_FAIL]: -1
[PRECHECK_FAIL]: -1
[PRECHECK_FAIL]: -1
[PRECHECK_FAIL]: -1
[PRECHECK_FAIL]: -1
[PRECHECK_FAIL]: -1
[PRECHECK_FAIL]: -1
[PRECHECK_FAIL]: -1
[PRECHECK_FAIL]: -1
[PRECHECK_FAIL]: -1
[PRECHECK_FAIL]: -1
[PRECHECK_FAIL]: -1
[PRECHECK_FAIL]: -1
[PRECHECK_FAIL]: -1
[PRECHECK_FAIL]: -1
[PRECHECK_FAIL]: -1
[PRECHECK_FAIL]: -1
[PRECHECK_FAIL]: -1
[PRECHECK_FAIL]: -1
[PRECHECK_FAIL]: -1
[PRECHECK_FAIL]: -1
[PRECHECK_FAIL]: -1
[PRECHECK_FAIL]: -1
[PRECHECK_FAIL]: -1
[PRECHECK_FAIL]: -1
[PRECHECK_FAIL]: -1
[PRECHECK_FAIL]: -1
[PRECHECK_FAIL]: -1
[PRECHECK_FAIL]: -1
[PRECHECK_FAIL]: -1
[PRECHECK_FAIL]: -1
[PRECHECK_FAIL]: -1
[PRECHECK_FAIL]: -1
[PRECHECK_FAIL]: -1
[PRECHECK_FAIL]: -1
[PRECHECK_FAIL]: -1
[PRECHECK_FAIL]: -1
[PRECHECK_FAIL]: -1
[PRECHECK_FAIL]: -1
[PRECHECK_FAIL]: -1
[PRECHECK_FAIL]: -1
[PRECHECK_FAIL]: -1
[PRECHECK_FAIL]: -1
[PRECHECK_FAIL]: -1
[PRECHECK_FAIL]: -1
[PRECHECK_FAIL]: -1
[PRECHECK_FAIL]: -1
[PRECHECK_FAIL]: -1
[PRECHECK_FAIL]: -1
[PRECHECK_FAIL]: -1
[PRECHECK_FAIL]: -1
[PRECHECK_FAIL]: -1
[PRECHECK_FAIL]: -1
[PRECHECK_FAIL]: -1
[PRECHECK_FAIL]: -1
[PRECHECK_FAIL]: -1
[PRECHECK_FAIL]: -1
[PRECHECK_FAIL]: -1
[PRECHECK_FAIL]: -1
[PRECHECK_FAIL]: -1
[PRECHECK_FAIL]: -1
[PRECHECK_FAIL]: -1
[PRECHECK_FAIL]: -1
[PRECHECK_FAIL]: -1
[PRECHECK_FAIL]: -1
[PRECHECK_FAIL]: -1
[PRECHECK_FAIL]: -1
[PRECHECK_FAIL]: -1
[PRECHECK_FAIL]: -1
[PRECHECK_FAIL]: -1
[PRECHECK_FAIL]: -1
[PRECHECK_FAIL]: -1
[PRECHECK_FAIL]: -1
[PRECHECK_FAIL]: -1
[PRECHECK_FAIL]: -1
[PRECHECK_FAIL]: -1
[PRECHECK_FAIL]: -1
[PRECHECK_FAIL]: -1
[PRECHECK_FAIL]: -1
[PRECHECK_FAIL]: -1
[PRECHECK_FAIL]: -1
[PRECHECK_FAIL]: -1
[PRECHECK_FAIL]: -1
[PRECHECK_FAIL]: -1
[PRECHECK_FAIL]: -1
[PRECHECK_FAIL]: -1
[PRECHECK_FAIL]: -1
[PRECHECK_FAIL]: -1
[PRECHECK_FAIL]: -1
[PRECHECK_FAIL]: -1
[PRECHECK_FAIL]: -1
[PRECHECK_FAIL]: -1
[PRECHECK_FAIL]: -1
[PRECHECK_FAIL]: -1
[PRECHECK_FAIL]: -1
[PRECHECK_FAIL]: -1
[PRECHECK_FAIL]: -1
[PRECHECK_FAIL]: -1
[PRECHECK_FAIL]: -1
[PRECHECK_FAIL]: -1
[PRECHECK_FAIL]: -1
[PRECHECK_FAIL]: -1
[PRECHECK_FAIL]: -1
[PRECHECK_FAIL]: -1
[PRECHECK_FAIL]: -1
[PRECHECK_FAIL]: -1
[PRECHECK_FAIL]: -1
[PRECHECK_FAIL]: -1
[PRECHECK_FAIL]: -1
[PRECHECK_FAIL]: -1
[PRECHECK_FAIL]: -1
[PRECHECK_FAIL]: -1
[PRECHECK_FAIL]: -1
[PRECHECK_FAIL]: -1
[PRECHECK_FAIL]: -1
[PRECHECK_FAIL]: -1
[PRECHECK_FAIL]: -1
[PRECHECK_FAIL]: -1
[PRECHECK_FAIL]: -1
[PRECHECK_FAIL]: -1
[PRECHECK_FAIL]: -1
[PRECHECK_FAIL]: -1
[PRECHECK_FAIL]: -1
[PRECHECK_FAIL]: -1
[PRECHECK_FAIL]: -1
[PRECHECK_FAIL]: -1
[PRECHECK_FAIL]: -1
[PRECHECK_FAIL]: -1
[PRECHECK_FAIL]: -1
[PRECHECK_FAIL]: -1
[PRECHECK_FAIL]: -1
[PRECHECK_FAIL]: -1
[PRECHECK_FAIL]: -1
[PRECHECK_FAIL]: -1
[PRECHECK_FAIL]: -1
[PRECHECK_FAIL]: -1
[PRECHECK_FAIL]: -1
[PRECHECK_FAIL]: -1
[PRECHECK_FAIL]: -1
[PRECHECK_FAIL]: -1
[PRECHECK_FAIL]: -1
[PRECHECK_FAIL]: -1
[PRECHECK_FAIL]: -1
[PRECHECK_FAIL]: -1
[PRECHECK_FAIL]: -1
[PRECHECK_FAIL]: -1
[PRECHECK_FAIL]: -1
[PRECHECK_FAIL]: -1
[PRECHECK_FAIL]: -1
[PRECHECK_FAIL]: -1
[PRECHECK_FAIL]: -1
[PRECHECK_FAIL]: -1
[PRECHECK_FAIL]: -1
[PRECHECK_FAIL]: -1
[PRECHECK_FAIL]: -1
[PRECHECK_FAIL]: -1
[PRECHECK_FAIL]: -1
[PRECHECK_FAIL]: -1
[PRECHECK_FAIL]: -1
[PRECHECK_FAIL]: -1
[PRECHECK_FAIL]: -1
[PRECHECK_FAIL]: -1
[PRECHECK_FAIL]: -1
[PRECHECK_FAIL]: -1
[PRECHECK_FAIL]: -1
[PRECHECK_FAIL]: -1
[PRECHECK_FAIL]: -1
[PRECHECK_FAIL]: -1
[PRECHECK_FAIL]: -1
[PRECHECK_FAIL]: -1
[PRECHECK_FAIL]: -1
[PRECHECK_FAIL]: -1
[PRECHECK_FAIL]: -1
[PRECHECK_FAIL]: -1
[PRECHECK_FAIL]: -1
[PRECHECK_FAIL]: -1
[PRECHECK_FAIL]: -1
[PRECHECK_FAIL]: -1
[PRECHECK_FAIL]: -1
[PRECHECK_FAIL]: -1
[PRECHECK_FAIL]: -1
[PRECHECK_FAIL]: -1
[PRECHECK_FAIL]: -1
[PRECHECK_FAIL]: -1
[PRECHECK_FAIL]: -1
[PRECHECK_FAIL]: -1
[PRECHECK_FAIL]: -1
[PRECHECK_FAIL]: -1
[PRECHECK_FAIL]: -1
[PRECHECK_FAIL]: -1
[PRECHECK_FAIL]: -1
[PRECHECK_FAIL]: -1
[PRECHECK_FAIL]: -1
[PRECHECK_FAIL]: -1
[PRECHECK_FAIL]: -1
[PRECHECK_FAIL]: -1
[PRECHECK_FAIL]: -1
[PRECHECK_FAIL]: -1
[PRECHECK_FAIL]: -1
[PRECHECK_FAIL]: -1
[PRECHECK_FAIL]: -1
[PRECHECK_FAIL]: -1
[PRECHECK_FAIL]: -1
[PRECHECK_FAIL]: -1
[PRECHECK_FAIL]: -1
[PRECHECK_FAIL]: -1
[PRECHECK_FAIL]: -1
[PRECHECK_FAIL]: -1
[PRECHECK_FAIL]: -1
[PRECHECK_FAIL]: -1
[PRECHECK_FAIL]: -1
[PRECHECK_FAIL]: -1
[PRECHECK_FAIL]: -1
[PRECHECK_FAIL]: -1
[PRECHECK_FAIL]: -1
[PRECHECK_FAIL]: -1
[PRECHECK_FAIL]: -1
[PRECHECK_FAIL]: -1
[PRECHECK_FAIL]: -1
[PRECHECK_FAIL]: -1
[PRECHECK_FAIL]: -1
[PRECHECK_FAIL]: -1
[PRECHECK_FAIL]: -1
[PRECHECK_FAIL]: -1
[PRECHECK_FAIL]: -1
[PRECHECK_FAIL]: -1
[PRECHECK_FAIL]: -1
[PRECHECK_FAIL]: -1
[PRECHECK_FAIL]: -1
[PRECHECK_FAIL]: -1
[PRECHECK_FAIL]: -1
[PRECHECK_FAIL]: -1
[PRECHECK_FAIL]: -1
[PRECHECK_FAIL]: -1
[PRECHECK_FAIL]: -1
[PRECHECK_FAIL]: -1
[PRECHECK_FAIL]: -1
[PRECHECK_FAIL]: -1
[PRECHECK_FAIL]: -1
[PRECHECK_FAIL]: -1
[PRECHECK_FAIL]: -1
[PRECHECK_FAIL]: -1
[PRECHECK_FAIL]: -1
[PRECHECK_FAIL]: -1
[PRECHECK_FAIL]: -1
[PRECHECK_FAIL]: -1
[PRECHECK_FAIL]: -1
[PRECHECK_FAIL]: -1
[PRECHECK_FAIL]: -1
[PRECHECK_FAIL]: -1
[PRECHECK_FAIL]: -1
[PRECHECK_FAIL]: -1
[PRECHECK_FAIL]: -1
[PRECHECK_FAIL]: -1
[PRECHECK_FAIL]: -1
[PRECHECK_FAIL]: -1
[PRECHECK_FAIL]: -1
[PRECHECK_FAIL]: -1
[PRECHECK_FAIL]: -1
[PRECHECK_FAIL]: -1
[PRECHECK_FAIL]: -1
[PRECHECK_FAIL]: -1
[PRECHECK_FAIL]: -1
[PRECHECK_FAIL]: -1
[PRECHECK_FAIL]: -1
[PRECHECK_FAIL]: -1
[PRECHECK_FAIL]: -1
[PRECHECK_FAIL]: -1
[PRECHECK_FAIL]: -1
[PRECHECK_FAIL]: -1
[PRECHECK_FAIL]: -1
[PRECHECK_FAIL]: -1
[PRECHECK_FAIL]: -1
[PRECHECK_FAIL]: -1
[PRECHECK_FAIL]: -1
[PRECHECK_FAIL]: -1
[PRECHECK_FAIL]: -1
[PRECHECK_FAIL]: -1
[PRECHECK_FAIL]: -1
[PRECHECK_FAIL]: -1
[PRECHECK_FAIL]: -1
[PRECHECK_FAIL]: -1
[PRECHECK_FAIL]: -1
[PRECHECK_FAIL]: -1
[PRECHECK_FAIL]: -1
[PRECHECK_FAIL]: -1
[PRECHECK_FAIL]: -1
[PRECHECK_FAIL]: -1
[PRECHECK_FAIL]: -1
[PRECHECK_FAIL]: -1
[PRECHECK_FAIL]: -1
[PRECHECK_FAIL]: -1
[PRECHECK_FAIL]: -1
[PRECHECK_FAIL]: -1
[PRECHECK_FAIL]: -1
[PRECHECK_FAIL]: -1
[PRECHECK_FAIL]: -1
[PRECHECK_FAIL]: -1
[PRECHECK_FAIL]: -1
[PRECHECK_FAIL]: -1
[PRECHECK_FAIL]: -1
[PRECHECK_FAIL]: -1
[PRECHECK_FAIL]: -1
[PRECHECK_FAIL]: -1
[PRECHECK_FAIL]: -1
[PRECHECK_FAIL]: -1
[PRECHECK_FAIL]: -1
[PRECHECK_FAIL]: -1
[PRECHECK_FAIL]: -1
[PRECHECK_FAIL]: -1
[PRECHECK_FAIL]: -1
[PRECHECK_FAIL]: -1
[PRECHECK_FAIL]: -1
[PRECHECK_FAIL]: -1
[PRECHECK_FAIL]: -1
[PRECHECK_FAIL]: -1
[PRECHECK_FAIL]: -1
[PRECHECK_FAIL]: -1
[PRECHECK_FAIL]: -1
[PRECHECK_FAIL]: -1
[PRECHECK_FAIL]: -1
[PRECHECK_FAIL]: -1
[PRECHECK_FAIL]: -1
[PRECHECK_FAIL]: -1
[PRECHECK_FAIL]: -1
[PRECHECK_FAIL]: -1
[PRECHECK_FAIL]: -1
[PRECHECK_FAIL]: -1
[PRECHECK_FAIL]: -1
[PRECHECK_FAIL]: -1
[PRECHECK_FAIL]: -1
[PRECHECK_FAIL]: -1
[PRECHECK_FAIL]: -1
[PRECHECK_FAIL]: -1
[PRECHECK_FAIL]: -1
[PRECHECK_FAIL]: -1
[PRECHECK_FAIL]: -1
[PRECHECK_FAIL]: -1
[PRECHECK_FAIL]: -1
[PRECHECK_FAIL]: -1
[PRECHECK_FAIL]: -1
[PRECHECK_FAIL]: -1
[PRECHECK_FAIL]: -1
[PRECHECK_FAIL]: -1
[PRECHECK_FAIL]: -1
[PRECHECK_FAIL]: -1
[PRECHECK_FAIL]: -1
[PRECHECK_FAIL]: -1
[PRECHECK_FAIL]: -1
[PRECHECK_FAIL]: -1
[PRECHECK_FAIL]: -1
[PRECHECK_FAIL]: -1
[PRECHECK_FAIL]: -1
[PRECHECK_FAIL]: -1
[PRECHECK_FAIL]: -1
[PRECHECK_FAIL]: -1
[PRECHECK_FAIL]: -1
[PRECHECK_FAIL]: -1
[PRECHECK_FAIL]: -1
[PRECHECK_FAIL]: -1
[PRECHECK_FAIL]: -1
[PRECHECK_FAIL]: -1
[PRECHECK_FAIL]: -1
[PRECHECK_FAIL]: -1
[PRECHECK_FAIL]: -1
[PRECHECK_FAIL]: -1
[PRECHECK_FAIL]: -1
[PRECHECK_FAIL]: -1
[PRECHECK_FAIL]: -1
[PRECHECK_FAIL]: -1
[PRECHECK_FAIL]: -1
[PRECHECK_FAIL]: -1
[PRECHECK_FAIL]: -1
[PRECHECK_FAIL]: -1
[PRECHECK_FAIL]: -1
[PRECHECK_FAIL]: -1
[PRECHECK_FAIL]: -1
[PRECHECK_FAIL]: -1
[PRECHECK_FAIL]: -1
[PRECHECK_FAIL]: -1
[PRECHECK_FAIL]: -1
[PRECHECK_FAIL]: -1
[PRECHECK_FAIL]: -1
[PRECHECK_FAIL]: -1
[PRECHECK_FAIL]: -1
[PRECHECK_FAIL]: -1
[PRECHECK_FAIL]: -1
[PRECHECK_FAIL]: -1
[PRECHECK_FAIL]: -1
[PRECHECK_FAIL]: -1
[PRECHECK_FAIL]: -1
[PRECHECK_FAIL]: -1
[PRECHECK_FAIL]: -1
[PRECHECK_FAIL]: -1
[PRECHECK_FAIL]: -1
[PRECHECK_FAIL]: -1
[PRECHECK_FAIL]: -1
[PRECHECK_FAIL]: -1
[PRECHECK_FAIL]: -1
[PRECHECK_FAIL]: -1
[PRECHECK_FAIL]: -1
[PRECHECK_FAIL]: -1
[PRECHECK_FAIL]: -1
[PRECHECK_FAIL]: -1
[PRECHECK_FAIL]: -1
[PRECHECK_FAIL]: -1
[PRECHECK_FAIL]: -1
[PRECHECK_FAIL]: -1
[PRECHECK_FAIL]: -1
[PRECHECK_FAIL]: -1
[PRECHECK_FAIL]: -1
[PRECHECK_FAIL]: -1
[PRECHECK_FAIL]: -1
[PRECHECK_FAIL]: -1
[PRECHECK_FAIL]: -1
[PRECHECK_FAIL]: -1
[PRECHECK_FAIL]: -1
[PRECHECK_FAIL]: -1
[PRECHECK_FAIL]: -1
[PRECHECK_FAIL]: -1
[PRECHECK_FAIL]: -1
[PRECHECK_FAIL]: -1
[PRECHECK_FAIL]: -1
[PRECHECK_FAIL]: -1
[PRECHECK_FAIL]: -1
[PRECHECK_FAIL]: -1
[PRECHECK_FAIL]: -1
[PRECHECK_FAIL]: -1
[PRECHECK_FAIL]: -1
[PRECHECK_FAIL]: -1
[PRECHECK_FAIL]: -1
[PRECHECK_FAIL]: -1
[PRECHECK_FAIL]: -1
[PRECHECK_FAIL]: -1
[PRECHECK_FAIL]: -1
[PRECHECK_FAIL]: -1
[PRECHECK_FAIL]: -1
[PRECHECK_FAIL]: -1
[PRECHECK_FAIL]: -1
[PRECHECK_FAIL]: -1
[PRECHECK_FAIL]: -1
[PRECHECK_FAIL]: -1
[PRECHECK_FAIL]: -1
[PRECHECK_FAIL]: -1
[PRECHECK_FAIL]: -1
[PRECHECK_FAIL]: -1
[PRECHECK_FAIL]: -1
[PRECHECK_FAIL]: -1
[PRECHECK_FAIL]: -1
[PRECHECK_FAIL]: -1
[PRECHECK_FAIL]: -1
[PRECHECK_FAIL]: -1
[PRECHECK_FAIL]: -1
[PRECHECK_FAIL]: -1
[PRECHECK_FAIL]: -1
[PRECHECK_FAIL]: -1
[PRECHECK_FAIL]: -1
[PRECHECK_FAIL]: -1
[PRECHECK_FAIL]: -1
[PRECHECK_FAIL]: -1
[PRECHECK_FAIL]: -1
[PRECHECK_FAIL]: -1
[PRECHECK_FAIL]: -1
[PRECHECK_FAIL]: -1
[PRECHECK_FAIL]: -1
[PRECHECK_FAIL]: -1
[PRECHECK_FAIL]: -1
[PRECHECK_FAIL]: -1
[PRECHECK_FAIL]: -1
[PRECHECK_FAIL]: -1
[PRECHECK_FAIL]: -1
[PRECHECK_FAIL]: -1
[PRECHECK_FAIL]: -1
[PRECHECK_FAIL]: -1
[PRECHECK_FAIL]: -1
[PRECHECK_FAIL]: -1
[PRECHECK_FAIL]: -1
[PRECHECK_FAIL]: -1
[PRECHECK_FAIL]: -1
[PRECHECK_FAIL]: -1
[PRECHECK_FAIL]: -1
[PRECHECK_FAIL]: -1
[PRECHECK_FAIL]: -1
[PRECHECK_FAIL]: -1
[PRECHECK_FAIL]: -1
[PRECHECK_FAIL]: -1
[PRECHECK_FAIL]: -1
[PRECHECK_FAIL]: -1
[PRECHECK_FAIL]: -1
[PRECHECK_FAIL]: -1
[PRECHECK_FAIL]: -1
[PRECHECK_FAIL]: -1
[PRECHECK_FAIL]: -1
[PRECHECK_FAIL]: -1
[PRECHECK_FAIL]: -1
[PRECHECK_FAIL]: -1
[PRECHECK_FAIL]: -1
[PRECHECK_FAIL]: -1
[PRECHECK_FAIL]: -1
[PRECHECK_FAIL]: -1
[PRECHECK_FAIL]: -1
[PRECHECK_FAIL]: -1
[PRECHECK_FAIL]: -1
[PRECHECK_FAIL]: -1
[PRECHECK_FAIL]: -1
[PRECHECK_FAIL]: -1
[PRECHECK_FAIL]: -1
[PRECHECK_FAIL]: -1
[PRECHECK_FAIL]: -1
[PRECHECK_FAIL]: -1
[PRECHECK_FAIL]: -1
[PRECHECK_FAIL]: -1
[PRECHECK_FAIL]: -1
[PRECHECK_FAIL]: -1
[PRECHECK_FAIL]: -1
[PRECHECK_FAIL]: -1
[PRECHECK_FAIL]: -1
[PRECHECK_FAIL]: -1
[PRECHECK_FAIL]: -1
[PRECHECK_FAIL]: -1
[PRECHECK_FAIL]: -1
[PRECHECK_FAIL]: -1
[PRECHECK_FAIL]: -1
[PRECHECK_FAIL]: -1
[PRECHECK_FAIL]: -1
[PRECHECK_FAIL]: -1
[PRECHECK_FAIL]: -1
[PRECHECK_FAIL]: -1
[PRECHECK_FAIL]: -1
[PRECHECK_FAIL]: -1
[PRECHECK_FAIL]: -1
[PRECHECK_FAIL]: -1
[PRECHECK_FAIL]: -1
[PRECHECK_FAIL]: -1
[PRECHECK_FAIL]: -1
[PRECHECK_FAIL]: -1
[PRECHECK_FAIL]: -1
[PRECHECK_FAIL]: -1
[PRECHECK_FAIL]: -1
[PRECHECK_FAIL]: -1
[PRECHECK_FAIL]: -1
[PRECHECK_FAIL]: -1
[PRECHECK_FAIL]: -1
[PRECHECK_FAIL]: -1
[PRECHECK_FAIL]: -1
[PRECHECK_FAIL]: -1
[PRECHECK_FAIL]: -1
[PRECHECK_FAIL]: -1
[PRECHECK_FAIL]: -1
[PRECHECK_FAIL]: -1
[PRECHECK_FAIL]: -1
[PRECHECK_FAIL]: -1
[PRECHECK_FAIL]: -1
[PRECHECK_FAIL]: -1
[PRECHECK_FAIL]: -1
[PRECHECK_FAIL]: -1
[PRECHECK_FAIL]: -1
[PRECHECK_FAIL]: -1
[PRECHECK_FAIL]: -1
[PRECHECK_FAIL]: -1
[PRECHECK_FAIL]: -1
[PRECHECK_FAIL]: -1
[PRECHECK_FAIL]: -1
[PRECHECK_FAIL]: -1
[PRECHECK_FAIL]: -1
[PRECHECK_FAIL]: -1
[PRECHECK_FAIL]: -1
[PRECHECK_FAIL]: -1
[PRECHECK_FAIL]: -1
[PRECHECK_FAIL]: -1
[PRECHECK_FAIL]: -1
[PRECHECK_FAIL]: -1
[PRECHECK_FAIL]: -1
[PRECHECK_FAIL]: -1
[PRECHECK_FAIL]: -1
[PRECHECK_FAIL]: -1
[PRECHECK_FAIL]: -1
[PRECHECK_FAIL]: -1
[PRECHECK_FAIL]: -1
[PRECHECK_FAIL]: -1
[PRECHECK_FAIL]: -1
[PRECHECK_FAIL]: -1
[PRECHECK_FAIL]: -1
[PRECHECK_FAIL]: -1
[PRECHECK_FAIL]: -1
[PRECHECK_FAIL]: -1
[PRECHECK_FAIL]: -1
[PRECHECK_FAIL]: -1
[PRECHECK_FAIL]: -1
[PRECHECK_FAIL]: -1
[PRECHECK_FAIL]: -1
[PRECHECK_FAIL]: -1
[PRECHECK_FAIL]: -1
[PRECHECK_FAIL]: -1
[PRECHECK_FAIL]: -1
[PRECHECK_FAIL]: -1
[PRECHECK_FAIL]: -1
[PRECHECK_FAIL]: -1
[PRECHECK_FAIL]: -1
[PRECHECK_FAIL]: -1
[PRECHECK_FAIL]: -1
[PRECHECK_FAIL]: -1
[PRECHECK_FAIL]: -1
[PRECHECK_FAIL]: -1
[PRECHECK_FAIL]: -1
[PRECHECK_FAIL]: -1
[PRECHECK_FAIL]: -1
[PRECHECK_FAIL]: -1
[PRECHECK_FAIL]: -1
[PRECHECK_FAIL]: -1
[PRECHECK_FAIL]: -1
[PRECHECK_FAIL]: -1
[PRECHECK_FAIL]: -1
[PRECHECK_FAIL]: -1
[PRECHECK_FAIL]: -1
[PRECHECK_FAIL]: -1
[PRECHECK_FAIL]: -1
[PRECHECK_FAIL]: -1
[PRECHECK_FAIL]: -1
[PRECHECK_FAIL]: -1
[PRECHECK_FAIL]: -1
[PRECHECK_FAIL]: -1
[PRECHECK_FAIL]: -1
[PRECHECK_FAIL]: -1
[PRECHECK_FAIL]: -1
[PRECHECK_FAIL]: -1
[PRECHECK_FAIL]: -1
[PRECHECK_FAIL]: -1
[PRECHECK_FAIL]: -1
[PRECHECK_FAIL]: -1
[PRECHECK_FAIL]: -1
[PRECHECK_FAIL]: -1
[PRECHECK_FAIL]: -1
[PRECHECK_FAIL]: -1
[PRECHECK_FAIL]: -1
[PRECHECK_FAIL]: -1
[PRECHECK_FAIL]: -1
[PRECHECK_FAIL]: -1
[PRECHECK_FAIL]: -1
[PRECHECK_FAIL]: -1
[PRECHECK_FAIL]: -1
[PRECHECK_FAIL]: -1
[PRECHECK_FAIL]: -1
[PRECHECK_FAIL]: -1
[PRECHECK_FAIL]: -1
[PRECHECK_FAIL]: -1
[PRECHECK_FAIL]: -1
[PRECHECK_FAIL]: -1
[PRECHECK_FAIL]: -1
[PRECHECK_FAIL]: -1
[PRECHECK_FAIL]: -1
[PRECHECK_FAIL]: -1
[PRECHECK_FAIL]: -1
[PRECHECK_FAIL]: -1
[PRECHECK_FAIL]: -1
[PRECHECK_FAIL]: -1
[PRECHECK_FAIL]: -1
[PRECHECK_FAIL]: -1
[PRECHECK_FAIL]: -1
[PRECHECK_FAIL]: -1
[PRECHECK_FAIL]: -1
[PRECHECK_FAIL]: -1
[PRECHECK_FAIL]: -1
[PRECHECK_FAIL]: -1
[PRECHECK_FAIL]: -1
[PRECHECK_FAIL]: -1
[PRECHECK_FAIL]: -1
[PRECHECK_FAIL]: -1
[PRECHECK_FAIL]: -1
[PRECHECK_FAIL]: -1
[PRECHECK_FAIL]: -1
[PRECHECK_FAIL]: -1
[PRECHECK_FAIL]: -1
[PRECHECK_FAIL]: -1
[PRECHECK_FAIL]: -1
[PRECHECK_FAIL]: -1
[PRECHECK_FAIL]: -1
[PRECHECK_FAIL]: -1
[PRECHECK_FAIL]: -1
[PRECHECK_FAIL]: -1
[PRECHECK_FAIL]: -1
[PRECHECK_FAIL]: -1
[PRECHECK_FAIL]: -1
[PRECHECK_FAIL]: -1
[PRECHECK_FAIL]: -1
[PRECHECK_FAIL]: -1
[PRECHECK_FAIL]: -1
[PRECHECK_FAIL]: -1
[PRECHECK_FAIL]: -1
[PRECHECK_FAIL]: -1
[PRECHECK_FAIL]: -1
[PRECHECK_FAIL]: -1
[PRECHECK_FAIL]: -1
[PRECHECK_FAIL]: -1
[PRECHECK_FAIL]: -1
[PRECHECK_FAIL]: -1
[PRECHECK_FAIL]: -1
[PRECHECK_FAIL]: -1
[PRECHECK_FAIL]: -1
[PRECHECK_FAIL]: -1
[PRECHECK_FAIL]: -1
[PRECHECK_FAIL]: -1
[PRECHECK_FAIL]: -1
[PRECHECK_FAIL]: -1
[PRECHECK_FAIL]: -1
[PRECHECK_FAIL]: -1
[PRECHECK_FAIL]: -1
[PRECHECK_FAIL]: -1
[PRECHECK_FAIL]: -1
[PRECHECK_FAIL]: -1
[PRECHECK_FAIL]: -1
[PRECHECK_FAIL]: -1
[PRECHECK_FAIL]: -1
[PRECHECK_FAIL]: -1
[PRECHECK_FAIL]: -1
[PRECHECK_FAIL]: -1
[PRECHECK_FAIL]: -1
[PRECHECK_FAIL]: -1
[PRECHECK_FAIL]: -1
[PRECHECK_FAIL]: -1
[PRECHECK_FAIL]: -1
[PRECHECK_FAIL]: -1
[PRECHECK_FAIL]: -1
[PRECHECK_FAIL]: -1
[PRECHECK_FAIL]: -1
[PRECHECK_FAIL]: -1
[PRECHECK_FAIL]: -1
[PRECHECK_FAIL]: -1
[PRECHECK_FAIL]: -1
[PRECHECK_FAIL]: -1
[PRECHECK_FAIL]: -1
[PRECHECK_FAIL]: -1
[PRECHECK_FAIL]: -1
[PRECHECK_FAIL]: -1
[PRECHECK_FAIL]: -1
[PRECHECK_FAIL]: -1
[PRECHECK_FAIL]: -1
[PRECHECK_FAIL]: -1
[PRECHECK_FAIL]: -1
[PRECHECK_FAIL]: -1
[PRECHECK_FAIL]: -1
[PRECHECK_FAIL]: -1
[PRECHECK_FAIL]: -1
[PRECHECK_FAIL]: -1
[PRECHECK_FAIL]: -1
[PRECHECK_FAIL]: -1
[PRECHECK_FAIL]: -1
[PRECHECK_FAIL]: -1
[PRECHECK_FAIL]: -1
[PRECHECK_FAIL]: -1
[PRECHECK_FAIL]: -1
[PRECHECK_FAIL]: -1
[PRECHECK_FAIL]: -1
[PRECHECK_FAIL]: -1
[PRECHECK_FAIL]: -1
[PRECHECK_FAIL]: -1
[PRECHECK_FAIL]: -1
[PRECHECK_FAIL]: -1
[PRECHECK_FAIL]: -1
[PRECHECK_FAIL]: -1
[PRECHECK_FAIL]: -1
[PRECHECK_FAIL]: -1
[PRECHECK_FAIL]: -1
[PRECHECK_FAIL]: -1
[PRECHECK_FAIL]: -1
[PRECHECK_FAIL]: -1
[PRECHECK_FAIL]: -1
[PRECHECK_FAIL]: -1
[PRECHECK_FAIL]: -1
[PRECHECK_FAIL]: -1
[PRECHECK_FAIL]: -1
[PRECHECK_FAIL]: -1
[PRECHECK_FAIL]: -1
[PRECHECK_FAIL]: -1
[PRECHECK_FAIL]: -1
[PRECHECK_FAIL]: -1
[PRECHECK_FAIL]: -1
[PRECHECK_FAIL]: -1
[PRECHECK_FAIL]: -1
[PRECHECK_FAIL]: -1
[PRECHECK_FAIL]: -1
[PRECHECK_FAIL]: -1
[PRECHECK_FAIL]: -1
[PRECHECK_FAIL]: -1
[PRECHECK_FAIL]: -1
[PRECHECK_FAIL]: -1
[PRECHECK_FAIL]: -1
[PRECHECK_FAIL]: -1
[PRECHECK_FAIL]: -1
[PRECHECK_FAIL]: -1
[PRECHECK_FAIL]: -1
[PRECHECK_FAIL]: -1
[PRECHECK_FAIL]: -1
[PRECHECK_FAIL]: -1
[PRECHECK_FAIL]: -1
[PRECHECK_FAIL]: -1
[PRECHECK_FAIL]: -1
[PRECHECK_FAIL]: -1
[PRECHECK_FAIL]: -1
[PRECHECK_FAIL]: -1
[PRECHECK_FAIL]: -1
[PRECHECK_FAIL]: -1
[PRECHECK_FAIL]: -1
[PRECHECK_FAIL]: -1
[PRECHECK_FAIL]: -1
[PRECHECK_FAIL]: -1
[PRECHECK_FAIL]: -1
[PRECHECK_FAIL]: -1
[PRECHECK_FAIL]: -1
[PRECHECK_FAIL]: -1
[PRECHECK_FAIL]: -1
[PRECHECK_FAIL]: -1
[PRECHECK_FAIL]: -1
[PRECHECK_FAIL]: -1
[PRECHECK_FAIL]: -1
[PRECHECK_FAIL]: -1
[PRECHECK_FAIL]: -1
[PRECHECK_FAIL]: -1
[PRECHECK_FAIL]: -1
[PRECHECK_FAIL]: -1
[PRECHECK_FAIL]: -1
[PRECHECK_FAIL]: -1
[PRECHECK_FAIL]: -1
[PRECHECK_FAIL]: -1
[PRECHECK_FAIL]: -1
[PRECHECK_FAIL]: -1
[PRECHECK_FAIL]: -1
[PRECHECK_FAIL]: -1
[PRECHECK_FAIL]: -1
[PRECHECK_FAIL]: -1
[PRECHECK_FAIL]: -1
[PRECHECK_FAIL]: -1
[PRECHECK_FAIL]: -1
[PRECHECK_FAIL]: -1
[PRECHECK_FAIL]: -1
[PRECHECK_FAIL]: -1
[PRECHECK_FAIL]: -1
[PRECHECK_FAIL]: -1
[PRECHECK_FAIL]: -1
[PRECHECK_FAIL]: -1
[PRECHECK_FAIL]: -1
[PRECHECK_FAIL]: -1
[PRECHECK_FAIL]: -1
[PRECHECK_FAIL]: -1
[PRECHECK_FAIL]: -1
[PRECHECK_FAIL]: -1
[PRECHECK_FAIL]: -1
[PRECHECK_FAIL]: -1
[PRECHECK_FAIL]: -1
[PRECHECK_FAIL]: -1
[PRECHECK_FAIL]: -1
[PRECHECK_FAIL]: -1
[PRECHECK_FAIL]: -1
[PRECHECK_FAIL]: -1
[PRECHECK_FAIL]: -1
[PRECHECK_FAIL]: -1
[PRECHECK_FAIL]: -1
[PRECHECK_FAIL]: -1
[PRECHECK_FAIL]: -1
[PRECHECK_FAIL]: -1
[PRECHECK_FAIL]: -1
[PRECHECK_FAIL]: -1
[PRECHECK_FAIL]: -1
[PRECHECK_FAIL]: -1
[PRECHECK_FAIL]: -1
[PRECHECK_FAIL]: -1
[PRECHECK_FAIL]: -1
[PRECHECK_FAIL]: -1
[PRECHECK_FAIL]: -1
[PRECHECK_FAIL]: -1
[PRECHECK_FAIL]: -1
[PRECHECK_FAIL]: -1
[PRECHECK_FAIL]: -1
[PRECHECK_FAIL]: -1
[PRECHECK_FAIL]: -1
[PRECHECK_FAIL]: -1
[PRECHECK_FAIL]: -1
[PRECHECK_FAIL]: -1
[PRECHECK_FAIL]: -1
[PRECHECK_FAIL]: -1
[PRECHECK_FAIL]: -1
[PRECHECK_FAIL]: -1
[PRECHECK_FAIL]: -1
[PRECHECK_FAIL]: -1
[PRECHECK_FAIL]: -1
[PRECHECK_FAIL]: -1
[PRECHECK_FAIL]: -1
[PRECHECK_FAIL]: -1
[PRECHECK_FAIL]: -1
[PRECHECK_FAIL]: -1
[PRECHECK_FAIL]: -1
[PRECHECK_FAIL]: -1
[PRECHECK_FAIL]: -1
[PRECHECK_FAIL]: -1
[PRECHECK_FAIL]: -1
[PRECHECK_FAIL]: -1
[PRECHECK_FAIL]: -1
[PRECHECK_FAIL]: -1
[PRECHECK_FAIL]: -1
[PRECHECK_FAIL]: -1
[PRECHECK_FAIL]: -1
[PRECHECK_FAIL]: -1
[PRECHECK_FAIL]: -1
[PRECHECK_FAIL]: -1
[PRECHECK_FAIL]: -1
[PRECHECK_FAIL]: -1
[PRECHECK_FAIL]: -1
[PRECHECK_FAIL]: -1
[PRECHECK_FAIL]: -1
[PRECHECK_FAIL]: -1
[PRECHECK_FAIL]: -1
[PRECHECK_FAIL]: -1
[PRECHECK_FAIL]: -1
[PRECHECK_FAIL]: -1
[PRECHECK_FAIL]: -1
[PRECHECK_FAIL]: -1
[PRECHECK_FAIL]: -1
[PRECHECK_FAIL]: -1
[PRECHECK_FAIL]: -1
[PRECHECK_FAIL]: -1
[PRECHECK_FAIL]: -1
[PRECHECK_FAIL]: -1
[PRECHECK_FAIL]: -1
[PRECHECK_FAIL]: -1
[PRECHECK_FAIL]: -1
[PRECHECK_FAIL]: -1
[PRECHECK_FAIL]: -1
[PRECHECK_FAIL]: -1
[PRECHECK_FAIL]: -1
[PRECHECK_FAIL]: -1
[PRECHECK_FAIL]: -1
[PRECHECK_FAIL]: -1
[PRECHECK_FAIL]: -1
[PRECHECK_FAIL]: -1
[PRECHECK_FAIL]: -1
[PRECHECK_FAIL]: -1
[PRECHECK_FAIL]: -1
[PRECHECK_FAIL]: -1
[PRECHECK_FAIL]: -1
[PRECHECK_FAIL]: -1
[PRECHECK_FAIL]: -1
[PRECHECK_FAIL]: -1
[PRECHECK_FAIL]: -1
[PRECHECK_FAIL]: -1
[PRECHECK_FAIL]: -1
[PRECHECK_FAIL]: -1
[PRECHECK_FAIL]: -1
[PRECHECK_FAIL]: -1
[PRECHECK_FAIL]: -1
[PRECHECK_FAIL]: -1
[PRECHECK_FAIL]: -1
[PRECHECK_FAIL]: -1
[PRECHECK_FAIL]: -1
[PRECHECK_FAIL]: -1
[PRECHECK_FAIL]: -1
[PRECHECK_FAIL]: -1
[PRECHECK_FAIL]: -1
[PRECHECK_FAIL]: -1
[PRECHECK_FAIL]: -1
[PRECHECK_FAIL]: -1
[PRECHECK_FAIL]: -1
[PRECHECK_FAIL]: -1
[PRECHECK_FAIL]: -1
[PRECHECK_FAIL]: -1
[PRECHECK_FAIL]: -1
[PRECHECK_FAIL]: -1
[PRECHECK_FAIL]: -1
[PRECHECK_FAIL]: -1
[PRECHECK_FAIL]: -1
[PRECHECK_FAIL]: -1
[PRECHECK_FAIL]: -1
[PRECHECK_FAIL]: -1
[PRECHECK_FAIL]: -1
[PRECHECK_FAIL]: -1
[PRECHECK_FAIL]: -1
[PRECHECK_FAIL]: -1
[PRECHECK_FAIL]: -1
[PRECHECK_FAIL]: -1
[PRECHECK_FAIL]: -1
[PRECHECK_FAIL]: -1
[PRECHECK_FAIL]: -1
[PRECHECK_FAIL]: -1
[PRECHECK_FAIL]: -1
[PRECHECK_FAIL]: -1
[PRECHECK_FAIL]: -1
[PRECHECK_FAIL]: -1
[PRECHECK_FAIL]: -1
[PRECHECK_FAIL]: -1
[PRECHECK_FAIL]: -1
[PRECHECK_FAIL]: -1
[PRECHECK_FAIL]: -1
[PRECHECK_FAIL]: -1
[PRECHECK_FAIL]: -1
[PRECHECK_FAIL]: -1
[PRECHECK_FAIL]: -1
[PRECHECK_FAIL]: -1
[PRECHECK_FAIL]: -1
[PRECHECK_FAIL]: -1
[PRECHECK_FAIL]: -1
[PRECHECK_FAIL]: -1
[PRECHECK_FAIL]: -1
[PRECHECK_FAIL]: -1
[PRECHECK_FAIL]: -1
[PRECHECK_FAIL]: -1
[PRECHECK_FAIL]: -1
[PRECHECK_FAIL]: -1
[PRECHECK_FAIL]: -1
[PRECHECK_FAIL]: -1
[PRECHECK_FAIL]: -1
[PRECHECK_FAIL]: -1
[PRECHECK_FAIL]: -1
[PRECHECK_FAIL]: -1
[PRECHECK_FAIL]: -1
[PRECHECK_FAIL]: -1
[PRECHECK_FAIL]: -1
[PRECHECK_FAIL]: -1
[PRECHECK_FAIL]: -1
[PRECHECK_FAIL]: -1
[PRECHECK_FAIL]: -1
[PRECHECK_FAIL]: -1
[PRECHECK_FAIL]: -1
[PRECHECK_FAIL]: -1
[PRECHECK_FAIL]: -1
[PRECHECK_FAIL]: -1
[PRECHECK_FAIL]: -1
[PRECHECK_FAIL]: -1
[PRECHECK_FAIL]: -1
[PRECHECK_FAIL]: -1
[PRECHECK_FAIL]: -1
[PRECHECK_FAIL]: -1
[PRECHECK_FAIL]: -1
[PRECHECK_FAIL]: -1
[PRECHECK_FAIL]: -1
[PRECHECK_FAIL]: -1
[PRECHECK_FAIL]: -1
[PRECHECK_FAIL]: -1
[PRECHECK_FAIL]: -1
[PRECHECK_FAIL]: -1
[PRECHECK_FAIL]: -1
[PRECHECK_FAIL]: -1
[PRECHECK_FAIL]: -1
[PRECHECK_FAIL]: -1
[PRECHECK_FAIL]: -1
[PRECHECK_FAIL]: -1
[PRECHECK_FAIL]: -1
[PRECHECK_FAIL]: -1
[PRECHECK_FAIL]: -1
[PRECHECK_FAIL]: -1
[PRECHECK_FAIL]: -1
[PRECHECK_FAIL]: -1
[PRECHECK_FAIL]: -1
[PRECHECK_FAIL]: -1
[PRECHECK_FAIL]: -1
[PRECHECK_FAIL]: -1
[PRECHECK_FAIL]: -1
[PRECHECK_FAIL]: -1
[PRECHECK_FAIL]: -1
[PRECHECK_FAIL]: -1
[PRECHECK_FAIL]: -1
[PRECHECK_FAIL]: -1
[PRECHECK_FAIL]: -1
[PRECHECK_FAIL]: -1
[PRECHECK_FAIL]: -1
[PRECHECK_FAIL]: -1
[PRECHECK_FAIL]: -1
[PRECHECK_FAIL]: -1
[PRECHECK_FAIL]: -1
[PRECHECK_FAIL]: -1
[PRECHECK_FAIL]: -1
[PRECHECK_FAIL]: -1
[PRECHECK_FAIL]: -1
[PRECHECK_FAIL]: -1
[PRECHECK_FAIL]: -1
[PRECHECK_FAIL]: -1
[PRECHECK_FAIL]: -1
[PRECHECK_FAIL]: -1
[PRECHECK_FAIL]: -1
[PRECHECK_FAIL]: -1
[PRECHECK_FAIL]: -1
[PRECHECK_FAIL]: -1
[PRECHECK_FAIL]: -1
[PRECHECK_FAIL]: -1
[PRECHECK_FAIL]: -1
[PRECHECK_FAIL]: -1
[PRECHECK_FAIL]: -1
[PRECHECK_FAIL]: -1
[PRECHECK_FAIL]: -1
[PRECHECK_FAIL]: -1
[PRECHECK_FAIL]: -1
[PRECHECK_FAIL]: -1
[PRECHECK_FAIL]: -1
[PRECHECK_FAIL]: -1
[PRECHECK_FAIL]: -1
[PRECHECK_FAIL]: -1
[PRECHECK_FAIL]: -1
[PRECHECK_FAIL]: -1
[PRECHECK_FAIL]: -1
[PRECHECK_FAIL]: -1
[PRECHECK_FAIL]: -1
[PRECHECK_FAIL]: -1
[PRECHECK_FAIL]: -1
[PRECHECK_FAIL]: -1
[PRECHECK_FAIL]: -1
[PRECHECK_FAIL]: -1
[PRECHECK_FAIL]: -1
[PRECHECK_FAIL]: -1
[PRECHECK_FAIL]: -1
[PRECHECK_FAIL]: -1
[PRECHECK_FAIL]: -1
[PRECHECK_FAIL]: -1
[PRECHECK_FAIL]: -1
[PRECHECK_FAIL]: -1
[PRECHECK_FAIL]: -1
[PRECHECK_FAIL]: -1
[PRECHECK_FAIL]: -1
[PRECHECK_FAIL]: -1
[PRECHECK_FAIL]: -1
[PRECHECK_FAIL]: -1
[PRECHECK_FAIL]: -1
[PRECHECK_FAIL]: -1
[PRECHECK_FAIL]: -1
[PRECHECK_FAIL]: -1
[PRECHECK_FAIL]: -1
[PRECHECK_FAIL]: -1
[PRECHECK_FAIL]: -1
[PRECHECK_FAIL]: -1
[PRECHECK_FAIL]: -1
[PRECHECK_FAIL]: -1
[PRECHECK_FAIL]: -1
[PRECHECK_FAIL]: -1
[PRECHECK_FAIL]: -1
[PRECHECK_FAIL]: -1
[PRECHECK_FAIL]: -1
[PRECHECK_FAIL]: -1
[PRECHECK_FAIL]: -1
[PRECHECK_FAIL]: -1
[PRECHECK_FAIL]: -1
[PRECHECK_FAIL]: -1
[PRECHECK_FAIL]: -1
[PRECHECK_FAIL]: -1
[PRECHECK_FAIL]: -1
[PRECHECK_FAIL]: -1
[PRECHECK_FAIL]: -1
[PRECHECK_FAIL]: -1
[PRECHECK_FAIL]: -1
[PRECHECK_FAIL]: -1
[PRECHECK_FAIL]: -1
[PRECHECK_FAIL]: -1
[PRECHECK_FAIL]: -1
[PRECHECK_FAIL]: -1
[PRECHECK_FAIL]: -1
[PRECHECK_FAIL]: -1
[PRECHECK_FAIL]: -1
[PRECHECK_FAIL]: -1
[PRECHECK_FAIL]: -1
[PRECHECK_FAIL]: -1
[PRECHECK_FAIL]: -1
[PRECHECK_FAIL]: -1
[PRECHECK_FAIL]: -1
[PRECHECK_FAIL]: -1
[PRECHECK_FAIL]: -1
[PRECHECK_FAIL]: -1
[PRECHECK_FAIL]: -1
[PRECHECK_FAIL]: -1
[PRECHECK_FAIL]: -1
[PRECHECK_FAIL]: -1
[PRECHECK_FAIL]: -1
[PRECHECK_FAIL]: -1
[PRECHECK_FAIL]: -1
[PRECHECK_FAIL]: -1
[PRECHECK_FAIL]: -1
[PRECHECK_FAIL]: -1
[PRECHECK_FAIL]: -1
[PRECHECK_FAIL]: -1
[PRECHECK_FAIL]: -1
[PRECHECK_FAIL]: -1
[PRECHECK_FAIL]: -1
[PRECHECK_FAIL]: -1
[PRECHECK_FAIL]: -1
[PRECHECK_FAIL]: -1
[PRECHECK_FAIL]: -1
[PRECHECK_FAIL]: -1
[PRECHECK_FAIL]: -1
[PRECHECK_FAIL]: -1
[PRECHECK_FAIL]: -1
[PRECHECK_FAIL]: -1
[PRECHECK_FAIL]: -1
[PRECHECK_FAIL]: -1
[PRECHECK_FAIL]: -1
[PRECHECK_FAIL]: -1
[PRECHECK_FAIL]: -1
[PRECHECK_FAIL]: -1
[PRECHECK_FAIL]: -1
[PRECHECK_FAIL]: -1
[PRECHECK_FAIL]: -1
[PRECHECK_FAIL]: -1
[PRECHECK_FAIL]: -1
[PRECHECK_FAIL]: -1
[PRECHECK_FAIL]: -1
[PRECHECK_FAIL]: -1
[PRECHECK_FAIL]: -1
[PRECHECK_FAIL]: -1
[PRECHECK_FAIL]: -1
[PRECHECK_FAIL]: -1
[PRECHECK_FAIL]: -1
[PRECHECK_FAIL]: -1
[PRECHECK_FAIL]: -1
[PRECHECK_FAIL]: -1
[PRECHECK_FAIL]: -1
[PRECHECK_FAIL]: -1
[PRECHECK_FAIL]: -1
[PRECHECK_FAIL]: -1
[PRECHECK_FAIL]: -1
[PRECHECK_FAIL]: -1
[PRECHECK_FAIL]: -1
[PRECHECK_FAIL]: -1
[PRECHECK_FAIL]: -1
[PRECHECK_FAIL]: -1
[PRECHECK_FAIL]: -1
[PRECHECK_FAIL]: -1
[PRECHECK_FAIL]: -1
[PRECHECK_FAIL]: -1
[PRECHECK_FAIL]: -1
[PRECHECK_FAIL]: -1
[PRECHECK_FAIL]: -1
[PRECHECK_FAIL]: -1
[PRECHECK_FAIL]: -1
[PRECHECK_FAIL]: -1
[PRECHECK_FAIL]: -1
[PRECHECK_FAIL]: -1
[PRECHECK_FAIL]: -1
[PRECHECK_FAIL]: -1
[PRECHECK_FAIL]: -1
[PRECHECK_FAIL]: -1
[PRECHECK_FAIL]: -1
[PRECHECK_FAIL]: -1
[PRECHECK_FAIL]: -1
[PRECHECK_FAIL]: -1
[PRECHECK_FAIL]: -1
[PRECHECK_FAIL]: -1
[PRECHECK_FAIL]: -1
[PRECHECK_FAIL]: -1
[PRECHECK_FAIL]: -1
[PRECHECK_FAIL]: -1
[PRECHECK_FAIL]: -1
[PRECHECK_FAIL]: -1
[PRECHECK_FAIL]: -1
[PRECHECK_FAIL]: -1
[PRECHECK_FAIL]: -1
[PRECHECK_FAIL]: -1
[PRECHECK_FAIL]: -1
[PRECHECK_FAIL]: -1
[PRECHECK_FAIL]: -1
[PRECHECK_FAIL]: -1
[PRECHECK_FAIL]: -1
[PRECHECK_FAIL]: -1
[PRECHECK_FAIL]: -1
[PRECHECK_FAIL]: -1
[PRECHECK_FAIL]: -1
[PRECHECK_FAIL]: -1
[PRECHECK_FAIL]: -1
[PRECHECK_FAIL]: -1
[PRECHECK_FAIL]: -1
[PRECHECK_FAIL]: -1
[PRECHECK_FAIL]: -1
[PRECHECK_FAIL]: -1
[PRECHECK_FAIL]: -1
[PRECHECK_FAIL]: -1
[PRECHECK_FAIL]: -1
[PRECHECK_FAIL]: -1
[PRECHECK_FAIL]: -1
[PRECHECK_FAIL]: -1
[PRECHECK_FAIL]: -1
[PRECHECK_FAIL]: -1
[PRECHECK_FAIL]: -1
[PRECHECK_FAIL]: -1
[PRECHECK_FAIL]: -1
[PRECHECK_FAIL]: -1
[PRECHECK_FAIL]: -1
[PRECHECK_FAIL]: -1
[PRECHECK_FAIL]: -1
[PRECHECK_FAIL]: -1
[PRECHECK_FAIL]: -1
[PRECHECK_FAIL]: -1
[PRECHECK_FAIL]: -1
[PRECHECK_FAIL]: -1
[PRECHECK_FAIL]: -1
[PRECHECK_FAIL]: -1
[PRECHECK_FAIL]: -1
[PRECHECK_FAIL]: -1
[PRECHECK_FAIL]: -1
[PRECHECK_FAIL]: -1
[PRECHECK_FAIL]: -1
[PRECHECK_FAIL]: -1
[PRECHECK_FAIL]: -1
[PRECHECK_FAIL]: -1
[PRECHECK_FAIL]: -1
[PRECHECK_FAIL]: -1
[PRECHECK_FAIL]: -1
[PRECHECK_FAIL]: -1
[PRECHECK_FAIL]: -1
[PRECHECK_FAIL]: -1
[PRECHECK_FAIL]: -1
[PRECHECK_FAIL]: -1
[PRECHECK_FAIL]: -1
[PRECHECK_FAIL]: -1
[PRECHECK_FAIL]: -1
[PRECHECK_FAIL]: -1
[PRECHECK_FAIL]: -1
[PRECHECK_FAIL]: -1
[PRECHECK_FAIL]: -1
[PRECHECK_FAIL]: -1
[PRECHECK_FAIL]: -1
[PRECHECK_FAIL]: -1
[PRECHECK_FAIL]: -1
[PRECHECK_FAIL]: -1
[PRECHECK_FAIL]: -1
[PRECHECK_FAIL]: -1
[PRECHECK_FAIL]: -1
[PRECHECK_FAIL]: -1
[PRECHECK_FAIL]: -1
[PRECHECK_FAIL]: -1
[PRECHECK_FAIL]: -1
[PRECHECK_FAIL]: -1
[PRECHECK_FAIL]: -1
[PRECHECK_FAIL]: -1
[PRECHECK_FAIL]: -1
[PRECHECK_FAIL]: -1
[PRECHECK_FAIL]: -1
[PRECHECK_FAIL]: -1
[PRECHECK_FAIL]: -1
[PRECHECK_FAIL]: -1
[PRECHECK_FAIL]: -1
[PRECHECK_FAIL]: -1
[PRECHECK_FAIL]: -1
[PRECHECK_FAIL]: -1
[PRECHECK_FAIL]: -1
[PRECHECK_FAIL]: -1
[PRECHECK_FAIL]: -1
[PRECHECK_FAIL]: -1
[PRECHECK_FAIL]: -1
[PRECHECK_FAIL]: -1
[PRECHECK_FAIL]: -1
[PRECHECK_FAIL]: -1
[PRECHECK_FAIL]: -1
[PRECHECK_FAIL]: -1
[PRECHECK_FAIL]: -1
[PRECHECK_FAIL]: -1
[PRECHECK_FAIL]: -1
[PRECHECK_FAIL]: -1
[PRECHECK_FAIL]: -1
[PRECHECK_FAIL]: -1
[PRECHECK_FAIL]: -1
[PRECHECK_FAIL]: -1
[PRECHECK_FAIL]: -1
[PRECHECK_FAIL]: -1
[PRECHECK_FAIL]: -1
[PRECHECK_FAIL]: -1
[PRECHECK_FAIL]: -1
[PRECHECK_FAIL]: -1
[PRECHECK_FAIL]: -1
[PRECHECK_FAIL]: -1
[PRECHECK_FAIL]: -1
[PRECHECK_FAIL]: -1
[PRECHECK_FAIL]: -1
[PRECHECK_FAIL]: -1
[PRECHECK_FAIL]: -1
[PRECHECK_FAIL]: -1
[PRECHECK_FAIL]: -1
[PRECHECK_FAIL]: -1
[PRECHECK_FAIL]: -1
[PRECHECK_FAIL]: -1
[PRECHECK_FAIL]: -1
[PRECHECK_FAIL]: -1
[PRECHECK_FAIL]: -1
[PRECHECK_FAIL]: -1
[PRECHECK_FAIL]: -1
[PRECHECK_FAIL]: -1
[PRECHECK_FAIL]: -1
[PRECHECK_FAIL]: -1
[PRECHECK_FAIL]: -1
[PRECHECK_FAIL]: -1
[PRECHECK_FAIL]: -1
[PRECHECK_FAIL]: -1
[PRECHECK_FAIL]: -1
[PRECHECK_FAIL]: -1
[PRECHECK_FAIL]: -1
[PRECHECK_FAIL]: -1
[PRECHECK_FAIL]: -1
[PRECHECK_FAIL]: -1
[PRECHECK_FAIL]: -1
[PRECHECK_FAIL]: -1
[PRECHECK_FAIL]: -1
[PRECHECK_FAIL]: -1
[PRECHECK_FAIL]: -1
[PRECHECK_FAIL]: -1
[PRECHECK_FAIL]: -1
[PRECHECK_FAIL]: -1
[PRECHECK_FAIL]: -1
[PRECHECK_FAIL]: -1
[PRECHECK_FAIL]: -1
[PRECHECK_FAIL]: -1
[PRECHECK_FAIL]: -1
[PRECHECK_FAIL]: -1
[PRECHECK_FAIL]: -1
[PRECHECK_FAIL]: -1
[PRECHECK_FAIL]: -1
[PRECHECK_FAIL]: -1
[PRECHECK_FAIL]: -1
[PRECHECK_FAIL]: -1
[PRECHECK_FAIL]: -1
[PRECHECK_FAIL]: -1
[PRECHECK_FAIL]: -1
[PRECHECK_FAIL]: -1
[PRECHECK_FAIL]: -1
[PRECHECK_FAIL]: -1
[PRECHECK_FAIL]: -1
[PRECHECK_FAIL]: -1
[PRECHECK_FAIL]: -1
[PRECHECK_FAIL]: -1
[PRECHECK_FAIL]: -1
[PRECHECK_FAIL]: -1
[PRECHECK_FAIL]: -1
[PRECHECK_FAIL]: -1
[PRECHECK_FAIL]: -1
[PRECHECK_FAIL]: -1
[PRECHECK_FAIL]: -1
[PRECHECK_FAIL]: -1
[PRECHECK_FAIL]: -1
[PRECHECK_FAIL]: -1
[PRECHECK_FAIL]: -1
[PRECHECK_FAIL]: -1
[PRECHECK_FAIL]: -1
[PRECHECK_FAIL]: -1
[PRECHECK_FAIL]: -1
[PRECHECK_FAIL]: -1
[PRECHECK_FAIL]: -1
[PRECHECK_FAIL]: -1
[PRECHECK_FAIL]: -1
[PRECHECK_FAIL]: -1
[PRECHECK_FAIL]: -1
[PRECHECK_FAIL]: -1
[PRECHECK_FAIL]: -1
[PRECHECK_FAIL]: -1
[PRECHECK_FAIL]: -1
[PRECHECK_FAIL]: -1
[PRECHECK_FAIL]: -1
[PRECHECK_FAIL]: -1
[PRECHECK_FAIL]: -1
[PRECHECK_FAIL]: -1
[PRECHECK_FAIL]: -1
[PRECHECK_FAIL]: -1
[PRECHECK_FAIL]: -1
[PRECHECK_FAIL]: -1
[PRECHECK_FAIL]: -1
[PRECHECK_FAIL]: -1
[PRECHECK_FAIL]: -1
[PRECHECK_FAIL]: -1
[PRECHECK_FAIL]: -1
[PRECHECK_FAIL]: -1
[PRECHECK_FAIL]: -1
[PRECHECK_FAIL]: -1
[PRECHECK_FAIL]: -1
[PRECHECK_FAIL]: -1
[PRECHECK_FAIL]: -1
[PRECHECK_FAIL]: -1
[PRECHECK_FAIL]: -1
[PRECHECK_FAIL]: -1
[PRECHECK_FAIL]: -1
[PRECHECK_FAIL]: -1
[PRECHECK_FAIL]: -1
[PRECHECK_FAIL]: -1
[PRECHECK_FAIL]: -1
[PRECHECK_FAIL]: -1
[PRECHECK_FAIL]: -1
[PRECHECK_FAIL]: -1
[PRECHECK_FAIL]: -1
[PRECHECK_FAIL]: -1
[PRECHECK_FAIL]: -1
[PRECHECK_FAIL]: -1
[PRECHECK_FAIL]: -1
[PRECHECK_FAIL]: -1
[PRECHECK_FAIL]: -1
[PRECHECK_FAIL]: -1
[PRECHECK_FAIL]: -1
[PRECHECK_FAIL]: -1
[PRECHECK_FAIL]: -1
[PRECHECK_FAIL]: -1
[PRECHECK_FAIL]: -1
[PRECHECK_FAIL]: -1
[PRECHECK_FAIL]: -1
[PRECHECK_FAIL]: -1
[PRECHECK_FAIL]: -1
[PRECHECK_FAIL]: -1
[PRECHECK_FAIL]: -1
[PRECHECK_FAIL]: -1
[PRECHECK_FAIL]: -1
[PRECHECK_FAIL]: -1
[PRECHECK_FAIL]: -1
[PRECHECK_FAIL]: -1
[PRECHECK_FAIL]: -1
[PRECHECK_FAIL]: -1
[PRECHECK_FAIL]: -1
[PRECHECK_FAIL]: -1
[PRECHECK_FAIL]: -1
[PRECHECK_FAIL]: -1
[PRECHECK_FAIL]: -1
[PRECHECK_FAIL]: -1
[PRECHECK_FAIL]: -1
[PRECHECK_FAIL]: -1
[PRECHECK_FAIL]: -1
[PRECHECK_FAIL]: -1
[PRECHECK_FAIL]: -1
[PRECHECK_FAIL]: -1
[PRECHECK_FAIL]: -1
[PRECHECK_FAIL]: -1
[PRECHECK_FAIL]: -1
[PRECHECK_FAIL]: -1
[PRECHECK_FAIL]: -1
[PRECHECK_FAIL]: -1
[PRECHECK_FAIL]: -1
[PRECHECK_FAIL]: -1
[PRECHECK_FAIL]: -1
[PRECHECK_FAIL]: -1
[PRECHECK_FAIL]: -1
[PRECHECK_FAIL]: -1
[PRECHECK_FAIL]: -1
[PRECHECK_FAIL]: -1
[PRECHECK_FAIL]: -1
[PRECHECK_FAIL]: -1
[PRECHECK_FAIL]: -1
[PRECHECK_FAIL]: -1
[PRECHECK_FAIL]: -1
[PRECHECK_FAIL]: -1
[PRECHECK_FAIL]: -1
[PRECHECK_FAIL]: -1
[PRECHECK_FAIL]: -1
[PRECHECK_FAIL]: -1
[PRECHECK_FAIL]: -1
[PRECHECK_FAIL]: -1
[PRECHECK_FAIL]: -1
[PRECHECK_FAIL]: -1
[PRECHECK_FAIL]: -1
[PRECHECK_FAIL]: -1
[PRECHECK_FAIL]: -1
[PRECHECK_FAIL]: -1
[PRECHECK_FAIL]: -1
[PRECHECK_FAIL]: -1
[PRECHECK_FAIL]: -1
[PRECHECK_FAIL]: -1
[PRECHECK_FAIL]: -1
[PRECHECK_FAIL]: -1
[PRECHECK_FAIL]: -1
[PRECHECK_FAIL]: -1
[PRECHECK_FAIL]: -1
[PRECHECK_FAIL]: -1
[PRECHECK_FAIL]: -1
[PRECHECK_FAIL]: -1
[PRECHECK_FAIL]: -1
[PRECHECK_FAIL]: -1
[PRECHECK_FAIL]: -1
[PRECHECK_FAIL]: -1
[PRECHECK_FAIL]: -1
[PRECHECK_FAIL]: -1
[PRECHECK_FAIL]: -1
[PRECHECK_FAIL]: -1
[PRECHECK_FAIL]: -1
[PRECHECK_FAIL]: -1
[PRECHECK_FAIL]: -1
[PRECHECK_FAIL]: -1
[PRECHECK_FAIL]: -1
[PRECHECK_FAIL]: -1
[PRECHECK_FAIL]: -1
[PRECHECK_FAIL]: -1
[PRECHECK_FAIL]: -1
[PRECHECK_FAIL]: -1
[PRECHECK_FAIL]: -1
[PRECHECK_FAIL]: -1
[PRECHECK_FAIL]: -1
[PRECHECK_FAIL]: -1
[PRECHECK_FAIL]: -1
[PRECHECK_FAIL]: -1
[PRECHECK_FAIL]: -1
[PRECHECK_FAIL]: -1
[PRECHECK_FAIL]: -1
[PRECHECK_FAIL]: -1
[PRECHECK_FAIL]: -1
[PRECHECK_FAIL]: -1
[PRECHECK_FAIL]: -1
[PRECHECK_FAIL]: -1
[PRECHECK_FAIL]: -1
[PRECHECK_FAIL]: -1
[PRECHECK_FAIL]: -1
[PRECHECK_FAIL]: -1
[PRECHECK_FAIL]: -1
[PRECHECK_FAIL]: -1
[PRECHECK_FAIL]: -1
[PRECHECK_FAIL]: -1
[PRECHECK_FAIL]: -1
[PRECHECK_FAIL]: -1
[PRECHECK_FAIL]: -1
[PRECHECK_FAIL]: -1
[PRECHECK_FAIL]: -1
[PRECHECK_FAIL]: -1
[PRECHECK_FAIL]: -1
[PRECHECK_FAIL]: -1
[PRECHECK_FAIL]: -1
[PRECHECK_FAIL]: -1
[PRECHECK_FAIL]: -1
[PRECHECK_FAIL]: -1
[PRECHECK_FAIL]: -1
[PRECHECK_FAIL]: -1
[PRECHECK_FAIL]: -1
[PRECHECK_FAIL]: -1
[PRECHECK_FAIL]: -1
[PRECHECK_FAIL]: -1
[PRECHECK_FAIL]: -1
[PRECHECK_FAIL]: -1
[PRECHECK_FAIL]: -1
[PRECHECK_FAIL]: -1
[PRECHECK_FAIL]: -1
[PRECHECK_FAIL]: -1
[PRECHECK_FAIL]: -1
[PRECHECK_FAIL]: -1
[PRECHECK_FAIL]: -1
[PRECHECK_FAIL]: -1
[PRECHECK_FAIL]: -1
[PRECHECK_FAIL]: -1
[PRECHECK_FAIL]: -1
[PRECHECK_FAIL]: -1
[PRECHECK_FAIL]: -1
[PRECHECK_FAIL]: -1
[PRECHECK_FAIL]: -1
[PRECHECK_FAIL]: -1
[PRECHECK_FAIL]: -1
[PRECHECK_FAIL]: -1
[PRECHECK_FAIL]: -1
[PRECHECK_FAIL]: -1
[PRECHECK_FAIL]: -1
[PRECHECK_FAIL]: -1
[PRECHECK_FAIL]: -1
[PRECHECK_FAIL]: -1
[PRECHECK_FAIL]: -1
[PRECHECK_FAIL]: -1
[PRECHECK_FAIL]: -1
[PRECHECK_FAIL]: -1
[PRECHECK_FAIL]: -1
[PRECHECK_FAIL]: -1
[PRECHECK_FAIL]: -1
[PRECHECK_FAIL]: -1
[PRECHECK_FAIL]: -1
[PRECHECK_FAIL]: -1
[PRECHECK_FAIL]: -1
[PRECHECK_FAIL]: -1
[PRECHECK_FAIL]: -1
[PRECHECK_FAIL]: -1
[PRECHECK_FAIL]: -1
[PRECHECK_FAIL]: -1
[PRECHECK_FAIL]: -1
[PRECHECK_FAIL]: -1
[PRECHECK_FAIL]: -1
[PRECHECK_FAIL]: -1
[PRECHECK_FAIL]: -1
[PRECHECK_FAIL]: -1
[PRECHECK_FAIL]: -1
[PRECHECK_FAIL]: -1
[PRECHECK_FAIL]: -1
[PRECHECK_FAIL]: -1
[PRECHECK_FAIL]: -1
[PRECHECK_FAIL]: -1
[PRECHECK_FAIL]: -1
[PRECHECK_FAIL]: -1
[PRECHECK_FAIL]: -1
[PRECHECK_FAIL]: -1
[PRECHECK_FAIL]: -1
[PRECHECK_FAIL]: -1
[PRECHECK_FAIL]: -1
[PRECHECK_FAIL]: -1
[PRECHECK_FAIL]: -1
[PRECHECK_FAIL]: -1
[PRECHECK_FAIL]: -1
[PRECHECK_FAIL]: -1
[PRECHECK_FAIL]: -1
[PRECHECK_FAIL]: -1
[PRECHECK_FAIL]: -1
[PRECHECK_FAIL]: -1
[PRECHECK_FAIL]: -1
[PRECHECK_FAIL]: -1
[PRECHECK_FAIL]: -1
[PRECHECK_FAIL]: -1
[PRECHECK_FAIL]: -1
[PRECHECK_FAIL]: -1
[PRECHECK_FAIL]: -1
[PRECHECK_FAIL]: -1
[PRECHECK_FAIL]: -1
[PRECHECK_FAIL]: -1
[PRECHECK_FAIL]: -1
[PRECHECK_FAIL]: -1
[PRECHECK_FAIL]: -1
[PRECHECK_FAIL]: -1
[PRECHECK_FAIL]: -1
[PRECHECK_FAIL]: -1
[PRECHECK_FAIL]: -1
[PRECHECK_FAIL]: -1
[PRECHECK_FAIL]: -1
[PRECHECK_FAIL]: -1
[PRECHECK_FAIL]: -1
[PRECHECK_FAIL]: -1
[PRECHECK_FAIL]: -1
[PRECHECK_FAIL]: -1
[PRECHECK_FAIL]: -1
[PRECHECK_FAIL]: -1
[PRECHECK_FAIL]: -1
[PRECHECK_FAIL]: -1
[PRECHECK_FAIL]: -1
[PRECHECK_FAIL]: -1
[PRECHECK_FAIL]: -1
[PRECHECK_FAIL]: -1
[PRECHECK_FAIL]: -1
[PRECHECK_FAIL]: -1
[PRECHECK_FAIL]: -1
[PRECHECK_FAIL]: -1
[PRECHECK_FAIL]: -1
[PRECHECK_FAIL]: -1
[PRECHECK_FAIL]: -1
[PRECHECK_FAIL]: -1
[PRECHECK_FAIL]: -1
[PRECHECK_FAIL]: -1
[PRECHECK_FAIL]: -1
[PRECHECK_FAIL]: -1
[PRECHECK_FAIL]: -1
[PRECHECK_FAIL]: -1
[PRECHECK_FAIL]: -1
[PRECHECK_FAIL]: -1
[PRECHECK_FAIL]: -1
[PRECHECK_FAIL]: -1
[PRECHECK_FAIL]: -1
[PRECHECK_FAIL]: -1
[PRECHECK_FAIL]: -1
[PRECHECK_FAIL]: -1
[PRECHECK_FAIL]: -1
[PRECHECK_FAIL]: -1
[PRECHECK_FAIL]: -1
[PRECHECK_FAIL]: -1
[PRECHECK_FAIL]: -1
[PRECHECK_FAIL]: -1
[PRECHECK_FAIL]: -1
[PRECHECK_FAIL]: -1
[PRECHECK_FAIL]: -1
[PRECHECK_FAIL]: -1
[PRECHECK_FAIL]: -1
[PRECHECK_FAIL]: -1
[PRECHECK_FAIL]: -1
[PRECHECK_FAIL]: -1
[PRECHECK_FAIL]: -1
[PRECHECK_FAIL]: -1
[PRECHECK_FAIL]: -1
[PRECHECK_FAIL]: -1
[PRECHECK_FAIL]: -1
[PRECHECK_FAIL]: -1
[PRECHECK_FAIL]: -1
[PRECHECK_FAIL]: -1
[PRECHECK_FAIL]: -1
[PRECHECK_FAIL]: -1
[PRECHECK_FAIL]: -1
[PRECHECK_FAIL]: -1
[PRECHECK_FAIL]: -1
[PRECHECK_FAIL]: -1
[PRECHECK_FAIL]: -1
[PRECHECK_FAIL]: -1
[PRECHECK_FAIL]: -1
[PRECHECK_FAIL]: -1
[PRECHECK_FAIL]: -1
[PRECHECK_FAIL]: -1
[PRECHECK_FAIL]: -1
[PRECHECK_FAIL]: -1
[PRECHECK_FAIL]: -1
[PRECHECK_FAIL]: -1
[PRECHECK_FAIL]: -1
[PRECHECK_FAIL]: -1
[PRECHECK_FAIL]: -1
[PRECHECK_FAIL]: -1
[PRECHECK_FAIL]: -1
[PRECHECK_FAIL]: -1
[PRECHECK_FAIL]: -1
[PRECHECK_FAIL]: -1
[PRECHECK_FAIL]: -1
[PRECHECK_FAIL]: -1
[PRECHECK_FAIL]: -1
[PRECHECK_FAIL]: -1
[PRECHECK_FAIL]: -1
[PRECHECK_FAIL]: -1
[PRECHECK_FAIL]: -1
[PRECHECK_FAIL]: -1
[PRECHECK_FAIL]: -1
[PRECHECK_FAIL]: -1
[PRECHECK_FAIL]: -1
[PRECHECK_FAIL]: -1
[PRECHECK_FAIL]: -1
[PRECHECK_FAIL]: -1
[PRECHECK_FAIL]: -1
[PRECHECK_FAIL]: -1
[PRECHECK_FAIL]: -1
[PRECHECK_FAIL]: -1
[PRECHECK_FAIL]: -1
[PRECHECK_FAIL]: -1
[PRECHECK_FAIL]: -1
[PRECHECK_FAIL]: -1
[PRECHECK_FAIL]: -1
[PRECHECK_FAIL]: -1
[PRECHECK_FAIL]: -1
[PRECHECK_FAIL]: -1
[PRECHECK_FAIL]: -1
[PRECHECK_FAIL]: -1
[PRECHECK_FAIL]: -1
[PRECHECK_FAIL]: -1
[PRECHECK_FAIL]: -1
[PRECHECK_FAIL]: -1
[PRECHECK_FAIL]: -1
[PRECHECK_FAIL]: -1
[PRECHECK_FAIL]: -1
[PRECHECK_FAIL]: -1
[PRECHECK_FAIL]: -1
[PRECHECK_FAIL]: -1
[PRECHECK_FAIL]: -1
[PRECHECK_FAIL]: -1
[PRECHECK_FAIL]: -1
[PRECHECK_FAIL]: -1
[PRECHECK_FAIL]: -1
[PRECHECK_FAIL]: -1
[PRECHECK_FAIL]: -1
[PRECHECK_FAIL]: -1
[PRECHECK_FAIL]: -1
[PRECHECK_FAIL]: -1
[PRECHECK_FAIL]: -1
[PRECHECK_FAIL]: -1
[PRECHECK_FAIL]: -1
[PRECHECK_FAIL]: -1
[PRECHECK_FAIL]: -1
[PRECHECK_FAIL]: -1
[PRECHECK_FAIL]: -1
[PRECHECK_FAIL]: -1
[PRECHECK_FAIL]: -1
[PRECHECK_FAIL]: -1
[PRECHECK_FAIL]: -1
[PRECHECK_FAIL]: -1
[PRECHECK_FAIL]: -1
[PRECHECK_FAIL]: -1
[PRECHECK_FAIL]: -1
[PRECHECK_FAIL]: -1
[PRECHECK_FAIL]: -1
[PRECHECK_FAIL]: -1
[PRECHECK_FAIL]: -1
[PRECHECK_FAIL]: -1
[PRECHECK_FAIL]: -1
[PRECHECK_FAIL]: -1
[PRECHECK_FAIL]: -1
[PRECHECK_FAIL]: -1
[PRECHECK_FAIL]: -1
[PRECHECK_FAIL]: -1
[PRECHECK_FAIL]: -1
[PRECHECK_FAIL]: -1
[PRECHECK_FAIL]: -1
[PRECHECK_FAIL]: -1
[PRECHECK_FAIL]: -1
[PRECHECK_FAIL]: -1
[PRECHECK_FAIL]: -1
[PRECHECK_FAIL]: -1
[PRECHECK_FAIL]: -1
[PRECHECK_FAIL]: -1
[PRECHECK_FAIL]: -1
[PRECHECK_FAIL]: -1
[PRECHECK_FAIL]: -1
[PRECHECK_FAIL]: -1
[PRECHECK_FAIL]: -1
[PRECHECK_FAIL]: -1
[PRECHECK_FAIL]: -1
[PRECHECK_FAIL]: -1
[PRECHECK_FAIL]: -1
[PRECHECK_FAIL]: -1
[PRECHECK_FAIL]: -1
[PRECHECK_FAIL]: -1
[PRECHECK_FAIL]: -1
[PRECHECK_FAIL]: -1
[PRECHECK_FAIL]: -1
[PRECHECK_FAIL]: -1
[PRECHECK_FAIL]: -1
[PRECHECK_FAIL]: -1
[PRECHECK_FAIL]: -1
[PRECHECK_FAIL]: -1
[PRECHECK_FAIL]: -1
[PRECHECK_FAIL]: -1
[PRECHECK_FAIL]: -1
[PRECHECK_FAIL]: -1
[PRECHECK_FAIL]: -1
[PRECHECK_FAIL]: -1
[PRECHECK_FAIL]: -1
[PRECHECK_FAIL]: -1
[PRECHECK_FAIL]: -1
[PRECHECK_FAIL]: -1
[PRECHECK_FAIL]: -1
[PRECHECK_FAIL]: -1
[PRECHECK_FAIL]: -1
[PRECHECK_FAIL]: -1
[PRECHECK_FAIL]: -1
[PRECHECK_FAIL]: -1
[PRECHECK_FAIL]: -1
[PRECHECK_FAIL]: -1
[PRECHECK_FAIL]: -1
[PRECHECK_FAIL]: -1
[PRECHECK_FAIL]: -1
[PRECHECK_FAIL]: -1
[PRECHECK_FAIL]: -1
[PRECHECK_FAIL]: -1
[PRECHECK_FAIL]: -1
[PRECHECK_FAIL]: -1
[PRECHECK_FAIL]: -1
[PRECHECK_FAIL]: -1
[PRECHECK_FAIL]: -1
[PRECHECK_FAIL]: -1
[PRECHECK_FAIL]: -1
[PRECHECK_FAIL]: -1
[PRECHECK_FAIL]: -1
[PRECHECK_FAIL]: -1
[PRECHECK_FAIL]: -1
[PRECHECK_FAIL]: -1
[PRECHECK_FAIL]: -1
[PRECHECK_FAIL]: -1
[PRECHECK_FAIL]: -1
[PRECHECK_FAIL]: -1
[PRECHECK_FAIL]: -1
[PRECHECK_FAIL]: -1
[PRECHECK_FAIL]: -1
[PRECHECK_FAIL]: -1
[PRECHECK_FAIL]: -1
[PRECHECK_FAIL]: -1
[PRECHECK_FAIL]: -1
[PRECHECK_FAIL]: -1
[PRECHECK_FAIL]: -1
[PRECHECK_FAIL]: -1
[PRECHECK_FAIL]: -1
[PRECHECK_FAIL]: -1
[PRECHECK_FAIL]: -1
[PRECHECK_FAIL]: -1
[PRECHECK_FAIL]: -1
[PRECHECK_FAIL]: -1
[PRECHECK_FAIL]: -1
[PRECHECK_FAIL]: -1
[PRECHECK_FAIL]: -1
[PRECHECK_FAIL]: -1
[PRECHECK_FAIL]: -1
[PRECHECK_FAIL]: -1
[PRECHECK_FAIL]: -1
[PRECHECK_FAIL]: -1
[PRECHECK_FAIL]: -1
[PRECHECK_FAIL]: -1
[PRECHECK_FAIL]: -1
[PRECHECK_FAIL]: -1
[PRECHECK_FAIL]: -1
[PRECHECK_FAIL]: -1
[PRECHECK_FAIL]: -1
[PRECHECK_FAIL]: -1
[PRECHECK_FAIL]: -1
[PRECHECK_FAIL]: -1
[PRECHECK_FAIL]: -1
[PRECHECK_FAIL]: -1
[PRECHECK_FAIL]: -1
[PRECHECK_FAIL]: -1
[PRECHECK_FAIL]: -1
[PRECHECK_FAIL]: -1
[PRECHECK_FAIL]: -1
[PRECHECK_FAIL]: -1
[PRECHECK_FAIL]: -1
[PRECHECK_FAIL]: -1
[PRECHECK_FAIL]: -1
[PRECHECK_FAIL]: -1
[PRECHECK_FAIL]: -1
[PRECHECK_FAIL]: -1
[PRECHECK_FAIL]: -1
[PRECHECK_FAIL]: -1
[PRECHECK_FAIL]: -1
[PRECHECK_FAIL]: -1
[PRECHECK_FAIL]: -1
[PRECHECK_FAIL]: -1
[PRECHECK_FAIL]: -1
[PRECHECK_FAIL]: -1
[PRECHECK_FAIL]: -1
[PRECHECK_FAIL]: -1
[PRECHECK_FAIL]: -1
[PRECHECK_FAIL]: -1
[PRECHECK_FAIL]: -1
[PRECHECK_FAIL]: -1
[PRECHECK_FAIL]: -1
[PRECHECK_FAIL]: -1
[PRECHECK_FAIL]: -1
[PRECHECK_FAIL]: -1
[PRECHECK_FAIL]: -1
[PRECHECK_FAIL]: -1
[PRECHECK_FAIL]: -1
[PRECHECK_FAIL]: -1
[PRECHECK_FAIL]: -1
[PRECHECK_FAIL]: -1
[PRECHECK_FAIL]: -1
[PRECHECK_FAIL]: -1
[PRECHECK_FAIL]: -1
[PRECHECK_FAIL]: -1
[PRECHECK_FAIL]: -1
[PRECHECK_FAIL]: -1
[PRECHECK_FAIL]: -1
[PRECHECK_FAIL]: -1
[PRECHECK_FAIL]: -1
[PRECHECK_FAIL]: -1
[PRECHECK_FAIL]: -1
[PRECHECK_FAIL]: -1
[PRECHECK_FAIL]: -1
[PRECHECK_FAIL]: -1
[PRECHECK_FAIL]: -1
[PRECHECK_FAIL]: -1
[PRECHECK_FAIL]: -1
[PRECHECK_FAIL]: -1
[PRECHECK_FAIL]: -1
[PRECHECK_FAIL]: -1
[PRECHECK_FAIL]: -1
[PRECHECK_FAIL]: -1
[PRECHECK_FAIL]: -1
[PRECHECK_FAIL]: -1
[PRECHECK_FAIL]: -1
[PRECHECK_FAIL]: -1
[PRECHECK_FAIL]: -1
[PRECHECK_FAIL]: -1
[PRECHECK_FAIL]: -1
[PRECHECK_FAIL]: -1
[PRECHECK_FAIL]: -1
[PRECHECK_FAIL]: -1
[PRECHECK_FAIL]: -1
[PRECHECK_FAIL]: -1
[PRECHECK_FAIL]: -1
[PRECHECK_FAIL]: -1
[PRECHECK_FAIL]: -1
[PRECHECK_FAIL]: -1
[PRECHECK_FAIL]: -1
[PRECHECK_FAIL]: -1
[PRECHECK_FAIL]: -1
[PRECHECK_FAIL]: -1
[PRECHECK_FAIL]: -1
[PRECHECK_FAIL]: -1
[PRECHECK_FAIL]: -1
[PRECHECK_FAIL]: -1
[PRECHECK_FAIL]: -1
[PRECHECK_FAIL]: -1
[PRECHECK_FAIL]: -1
[PRECHECK_FAIL]: -1
[PRECHECK_FAIL]: -1
[PRECHECK_FAIL]: -1
[PRECHECK_FAIL]: -1
[PRECHECK_FAIL]: -1
[PRECHECK_FAIL]: -1
[PRECHECK_FAIL]: -1
[PRECHECK_FAIL]: -1
[PRECHECK_FAIL]: -1
[PRECHECK_FAIL]: -1
[PRECHECK_FAIL]: -1
[PRECHECK_FAIL]: -1
[PRECHECK_FAIL]: -1
[PRECHECK_FAIL]: -1
[PRECHECK_FAIL]: -1
[PRECHECK_FAIL]: -1
[PRECHECK_FAIL]: -1
[PRECHECK_FAIL]: -1
[PRECHECK_FAIL]: -1
[PRECHECK_FAIL]: -1
[PRECHECK_FAIL]: -1
[PRECHECK_FAIL]: -1
[PRECHECK_FAIL]: -1
[PRECHECK_FAIL]: -1
[PRECHECK_FAIL]: -1
[PRECHECK_FAIL]: -1
[PRECHECK_FAIL]: -1
[PRECHECK_FAIL]: -1
[PRECHECK_FAIL]: -1
[PRECHECK_FAIL]: -1
[PRECHECK_FAIL]: -1
[PRECHECK_FAIL]: -1
[PRECHECK_FAIL]: -1
[PRECHECK_FAIL]: -1
[PRECHECK_FAIL]: -1
[PRECHECK_FAIL]: -1
[PRECHECK_FAIL]: -1
[PRECHECK_FAIL]: -1
[PRECHECK_FAIL]: -1
[PRECHECK_FAIL]: -1
[PRECHECK_FAIL]: -1
[PRECHECK_FAIL]: -1
[PRECHECK_FAIL]: -1
[PRECHECK_FAIL]: -1
[PRECHECK_FAIL]: -1
[PRECHECK_FAIL]: -1
[PRECHECK_FAIL]: -1
[PRECHECK_FAIL]: -1
[PRECHECK_FAIL]: -1
[PRECHECK_FAIL]: -1
[PRECHECK_FAIL]: -1
[PRECHECK_FAIL]: -1
[PRECHECK_FAIL]: -1
[PRECHECK_FAIL]: -1
[PRECHECK_FAIL]: -1
[PRECHECK_FAIL]: -1
[PRECHECK_FAIL]: -1
[PRECHECK_FAIL]: -1
[PRECHECK_FAIL]: -1
[PRECHECK_FAIL]: -1
[PRECHECK_FAIL]: -1
[PRECHECK_FAIL]: -1
[PRECHECK_FAIL]: -1
[PRECHECK_FAIL]: -1
[PRECHECK_FAIL]: -1
[PRECHECK_FAIL]: -1
[PRECHECK_FAIL]: -1
[PRECHECK_FAIL]: -1
[PRECHECK_FAIL]: -1
[PRECHECK_FAIL]: -1
[PRECHECK_FAIL]: -1
[PRECHECK_FAIL]: -1
[PRECHECK_FAIL]: -1
[PRECHECK_FAIL]: -1
[PRECHECK_FAIL]: -1
[PRECHECK_FAIL]: -1
[PRECHECK_FAIL]: -1
[PRECHECK_FAIL]: -1
[PRECHECK_FAIL]: -1
[PRECHECK_FAIL]: -1
[PRECHECK_FAIL]: -1
[PRECHECK_FAIL]: -1
[PRECHECK_FAIL]: -1
[PRECHECK_FAIL]: -1
[PRECHECK_FAIL]: -1
[PRECHECK_FAIL]: -1
[PRECHECK_FAIL]: -1
[PRECHECK_FAIL]: -1
[PRECHECK_FAIL]: -1
[PRECHECK_FAIL]: -1
[PRECHECK_FAIL]: -1
[PRECHECK_FAIL]: -1
[PRECHECK_FAIL]: -1
[PRECHECK_FAIL]: -1
[PRECHECK_FAIL]: -1
[PRECHECK_FAIL]: -1
[PRECHECK_FAIL]: -1
[PRECHECK_FAIL]: -1
[PRECHECK_FAIL]: -1
[PRECHECK_FAIL]: -1
[PRECHECK_FAIL]: -1
[PRECHECK_FAIL]: -1
[PRECHECK_FAIL]: -1
[PRECHECK_FAIL]: -1
[PRECHECK_FAIL]: -1
[PRECHECK_FAIL]: -1
[PRECHECK_FAIL]: -1
[PRECHECK_FAIL]: -1
[PRECHECK_FAIL]: -1
[PRECHECK_FAIL]: -1
[PRECHECK_FAIL]: -1
[PRECHECK_FAIL]: -1
[PRECHECK_FAIL]: -1
[PRECHECK_FAIL]: -1
[PRECHECK_FAIL]: -1
[PRECHECK_FAIL]: -1
[PRECHECK_FAIL]: -1
[PRECHECK_FAIL]: -1
[PRECHECK_FAIL]: -1
[PRECHECK_FAIL]: -1
[PRECHECK_FAIL]: -1
[PRECHECK_FAIL]: -1
[PRECHECK_FAIL]: -1
[PRECHECK_FAIL]: -1
[PRECHECK_FAIL]: -1
[PRECHECK_FAIL]: -1
[PRECHECK_FAIL]: -1
[PRECHECK_FAIL]: -1
[PRECHECK_FAIL]: -1
[PRECHECK_FAIL]: -1
[PRECHECK_FAIL]: -1
[PRECHECK_FAIL]: -1
[PRECHECK_FAIL]: -1
[PRECHECK_FAIL]: -1
[PRECHECK_FAIL]: -1
[PRECHECK_FAIL]: -1
[PRECHECK_FAIL]: -1
[PRECHECK_FAIL]: -1
[PRECHECK_FAIL]: -1
[PRECHECK_FAIL]: -1
[PRECHECK_FAIL]: -1
[PRECHECK_FAIL]: -1
[PRECHECK_FAIL]: -1
[PRECHECK_FAIL]: -1
[PRECHECK_FAIL]: -1
[PRECHECK_FAIL]: -1
[PRECHECK_FAIL]: -1
[PRECHECK_FAIL]: -1
[PRECHECK_FAIL]: -1
[PRECHECK_FAIL]: -1
[PRECHECK_FAIL]: -1
[PRECHECK_FAIL]: -1
[PRECHECK_FAIL]: -1
[PRECHECK_FAIL]: -1
[PRECHECK_FAIL]: -1
[PRECHECK_FAIL]: -1
[PRECHECK_FAIL]: -1
[PRECHECK_FAIL]: -1
[PRECHECK_FAIL]: -1
[PRECHECK_FAIL]: -1
[PRECHECK_FAIL]: -1
[PRECHECK_FAIL]: -1
[PRECHECK_FAIL]: -1
[PRECHECK_FAIL]: -1
[PRECHECK_FAIL]: -1
[PRECHECK_FAIL]: -1
[PRECHECK_FAIL]: -1
[PRECHECK_FAIL]: -1
[PRECHECK_FAIL]: -1
[PRECHECK_FAIL]: -1
[PRECHECK_FAIL]: -1
[PRECHECK_FAIL]: -1
[PRECHECK_FAIL]: -1
[PRECHECK_FAIL]: -1
[PRECHECK_FAIL]: -1
[PRECHECK_FAIL]: -1
[PRECHECK_FAIL]: -1
[PRECHECK_FAIL]: -1
[PRECHECK_FAIL]: -1
[PRECHECK_FAIL]: -1
[PRECHECK_FAIL]: -1
[PRECHECK_FAIL]: -1
[PRECHECK_FAIL]: -1
[PRECHECK_FAIL]: -1
[PRECHECK_FAIL]: -1
[PRECHECK_FAIL]: -1
[PRECHECK_FAIL]: -1
[PRECHECK_FAIL]: -1
[PRECHECK_FAIL]: -1
[PRECHECK_FAIL]: -1
[PRECHECK_FAIL]: -1
[PRECHECK_FAIL]: -1
[PRECHECK_FAIL]: -1
[PRECHECK_FAIL]: -1
[PRECHECK_FAIL]: -1
[PRECHECK_FAIL]: -1
[PRECHECK_FAIL]: -1
[PRECHECK_FAIL]: -1
[PRECHECK_FAIL]: -1
[PRECHECK_FAIL]: -1
[PRECHECK_FAIL]: -1
[PRECHECK_FAIL]: -1
[PRECHECK_FAIL]: -1
[PRECHECK_FAIL]: -1
[PRECHECK_FAIL]: -1
[PRECHECK_FAIL]: -1
[PRECHECK_FAIL]: -1
[PRECHECK_FAIL]: -1
[PRECHECK_FAIL]: -1
[PRECHECK_FAIL]: -1
[PRECHECK_FAIL]: -1
[PRECHECK_FAIL]: -1
[PRECHECK_FAIL]: -1
[PRECHECK_FAIL]: -1
[PRECHECK_FAIL]: -1
[PRECHECK_FAIL]: -1
[PRECHECK_FAIL]: -1
[PRECHECK_FAIL]: -1
[PRECHECK_FAIL]: -1
[PRECHECK_FAIL]: -1
[PRECHECK_FAIL]: -1
[PRECHECK_FAIL]: -1
[PRECHECK_FAIL]: -1
[PRECHECK_FAIL]: -1
[PRECHECK_FAIL]: -1
[PRECHECK_FAIL]: -1
[PRECHECK_FAIL]: -1
[PRECHECK_FAIL]: -1
[PRECHECK_FAIL]: -1
[PRECHECK_FAIL]: -1
[PRECHECK_FAIL]: -1
[PRECHECK_FAIL]: -1
[PRECHECK_FAIL]: -1
[PRECHECK_FAIL]: -1
[PRECHECK_FAIL]: -1
[PRECHECK_FAIL]: -1
[PRECHECK_FAIL]: -1
[PRECHECK_FAIL]: -1
[PRECHECK_FAIL]: -1
[PRECHECK_FAIL]: -1
[PRECHECK_FAIL]: -1
[PRECHECK_FAIL]: -1
[PRECHECK_FAIL]: -1
[PRECHECK_FAIL]: -1
[PRECHECK_FAIL]: -1
[PRECHECK_FAIL]: -1
[PRECHECK_FAIL]: -1
[PRECHECK_FAIL]: -1
[PRECHECK_FAIL]: -1
[PRECHECK_FAIL]: -1
[PRECHECK_FAIL]: -1
[PRECHECK_FAIL]: -1
[PRECHECK_FAIL]: -1
[PRECHECK_FAIL]: -1
[PRECHECK_FAIL]: -1
[PRECHECK_FAIL]: -1
[PRECHECK_FAIL]: -1
[PRECHECK_FAIL]: -1
[PRECHECK_FAIL]: -1
[PRECHECK_FAIL]: -1
[PRECHECK_FAIL]: -1
[PRECHECK_FAIL]: -1
[PRECHECK_FAIL]: -1
[PRECHECK_FAIL]: -1
[PRECHECK_FAIL]: -1
[PRECHECK_FAIL]: -1
[PRECHECK_FAIL]: -1
[PRECHECK_FAIL]: -1
[PRECHECK_FAIL]: -1
[PRECHECK_FAIL]: -1
[PRECHECK_FAIL]: -1
[PRECHECK_FAIL]: -1
[PRECHECK_FAIL]: -1
[PRECHECK_FAIL]: -1
[PRECHECK_FAIL]: -1
[PRECHECK_FAIL]: -1
[PRECHECK_FAIL]: -1
[PRECHECK_FAIL]: -1
[PRECHECK_FAIL]: -1
[PRECHECK_FAIL]: -1
[PRECHECK_FAIL]: -1
[PRECHECK_FAIL]: -1
[PRECHECK_FAIL]: -1
[PRECHECK_FAIL]: -1
[PRECHECK_FAIL]: -1
[PRECHECK_FAIL]: -1
[PRECHECK_FAIL]: -1
[PRECHECK_FAIL]: -1
[PRECHECK_FAIL]: -1
[PRECHECK_FAIL]: -1
[PRECHECK_FAIL]: -1
[PRECHECK_FAIL]: -1
[PRECHECK_FAIL]: -1
[PRECHECK_FAIL]: -1
[PRECHECK_FAIL]: -1
[PRECHECK_FAIL]: -1
[PRECHECK_FAIL]: -1
[PRECHECK_FAIL]: -1
[PRECHECK_FAIL]: -1
[PRECHECK_FAIL]: -1
[PRECHECK_FAIL]: -1
[PRECHECK_FAIL]: -1
[PRECHECK_FAIL]: -1
[PRECHECK_FAIL]: -1
[PRECHECK_FAIL]: -1
[PRECHECK_FAIL]: -1
[PRECHECK_FAIL]: -1
[PRECHECK_FAIL]: -1
[PRECHECK_FAIL]: -1
[PRECHECK_FAIL]: -1
[PRECHECK_FAIL]: -1
[PRECHECK_FAIL]: -1
[PRECHECK_FAIL]: -1
[PRECHECK_FAIL]: -1
[PRECHECK_FAIL]: -1
[PRECHECK_FAIL]: -1
[PRECHECK_FAIL]: -1
[PRECHECK_FAIL]: -1
[PRECHECK_FAIL]: -1
[PRECHECK_FAIL]: -1
[PRECHECK_FAIL]: -1
[PRECHECK_FAIL]: -1
[PRECHECK_FAIL]: -1
[PRECHECK_FAIL]: -1
[PRECHECK_FAIL]: -1
[PRECHECK_FAIL]: -1
[PRECHECK_FAIL]: -1
[PRECHECK_FAIL]: -1
[PRECHECK_FAIL]: -1
[PRECHECK_FAIL]: -1
[PRECHECK_FAIL]: -1
[PRECHECK_FAIL]: -1
[PRECHECK_FAIL]: -1
[PRECHECK_FAIL]: -1
[PRECHECK_FAIL]: -1
[PRECHECK_FAIL]: -1
[PRECHECK_FAIL]: -1
[PRECHECK_FAIL]: -1
[PRECHECK_FAIL]: -1
[PRECHECK_FAIL]: -1
[PRECHECK_FAIL]: -1
[PRECHECK_FAIL]: -1
[PRECHECK_FAIL]: -1
[PRECHECK_FAIL]: -1
[PRECHECK_FAIL]: -1
[PRECHECK_FAIL]: -1
[PRECHECK_FAIL]: -1
[PRECHECK_FAIL]: -1
[PRECHECK_FAIL]: -1
[PRECHECK_FAIL]: -1
[PRECHECK_FAIL]: -1
[PRECHECK_FAIL]: -1
[PRECHECK_FAIL]: -1
[PRECHECK_FAIL]: -1
[PRECHECK_FAIL]: -1
[PRECHECK_FAIL]: -1
[PRECHECK_FAIL]: -1
[PRECHECK_FAIL]: -1
[PRECHECK_FAIL]: -1
[PRECHECK_FAIL]: -1
[PRECHECK_FAIL]: -1
[PRECHECK_FAIL]: -1
[PRECHECK_FAIL]: -1
[PRECHECK_FAIL]: -1
[PRECHECK_FAIL]: -1
[PRECHECK_FAIL]: -1
[PRECHECK_FAIL]: -1
[PRECHECK_FAIL]: -1
[PRECHECK_FAIL]: -1
[PRECHECK_FAIL]: -1
[PRECHECK_FAIL]: -1
[PRECHECK_FAIL]: -1
[PRECHECK_FAIL]: -1
[PRECHECK_FAIL]: -1
[PRECHECK_FAIL]: -1
[PRECHECK_FAIL]: -1
[PRECHECK_FAIL]: -1
[PRECHECK_FAIL]: -1
[PRECHECK_FAIL]: -1
[PRECHECK_FAIL]: -1
[PRECHECK_FAIL]: -1
[PRECHECK_FAIL]: -1
[PRECHECK_FAIL]: -1
[PRECHECK_FAIL]: -1
[PRECHECK_FAIL]: -1
[PRECHECK_FAIL]: -1
[PRECHECK_FAIL]: -1
[PRECHECK_FAIL]: -1
[PRECHECK_FAIL]: -1
[PRECHECK_FAIL]: -1
[PRECHECK_FAIL]: -1
[PRECHECK_FAIL]: -1
[PRECHECK_FAIL]: -1
[PRECHECK_FAIL]: -1
[PRECHECK_FAIL]: -1
[PRECHECK_FAIL]: -1
[PRECHECK_FAIL]: -1
[PRECHECK_FAIL]: -1
[PRECHECK_FAIL]: -1
[PRECHECK_FAIL]: -1
[PRECHECK_FAIL]: -1
[PRECHECK_FAIL]: -1
[PRECHECK_FAIL]: -1
[PRECHECK_FAIL]: -1
[PRECHECK_FAIL]: -1
[PRECHECK_FAIL]: -1
[PRECHECK_FAIL]: -1
[PRECHECK_FAIL]: -1
[PRECHECK_FAIL]: -1
[PRECHECK_FAIL]: -1
[PRECHECK_FAIL]: -1
[PRECHECK_FAIL]: -1
[PRECHECK_FAIL]: -1
[PRECHECK_FAIL]: -1
[PRECHECK_FAIL]: -1
[PRECHECK_FAIL]: -1
[PRECHECK_FAIL]: -1
[PRECHECK_FAIL]: -1
[PRECHECK_FAIL]: -1
[PRECHECK_FAIL]: -1
[PRECHECK_FAIL]: -1
[PRECHECK_FAIL]: -1
[PRECHECK_FAIL]: -1
[PRECHECK_FAIL]: -1
[PRECHECK_FAIL]: -1
[PRECHECK_FAIL]: -1
[PRECHECK_FAIL]: -1
[PRECHECK_FAIL]: -1
[PRECHECK_FAIL]: -1
[PRECHECK_FAIL]: -1
[PRECHECK_FAIL]: -1
[PRECHECK_FAIL]: -1
[PRECHECK_FAIL]: -1
[PRECHECK_FAIL]: -1
[PRECHECK_FAIL]: -1
[PRECHECK_FAIL]: -1
[PRECHECK_FAIL]: -1
[PRECHECK_FAIL]: -1
[PRECHECK_FAIL]: -1
[PRECHECK_FAIL]: -1
[PRECHECK_FAIL]: -1
[PRECHECK_FAIL]: -1
[PRECHECK_FAIL]: -1
[PRECHECK_FAIL]: -1
[PRECHECK_FAIL]: -1
[PRECHECK_FAIL]: -1
[PRECHECK_FAIL]: -1
[PRECHECK_FAIL]: -1
[PRECHECK_FAIL]: -1
[PRECHECK_FAIL]: -1
[PRECHECK_FAIL]: -1
[PRECHECK_FAIL]: -1
[PRECHECK_FAIL]: -1
[PRECHECK_FAIL]: -1
[PRECHECK_FAIL]: -1
[PRECHECK_FAIL]: -1
[PRECHECK_FAIL]: -1
[PRECHECK_FAIL]: -1
[PRECHECK_FAIL]: -1
[PRECHECK_FAIL]: -1
[PRECHECK_FAIL]: -1
[PRECHECK_FAIL]: -1
[PRECHECK_FAIL]: -1
[PRECHECK_FAIL]: -1
[PRECHECK_FAIL]: -1
[PRECHECK_FAIL]: -1
[PRECHECK_FAIL]: -1
[PRECHECK_FAIL]: -1
[PRECHECK_FAIL]: -1
[PRECHECK_FAIL]: -1
[PRECHECK_FAIL]: -1
[PRECHECK_FAIL]: -1
[PRECHECK_FAIL]: -1
[PRECHECK_FAIL]: -1
[PRECHECK_FAIL]: -1
[PRECHECK_FAIL]: -1
[PRECHECK_FAIL]: -1
[PRECHECK_FAIL]: -1
[PRECHECK_FAIL]: -1
[PRECHECK_FAIL]: -1
[PRECHECK_FAIL]: -1
[PRECHECK_FAIL]: -1
[PRECHECK_FAIL]: -1
[PRECHECK_FAIL]: -1
[PRECHECK_FAIL]: -1
[PRECHECK_FAIL]: -1
[PRECHECK_FAIL]: -1
[PRECHECK_FAIL]: -1
[PRECHECK_FAIL]: -1
[PRECHECK_FAIL]: -1
[PRECHECK_FAIL]: -1
[PRECHECK_FAIL]: -1
[PRECHECK_FAIL]: -1
[PRECHECK_FAIL]: -1
[PRECHECK_FAIL]: -1
[PRECHECK_FAIL]: -1
[PRECHECK_FAIL]: -1
[PRECHECK_FAIL]: -1
[PRECHECK_FAIL]: -1
[PRECHECK_FAIL]: -1
[PRECHECK_FAIL]: -1
[PRECHECK_FAIL]: -1
[PRECHECK_FAIL]: -1
[PRECHECK_FAIL]: -1
[PRECHECK_FAIL]: -1
[PRECHECK_FAIL]: -1
[PRECHECK_FAIL]: -1
[PRECHECK_FAIL]: -1
[PRECHECK_FAIL]: -1
[PRECHECK_FAIL]: -1
[PRECHECK_FAIL]: -1
[PRECHECK_FAIL]: -1
[PRECHECK_FAIL]: -1
[PRECHECK_FAIL]: -1
[PRECHECK_FAIL]: -1
[PRECHECK_FAIL]: -1
[PRECHECK_FAIL]: -1
[PRECHECK_FAIL]: -1
[PRECHECK_FAIL]: -1
[PRECHECK_FAIL]: -1
[PRECHECK_FAIL]: -1
[PRECHECK_FAIL]: -1
[PRECHECK_FAIL]: -1
[PRECHECK_FAIL]: -1
[PRECHECK_FAIL]: -1
[PRECHECK_FAIL]: -1
[PRECHECK_FAIL]: -1
[PRECHECK_FAIL]: -1
[PRECHECK_FAIL]: -1
[PRECHECK_FAIL]: -1
[PRECHECK_FAIL]: -1
[PRECHECK_FAIL]: -1
[PRECHECK_FAIL]: -1
[PRECHECK_FAIL]: -1
[PRECHECK_FAIL]: -1
[PRECHECK_FAIL]: -1
[PRECHECK_FAIL]: -1
[PRECHECK_FAIL]: -1
[PRECHECK_FAIL]: -1
[PRECHECK_FAIL]: -1
[PRECHECK_FAIL]: -1
[PRECHECK_FAIL]: -1
[PRECHECK_FAIL]: -1
[PRECHECK_FAIL]: -1
[PRECHECK_FAIL]: -1
[PRECHECK_FAIL]: -1
[PRECHECK_FAIL]: -1
[PRECHECK_FAIL]: -1
[PRECHECK_FAIL]: -1
[PRECHECK_FAIL]: -1
[PRECHECK_FAIL]: -1
[PRECHECK_FAIL]: -1
[PRECHECK_FAIL]: -1
[PRECHECK_FAIL]: -1
[PRECHECK_FAIL]: -1
[PRECHECK_FAIL]: -1
[PRECHECK_FAIL]: -1
[PRECHECK_FAIL]: -1
[PRECHECK_FAIL]: -1
[PRECHECK_FAIL]: -1
[PRECHECK_FAIL]: -1
[PRECHECK_FAIL]: -1
[PRECHECK_FAIL]: -1
[PRECHECK_FAIL]: -1
[PRECHECK_FAIL]: -1
[PRECHECK_FAIL]: -1
[PRECHECK_FAIL]: -1
[PRECHECK_FAIL]: -1
[PRECHECK_FAIL]: -1
[PRECHECK_FAIL]: -1
[PRECHECK_FAIL]: -1
[PRECHECK_FAIL]: -1
[PRECHECK_FAIL]: -1
[PRECHECK_FAIL]: -1
[PRECHECK_FAIL]: -1
[PRECHECK_FAIL]: -1
[PRECHECK_FAIL]: -1
[PRECHECK_FAIL]: -1
[PRECHECK_FAIL]: -1
[PRECHECK_FAIL]: -1
[PRECHECK_FAIL]: -1
[PRECHECK_FAIL]: -1
[PRECHECK_FAIL]: -1
[PRECHECK_FAIL]: -1
[PRECHECK_FAIL]: -1
[PRECHECK_FAIL]: -1
[PRECHECK_FAIL]: -1
[PRECHECK_FAIL]: -1
[PRECHECK_FAIL]: -1
[PRECHECK_FAIL]: -1
[PRECHECK_FAIL]: -1
[PRECHECK_FAIL]: -1
[PRECHECK_FAIL]: -1
[PRECHECK_FAIL]: -1
[PRECHECK_FAIL]: -1
[PRECHECK_FAIL]: -1
[PRECHECK_FAIL]: -1
[PRECHECK_FAIL]: -1
[PRECHECK_FAIL]: -1
[PRECHECK_FAIL]: -1
[PRECHECK_FAIL]: -1
[PRECHECK_FAIL]: -1
[PRECHECK_FAIL]: -1
[PRECHECK_FAIL]: -1
[PRECHECK_FAIL]: -1
[PRECHECK_FAIL]: -1
[PRECHECK_FAIL]: -1
[PRECHECK_FAIL]: -1
[PRECHECK_FAIL]: -1
[PRECHECK_FAIL]: -1
[PRECHECK_FAIL]: -1
[PRECHECK_FAIL]: -1
[PRECHECK_FAIL]: -1
[PRECHECK_FAIL]: -1
[PRECHECK_FAIL]: -1
[PRECHECK_FAIL]: -1
[PRECHECK_FAIL]: -1
[PRECHECK_FAIL]: -1
[PRECHECK_FAIL]: -1
[PRECHECK_FAIL]: -1
[PRECHECK_FAIL]: -1
[PRECHECK_FAIL]: -1
[PRECHECK_FAIL]: -1
[PRECHECK_FAIL]: -1
[PRECHECK_FAIL]: -1
[PRECHECK_FAIL]: -1
[PRECHECK_FAIL]: -1
[PRECHECK_FAIL]: -1
[PRECHECK_FAIL]: -1
[PRECHECK_FAIL]: -1
[PRECHECK_FAIL]: -1
[PRECHECK_FAIL]: -1
[PRECHECK_FAIL]: -1
[PRECHECK_FAIL]: -1
[PRECHECK_FAIL]: -1
[PRECHECK_FAIL]: -1
[PRECHECK_FAIL]: -1
[PRECHECK_FAIL]: -1
[PRECHECK_FAIL]: -1
[PRECHECK_FAIL]: -1
[PRECHECK_FAIL]: -1
[PRECHECK_FAIL]: -1
[PRECHECK_FAIL]: -1
[PRECHECK_FAIL]: -1
[PRECHECK_FAIL]: -1
[PRECHECK_FAIL]: -1
[PRECHECK_FAIL]: -1
[PRECHECK_FAIL]: -1
[PRECHECK_FAIL]: -1
[PRECHECK_FAIL]: -1
[PRECHECK_FAIL]: -1
[PRECHECK_FAIL]: -1
[PRECHECK_FAIL]: -1
[PRECHECK_FAIL]: -1
[PRECHECK_FAIL]: -1
[PRECHECK_FAIL]: -1
[PRECHECK_FAIL]: -1
[PRECHECK_FAIL]: -1
[PRECHECK_FAIL]: -1
[PRECHECK_FAIL]: -1
[PRECHECK_FAIL]: -1
[PRECHECK_FAIL]: -1
[PRECHECK_FAIL]: -1
[PRECHECK_FAIL]: -1
[PRECHECK_FAIL]: -1
[PRECHECK_FAIL]: -1
[PRECHECK_FAIL]: -1
[PRECHECK_FAIL]: -1
[PRECHECK_FAIL]: -1
[PRECHECK_FAIL]: -1
[PRECHECK_FAIL]: -1
[PRECHECK_FAIL]: -1
[PRECHECK_FAIL]: -1
[PRECHECK_FAIL]: -1
[PRECHECK_FAIL]: -1
[PRECHECK_FAIL]: -1
[PRECHECK_FAIL]: -1
[PRECHECK_FAIL]: -1
[PRECHECK_FAIL]: -1
[PRECHECK_FAIL]: -1
[PRECHECK_FAIL]: -1
[PRECHECK_FAIL]: -1
[PRECHECK_FAIL]: -1
[PRECHECK_FAIL]: -1
[PRECHECK_FAIL]: -1
[PRECHECK_FAIL]: -1
[PRECHECK_FAIL]: -1
[PRECHECK_FAIL]: -1
[PRECHECK_FAIL]: -1
[PRECHECK_FAIL]: -1
[PRECHECK_FAIL]: -1
[PRECHECK_FAIL]: -1
[PRECHECK_FAIL]: -1
[PRECHECK_FAIL]: -1
[PRECHECK_FAIL]: -1
[PRECHECK_FAIL]: -1
[PRECHECK_FAIL]: -1
[PRECHECK_FAIL]: -1
[PRECHECK_FAIL]: -1
[PRECHECK_FAIL]: -1
[PRECHECK_FAIL]: -1
[PRECHECK_FAIL]: -1
[PRECHECK_FAIL]: -1
[PRECHECK_FAIL]: -1
[PRECHECK_FAIL]: -1
[PRECHECK_FAIL]: -1
[PRECHECK_FAIL]: -1
[PRECHECK_FAIL]: -1
[PRECHECK_FAIL]: -1
[PRECHECK_FAIL]: -1
[PRECHECK_FAIL]: -1
[PRECHECK_FAIL]: -1
[PRECHECK_FAIL]: -1
[PRECHECK_FAIL]: -1
[PRECHECK_FAIL]: -1
[PRECHECK_FAIL]: -1
[PRECHECK_FAIL]: -1
[PRECHECK_FAIL]: -1
[PRECHECK_FAIL]: -1
[PRECHECK_FAIL]: -1
[PRECHECK_FAIL]: -1
[PRECHECK_FAIL]: -1
[PRECHECK_FAIL]: -1
[PRECHECK_FAIL]: -1
[PRECHECK_FAIL]: -1
[PRECHECK_FAIL]: -1
[PRECHECK_FAIL]: -1
[PRECHECK_FAIL]: -1
[PRECHECK_FAIL]: -1
[PRECHECK_FAIL]: -1
[PRECHECK_FAIL]: -1
[PRECHECK_FAIL]: -1
[PRECHECK_FAIL]: -1
[PRECHECK_FAIL]: -1
[PRECHECK_FAIL]: -1
[PRECHECK_FAIL]: -1
[PRECHECK_FAIL]: -1
[PRECHECK_FAIL]: -1
[PRECHECK_FAIL]: -1
[PRECHECK_FAIL]: -1
[PRECHECK_FAIL]: -1
[PRECHECK_FAIL]: -1
[PRECHECK_FAIL]: -1
[PRECHECK_FAIL]: -1
[PRECHECK_FAIL]: -1
[PRECHECK_FAIL]: -1
[PRECHECK_FAIL]: -1
[PRECHECK_FAIL]: -1
[PRECHECK_FAIL]: -1
[PRECHECK_FAIL]: -1
[PRECHECK_FAIL]: -1
[PRECHECK_FAIL]: -1
[PRECHECK_FAIL]: -1
[PRECHECK_FAIL]: -1
[PRECHECK_FAIL]: -1
[PRECHECK_FAIL]: -1
[PRECHECK_FAIL]: -1
[PRECHECK_FAIL]: -1
[PRECHECK_FAIL]: -1
[PRECHECK_FAIL]: -1
[PRECHECK_FAIL]: -1
[PRECHECK_FAIL]: -1
[PRECHECK_FAIL]: -1
[PRECHECK_FAIL]: -1
[PRECHECK_FAIL]: -1
[PRECHECK_FAIL]: -1
[PRECHECK_FAIL]: -1
[PRECHECK_FAIL]: -1
[PRECHECK_FAIL]: -1
[PRECHECK_FAIL]: -1
[PRECHECK_FAIL]: -1
[PRECHECK_FAIL]: -1
[PRECHECK_FAIL]: -1
[PRECHECK_FAIL]: -1
[PRECHECK_FAIL]: -1
[PRECHECK_FAIL]: -1
[PRECHECK_FAIL]: -1
[PRECHECK_FAIL]: -1
[PRECHECK_FAIL]: -1
[PRECHECK_FAIL]: -1
[PRECHECK_FAIL]: -1
[PRECHECK_FAIL]: -1
[PRECHECK_FAIL]: -1
[PRECHECK_FAIL]: -1
[PRECHECK_FAIL]: -1
[PRECHECK_FAIL]: -1
[PRECHECK_FAIL]: -1
[PRECHECK_FAIL]: -1
[PRECHECK_FAIL]: -1
[PRECHECK_FAIL]: -1
[PRECHECK_FAIL]: -1
[PRECHECK_FAIL]: -1
[PRECHECK_FAIL]: -1
[PRECHECK_FAIL]: -1
[PRECHECK_FAIL]: -1
[PRECHECK_FAIL]: -1
[PRECHECK_FAIL]: -1
[PRECHECK_FAIL]: -1
[PRECHECK_FAIL]: -1
[PRECHECK_FAIL]: -1
[PRECHECK_FAIL]: -1
[PRECHECK_FAIL]: -1
[PRECHECK_FAIL]: -1
[PRECHECK_FAIL]: -1
[PRECHECK_FAIL]: -1
[PRECHECK_FAIL]: -1
[PRECHECK_FAIL]: -1
[PRECHECK_FAIL]: -1
[PRECHECK_FAIL]: -1
[PRECHECK_FAIL]: -1
[PRECHECK_FAIL]: -1
[PRECHECK_FAIL]: -1
[PRECHECK_FAIL]: -1
[PRECHECK_FAIL]: -1
[PRECHECK_FAIL]: -1
[PRECHECK_FAIL]: -1
[PRECHECK_FAIL]: -1
[PRECHECK_FAIL]: -1
[PRECHECK_FAIL]: -1
[PRECHECK_FAIL]: -1
[PRECHECK_FAIL]: -1
[PRECHECK_FAIL]: -1
[PRECHECK_FAIL]: -1
[PRECHECK_FAIL]: -1
[PRECHECK_FAIL]: -1
[PRECHECK_FAIL]: -1
[PRECHECK_FAIL]: -1
[PRECHECK_FAIL]: -1
[PRECHECK_FAIL]: -1
[PRECHECK_FAIL]: -1
[PRECHECK_FAIL]: -1
[PRECHECK_FAIL]: -1
[PRECHECK_FAIL]: -1
[PRECHECK_FAIL]: -1
[PRECHECK_FAIL]: -1
[PRECHECK_FAIL]: -1
[PRECHECK_FAIL]: -1
[PRECHECK_FAIL]: -1
[PRECHECK_FAIL]: -1
[PRECHECK_FAIL]: -1
[PRECHECK_FAIL]: -1
[PRECHECK_FAIL]: -1
[PRECHECK_FAIL]: -1
[PRECHECK_FAIL]: -1
[PRECHECK_FAIL]: -1
[PRECHECK_FAIL]: -1
[PRECHECK_FAIL]: -1
[PRECHECK_FAIL]: -1
[PRECHECK_FAIL]: -1
[PRECHECK_FAIL]: -1
[PRECHECK_FAIL]: -1
[PRECHECK_FAIL]: -1
[PRECHECK_FAIL]: -1
[PRECHECK_FAIL]: -1
[PRECHECK_FAIL]: -1
[PRECHECK_FAIL]: -1
[PRECHECK_FAIL]: -1
[PRECHECK_FAIL]: -1
[PRECHECK_FAIL]: -1
[PRECHECK_FAIL]: -1
[PRECHECK_FAIL]: -1
[PRECHECK_FAIL]: -1
[PRECHECK_FAIL]: -1
[PRECHECK_FAIL]: -1
[PRECHECK_FAIL]: -1
[PRECHECK_FAIL]: -1
[PRECHECK_FAIL]: -1
[PRECHECK_FAIL]: -1
[PRECHECK_FAIL]: -1
[PRECHECK_FAIL]: -1
[PRECHECK_FAIL]: -1
[PRECHECK_FAIL]: -1
[PRECHECK_FAIL]: -1
[PRECHECK_FAIL]: -1
[PRECHECK_FAIL]: -1
[PRECHECK_FAIL]: -1
[PRECHECK_FAIL]: -1
[PRECHECK_FAIL]: -1
[PRECHECK_FAIL]: -1
[PRECHECK_FAIL]: -1
[PRECHECK_FAIL]: -1
[PRECHECK_FAIL]: -1
[PRECHECK_FAIL]: -1
[PRECHECK_FAIL]: -1
[PRECHECK_FAIL]: -1
[PRECHECK_FAIL]: -1
[PRECHECK_FAIL]: -1
[PRECHECK_FAIL]: -1
[PRECHECK_FAIL]: -1
[PRECHECK_FAIL]: -1
[PRECHECK_FAIL]: -1
[PRECHECK_FAIL]: -1
[PRECHECK_FAIL]: -1
[PRECHECK_FAIL]: -1
[PRECHECK_FAIL]: -1
[PRECHECK_FAIL]: -1
[PRECHECK_FAIL]: -1
[PRECHECK_FAIL]: -1
[PRECHECK_FAIL]: -1
[PRECHECK_FAIL]: -1
[PRECHECK_FAIL]: -1
[PRECHECK_FAIL]: -1
[PRECHECK_FAIL]: -1
[PRECHECK_FAIL]: -1
[PRECHECK_FAIL]: -1
[PRECHECK_FAIL]: -1
[PRECHECK_FAIL]: -1
[PRECHECK_FAIL]: -1
[PRECHECK_FAIL]: -1
[PRECHECK_FAIL]: -1
[PRECHECK_FAIL]: -1
[PRECHECK_FAIL]: -1
[PRECHECK_FAIL]: -1
[PRECHECK_FAIL]: -1
[PRECHECK_FAIL]: -1
[PRECHECK_FAIL]: -1
[PRECHECK_FAIL]: -1
[PRECHECK_FAIL]: -1
[PRECHECK_FAIL]: -1
[PRECHECK_FAIL]: -1
[PRECHECK_FAIL]: -1
[PRECHECK_FAIL]: -1
[PRECHECK_FAIL]: -1
[PRECHECK_FAIL]: -1
[PRECHECK_FAIL]: -1
[PRECHECK_FAIL]: -1
[PRECHECK_FAIL]: -1
[PRECHECK_FAIL]: -1
[PRECHECK_FAIL]: -1
[PRECHECK_FAIL]: -1
[PRECHECK_FAIL]: -1
[PRECHECK_FAIL]: -1
[PRECHECK_FAIL]: -1
[PRECHECK_FAIL]: -1
[PRECHECK_FAIL]: -1
[PRECHECK_FAIL]: -1
[PRECHECK_FAIL]: -1
[PRECHECK_FAIL]: -1
[PRECHECK_FAIL]: -1
[PRECHECK_FAIL]: -1
[PRECHECK_FAIL]: -1
[PRECHECK_FAIL]: -1
[PRECHECK_FAIL]: -1
[PRECHECK_FAIL]: -1
[PRECHECK_FAIL]: -1
[PRECHECK_FAIL]: -1
[PRECHECK_FAIL]: -1
[PRECHECK_FAIL]: -1
[PRECHECK_FAIL]: -1
[PRECHECK_FAIL]: -1
[PRECHECK_FAIL]: -1
[PRECHECK_FAIL]: -1
[PRECHECK_FAIL]: -1
[PRECHECK_FAIL]: -1
[PRECHECK_FAIL]: -1
[PRECHECK_FAIL]: -1
[PRECHECK_FAIL]: -1
[PRECHECK_FAIL]: -1
[PRECHECK_FAIL]: -1
[PRECHECK_FAIL]: -1
[PRECHECK_FAIL]: -1
[PRECHECK_FAIL]: -1
[PRECHECK_FAIL]: -1
[PRECHECK_FAIL]: -1
[PRECHECK_FAIL]: -1
[PRECHECK_FAIL]: -1
[PRECHECK_FAIL]: -1
[PRECHECK_FAIL]: -1
[PRECHECK_FAIL]: -1
[PRECHECK_FAIL]: -1
[PRECHECK_FAIL]: -1
[PRECHECK_FAIL]: -1
[PRECHECK_FAIL]: -1
[PRECHECK_FAIL]: -1
[PRECHECK_FAIL]: -1
[PRECHECK_FAIL]: -1
[PRECHECK_FAIL]: -1
[PRECHECK_FAIL]: -1
[PRECHECK_FAIL]: -1
[PRECHECK_FAIL]: -1
[PRECHECK_FAIL]: -1
[PRECHECK_FAIL]: -1
[PRECHECK_FAIL]: -1
[PRECHECK_FAIL]: -1
[PRECHECK_FAIL]: -1
[PRECHECK_FAIL]: -1
[PRECHECK_FAIL]: -1
[PRECHECK_FAIL]: -1
[PRECHECK_FAIL]: -1
[PRECHECK_FAIL]: -1
[PRECHECK_FAIL]: -1
[PRECHECK_FAIL]: -1
[PRECHECK_FAIL]: -1
[PRECHECK_FAIL]: -1
[PRECHECK_FAIL]: -1
[PRECHECK_FAIL]: -1
[PRECHECK_FAIL]: -1
[PRECHECK_FAIL]: -1
[PRECHECK_FAIL]: -1
[PRECHECK_FAIL]: -1
[PRECHECK_FAIL]: -1
[PRECHECK_FAIL]: -1
[PRECHECK_FAIL]: -1
[PRECHECK_FAIL]: -1
[PRECHECK_FAIL]: -1
[PRECHECK_FAIL]: -1
[PRECHECK_FAIL]: -1
[PRECHECK_FAIL]: -1
[PRECHECK_FAIL]: -1
[PRECHECK_FAIL]: -1
[PRECHECK_FAIL]: -1
[PRECHECK_FAIL]: -1
[PRECHECK_FAIL]: -1
[PRECHECK_FAIL]: -1
[PRECHECK_FAIL]: -1
[PRECHECK_FAIL]: -1
[PRECHECK_FAIL]: -1
[PRECHECK_FAIL]: -1
[PRECHECK_FAIL]: -1
[PRECHECK_FAIL]: -1
[PRECHECK_FAIL]: -1
[PRECHECK_FAIL]: -1
[PRECHECK_FAIL]: -1
[PRECHECK_FAIL]: -1
[PRECHECK_FAIL]: -1
[PRECHECK_FAIL]: -1
[PRECHECK_FAIL]: -1
[PRECHECK_FAIL]: -1
[PRECHECK_FAIL]: -1
[PRECHECK_FAIL]: -1
[PRECHECK_FAIL]: -1
[PRECHECK_FAIL]: -1
[PRECHECK_FAIL]: -1
[PRECHECK_FAIL]: -1
[PRECHECK_FAIL]: -1
[PRECHECK_FAIL]: -1
[PRECHECK_FAIL]: -1
[PRECHECK_FAIL]: -1
[PRECHECK_FAIL]: -1
[PRECHECK_FAIL]: -1
[PRECHECK_FAIL]: -1
[PRECHECK_FAIL]: -1
[PRECHECK_FAIL]: -1
[PRECHECK_FAIL]: -1
[PRECHECK_FAIL]: -1
[PRECHECK_FAIL]: -1
[PRECHECK_FAIL]: -1
[PRECHECK_FAIL]: -1
[PRECHECK_FAIL]: -1
[PRECHECK_FAIL]: -1
[PRECHECK_FAIL]: -1
[PRECHECK_FAIL]: -1
[PRECHECK_FAIL]: -1
[PRECHECK_FAIL]: -1
[PRECHECK_FAIL]: -1
[PRECHECK_FAIL]: -1
[PRECHECK_FAIL]: -1
[PRECHECK_FAIL]: -1
[PRECHECK_FAIL]: -1
[PRECHECK_FAIL]: -1
[PRECHECK_FAIL]: -1
[PRECHECK_FAIL]: -1
[PRECHECK_FAIL]: -1
[PRECHECK_FAIL]: -1
[PRECHECK_FAIL]: -1
[PRECHECK_FAIL]: -1
[PRECHECK_FAIL]: -1
[PRECHECK_FAIL]: -1
[PRECHECK_FAIL]: -1
[PRECHECK_FAIL]: -1
[PRECHECK_FAIL]: -1
[PRECHECK_FAIL]: -1
[PRECHECK_FAIL]: -1
[PRECHECK_FAIL]: -1
[PRECHECK_FAIL]: -1
[PRECHECK_FAIL]: -1
[PRECHECK_FAIL]: -1
[PRECHECK_FAIL]: -1
[PRECHECK_FAIL]: -1
[PRECHECK_FAIL]: -1
[PRECHECK_FAIL]: -1
[PRECHECK_FAIL]: -1
[PRECHECK_FAIL]: -1
[PRECHECK_FAIL]: -1
[PRECHECK_FAIL]: -1
[PRECHECK_FAIL]: -1
[PRECHECK_FAIL]: -1
[PRECHECK_FAIL]: -1
[PRECHECK_FAIL]: -1
[PRECHECK_FAIL]: -1
[PRECHECK_FAIL]: -1
[PRECHECK_FAIL]: -1
[PRECHECK_FAIL]: -1
[PRECHECK_FAIL]: -1
[PRECHECK_FAIL]: -1
[PRECHECK_FAIL]: -1
[PRECHECK_FAIL]: -1
[PRECHECK_FAIL]: -1
[PRECHECK_FAIL]: -1
[PRECHECK_FAIL]: -1
[PRECHECK_FAIL]: -1
[PRECHECK_FAIL]: -1
[PRECHECK_FAIL]: -1
[PRECHECK_FAIL]: -1
[PRECHECK_FAIL]: -1
[PRECHECK_FAIL]: -1
[PRECHECK_FAIL]: -1
[PRECHECK_FAIL]: -1
[PRECHECK_FAIL]: -1
[PRECHECK_FAIL]: -1
[PRECHECK_FAIL]: -1
[PRECHECK_FAIL]: -1
[PRECHECK_FAIL]: -1
[PRECHECK_FAIL]: -1
[PRECHECK_FAIL]: -1
[PRECHECK_FAIL]: -1
[PRECHECK_FAIL]: -1
[PRECHECK_FAIL]: -1
[PRECHECK_FAIL]: -1
[PRECHECK_FAIL]: -1
[PRECHECK_FAIL]: -1
[PRECHECK_FAIL]: -1
[PRECHECK_FAIL]: -1
[PRECHECK_FAIL]: -1
[PRECHECK_FAIL]: -1
[PRECHECK_FAIL]: -1
[PRECHECK_FAIL]: -1
[PRECHECK_FAIL]: -1
[PRECHECK_FAIL]: -1
[PRECHECK_FAIL]: -1
[PRECHECK_FAIL]: -1
[PRECHECK_FAIL]: -1
[PRECHECK_FAIL]: -1
[PRECHECK_FAIL]: -1
[PRECHECK_FAIL]: -1
[PRECHECK_FAIL]: -1
[PRECHECK_FAIL]: -1
[PRECHECK_FAIL]: -1
[PRECHECK_FAIL]: -1
[PRECHECK_FAIL]: -1
[PRECHECK_FAIL]: -1
[PRECHECK_FAIL]: -1
[PRECHECK_FAIL]: -1
[PRECHECK_FAIL]: -1
[PRECHECK_FAIL]: -1
[PRECHECK_FAIL]: -1
[PRECHECK_FAIL]: -1
[PRECHECK_FAIL]: -1
[PRECHECK_FAIL]: -1
[PRECHECK_FAIL]: -1
[PRECHECK_FAIL]: -1
[PRECHECK_FAIL]: -1
[PRECHECK_FAIL]: -1
[PRECHECK_FAIL]: -1
[PRECHECK_FAIL]: -1
[PRECHECK_FAIL]: -1
[PRECHECK_FAIL]: -1
[PRECHECK_FAIL]: -1
[PRECHECK_FAIL]: -1
[PRECHECK_FAIL]: -1
[PRECHECK_FAIL]: -1
[PRECHECK_FAIL]: -1
[PRECHECK_FAIL]: -1
[PRECHECK_FAIL]: -1
[PRECHECK_FAIL]: -1
[PRECHECK_FAIL]: -1
[PRECHECK_FAIL]: -1
[PRECHECK_FAIL]: -1
[PRECHECK_FAIL]: -1
[PRECHECK_FAIL]: -1
[PRECHECK_FAIL]: -1
[PRECHECK_FAIL]: -1
[PRECHECK_FAIL]: -1
[PRECHECK_FAIL]: -1
[PRECHECK_FAIL]: -1
[PRECHECK_FAIL]: -1
[PRECHECK_FAIL]: -1
[PRECHECK_FAIL]: -1
[PRECHECK_FAIL]: -1
[PRECHECK_FAIL]: -1
[PRECHECK_FAIL]: -1
[PRECHECK_FAIL]: -1
[PRECHECK_FAIL]: -1
[PRECHECK_FAIL]: -1
[PRECHECK_FAIL]: -1
[PRECHECK_FAIL]: -1
[PRECHECK_FAIL]: -1
[PRECHECK_FAIL]: -1
[PRECHECK_FAIL]: -1
[PRECHECK_FAIL]: -1
[PRECHECK_FAIL]: -1
[PRECHECK_FAIL]: -1
[PRECHECK_FAIL]: -1
[PRECHECK_FAIL]: -1
[PRECHECK_FAIL]: -1
[PRECHECK_FAIL]: -1
[PRECHECK_FAIL]: -1
[PRECHECK_FAIL]: -1
[PRECHECK_FAIL]: -1
[PRECHECK_FAIL]: -1
[PRECHECK_FAIL]: -1
[PRECHECK_FAIL]: -1
[PRECHECK_FAIL]: -1
[PRECHECK_FAIL]: -1
[PRECHECK_FAIL]: -1
[PRECHECK_FAIL]: -1
[PRECHECK_FAIL]: -1
[PRECHECK_FAIL]: -1
[PRECHECK_FAIL]: -1
[PRECHECK_FAIL]: -1
[PRECHECK_FAIL]: -1
[PRECHECK_FAIL]: -1
[PRECHECK_FAIL]: -1
[PRECHECK_FAIL]: -1
[PRECHECK_FAIL]: -1
[PRECHECK_FAIL]: -1
[PRECHECK_FAIL]: -1
[PRECHECK_FAIL]: -1
[PRECHECK_FAIL]: -1
[PRECHECK_FAIL]: -1
[PRECHECK_FAIL]: -1
[PRECHECK_FAIL]: -1
[PRECHECK_FAIL]: -1
[PRECHECK_FAIL]: -1
[PRECHECK_FAIL]: -1
[PRECHECK_FAIL]: -1
[PRECHECK_FAIL]: -1
[PRECHECK_FAIL]: -1
[PRECHECK_FAIL]: -1
[PRECHECK_FAIL]: -1
[PRECHECK_FAIL]: -1
[PRECHECK_FAIL]: -1
[PRECHECK_FAIL]: -1
[PRECHECK_FAIL]: -1
[PRECHECK_FAIL]: -1
[PRECHECK_FAIL]: -1
[PRECHECK_FAIL]: -1
[PRECHECK_FAIL]: -1
[PRECHECK_FAIL]: -1
[PRECHECK_FAIL]: -1
[PRECHECK_FAIL]: -1
[PRECHECK_FAIL]: -1
[PRECHECK_FAIL]: -1
[PRECHECK_FAIL]: -1
[PRECHECK_FAIL]: -1
[PRECHECK_FAIL]: -1
[PRECHECK_FAIL]: -1
[PRECHECK_FAIL]: -1
[PRECHECK_FAIL]: -1
[PRECHECK_FAIL]: -1
[PRECHECK_FAIL]: -1
[PRECHECK_FAIL]: -1
[PRECHECK_FAIL]: -1
[PRECHECK_FAIL]: -1
[PRECHECK_FAIL]: -1
[PRECHECK_FAIL]: -1
[PRECHECK_FAIL]: -1
[PRECHECK_FAIL]: -1
[PRECHECK_FAIL]: -1
[PRECHECK_FAIL]: -1
[PRECHECK_FAIL]: -1
[PRECHECK_FAIL]: -1
[PRECHECK_FAIL]: -1
[PRECHECK_FAIL]: -1
[PRECHECK_FAIL]: -1
[PRECHECK_FAIL]: -1
[PRECHECK_FAIL]: -1
[PRECHECK_FAIL]: -1
[PRECHECK_FAIL]: -1
[PRECHECK_FAIL]: -1
[PRECHECK_FAIL]: -1
[PRECHECK_FAIL]: -1
[PRECHECK_FAIL]: -1
[PRECHECK_FAIL]: -1
[PRECHECK_FAIL]: -1
[PRECHECK_FAIL]: -1
[PRECHECK_FAIL]: -1
[PRECHECK_FAIL]: -1
[PRECHECK_FAIL]: -1
[PRECHECK_FAIL]: -1
[PRECHECK_FAIL]: -1
[PRECHECK_FAIL]: -1
[PRECHECK_FAIL]: -1
[PRECHECK_FAIL]: -1
[PRECHECK_FAIL]: -1
[PRECHECK_FAIL]: -1
[PRECHECK_FAIL]: -1
[PRECHECK_FAIL]: -1
[PRECHECK_FAIL]: -1
[PRECHECK_FAIL]: -1
[PRECHECK_FAIL]: -1
[PRECHECK_FAIL]: -1
[PRECHECK_FAIL]: -1
[PRECHECK_FAIL]: -1
[PRECHECK_FAIL]: -1
[PRECHECK_FAIL]: -1
[PRECHECK_FAIL]: -1
[PRECHECK_FAIL]: -1
[PRECHECK_FAIL]: -1
[PRECHECK_FAIL]: -1
[PRECHECK_FAIL]: -1
[PRECHECK_FAIL]: -1
[PRECHECK_FAIL]: -1
[PRECHECK_FAIL]: -1
[PRECHECK_FAIL]: -1
[PRECHECK_FAIL]: -1
[PRECHECK_FAIL]: -1
[PRECHECK_FAIL]: -1
[PRECHECK_FAIL]: -1
[PRECHECK_FAIL]: -1
[PRECHECK_FAIL]: -1
[PRECHECK_FAIL]: -1
[PRECHECK_FAIL]: -1
[PRECHECK_FAIL]: -1
[PRECHECK_FAIL]: -1
[PRECHECK_FAIL]: -1
[PRECHECK_FAIL]: -1
[PRECHECK_FAIL]: -1
[PRECHECK_FAIL]: -1
[PRECHECK_FAIL]: -1
[PRECHECK_FAIL]: -1
[PRECHECK_FAIL]: -1
[PRECHECK_FAIL]: -1
[PRECHECK_FAIL]: -1
[PRECHECK_FAIL]: -1
[PRECHECK_FAIL]: -1
[PRECHECK_FAIL]: -1
[PRECHECK_FAIL]: -1
[PRECHECK_FAIL]: -1
[PRECHECK_FAIL]: -1
[PRECHECK_FAIL]: -1
[PRECHECK_FAIL]: -1
[PRECHECK_FAIL]: -1
[PRECHECK_FAIL]: -1
[PRECHECK_FAIL]: -1
[PRECHECK_FAIL]: -1
[PRECHECK_FAIL]: -1
[PRECHECK_FAIL]: -1
[PRECHECK_FAIL]: -1
[PRECHECK_FAIL]: -1
[PRECHECK_FAIL]: -1
[PRECHECK_FAIL]: -1
[PRECHECK_FAIL]: -1
[PRECHECK_FAIL]: -1
[PRECHECK_FAIL]: -1
[PRECHECK_FAIL]: -1
[PRECHECK_FAIL]: -1
[PRECHECK_FAIL]: -1
[PRECHECK_FAIL]: -1
[PRECHECK_FAIL]: -1
[PRECHECK_FAIL]: -1
[PRECHECK_FAIL]: -1
[PRECHECK_FAIL]: -1
[PRECHECK_FAIL]: -1
[PRECHECK_FAIL]: -1
[PRECHECK_FAIL]: -1
[PRECHECK_FAIL]: -1
[PRECHECK_FAIL]: -1
[PRECHECK_FAIL]: -1
[PRECHECK_FAIL]: -1
[PRECHECK_FAIL]: -1
[PRECHECK_FAIL]: -1
[PRECHECK_FAIL]: -1
[PRECHECK_FAIL]: -1
[PRECHECK_FAIL]: -1
[PRECHECK_FAIL]: -1
[PRECHECK_FAIL]: -1
[PRECHECK_FAIL]: -1
[PRECHECK_FAIL]: -1
[PRECHECK_FAIL]: -1
[PRECHECK_FAIL]: -1
[PRECHECK_FAIL]: -1
[PRECHECK_FAIL]: -1
[PRECHECK_FAIL]: -1
[PRECHECK_FAIL]: -1
[PRECHECK_FAIL]: -1
[PRECHECK_FAIL]: -1
[PRECHECK_FAIL]: -1
[PRECHECK_FAIL]: -1
[PRECHECK_FAIL]: -1
[PRECHECK_FAIL]: -1
[PRECHECK_FAIL]: -1
[PRECHECK_FAIL]: -1
[PRECHECK_FAIL]: -1
[PRECHECK_FAIL]: -1
[PRECHECK_FAIL]: -1
[PRECHECK_FAIL]: -1
[PRECHECK_FAIL]: -1
[PRECHECK_FAIL]: -1
[PRECHECK_FAIL]: -1
[PRECHECK_FAIL]: -1
[PRECHECK_FAIL]: -1
[PRECHECK_FAIL]: -1
[PRECHECK_FAIL]: -1
[PRECHECK_FAIL]: -1
[PRECHECK_FAIL]: -1
[PRECHECK_FAIL]: -1
[PRECHECK_FAIL]: -1
[PRECHECK_FAIL]: -1
[PRECHECK_FAIL]: -1
[PRECHECK_FAIL]: -1
[PRECHECK_FAIL]: -1
[PRECHECK_FAIL]: -1
[PRECHECK_FAIL]: -1
[PRECHECK_FAIL]: -1
[PRECHECK_FAIL]: -1
[PRECHECK_FAIL]: -1
[PRECHECK_FAIL]: -1
[PRECHECK_FAIL]: -1
[PRECHECK_FAIL]: -1
[PRECHECK_FAIL]: -1
[PRECHECK_FAIL]: -1
[PRECHECK_FAIL]: -1
[PRECHECK_FAIL]: -1
[PRECHECK_FAIL]: -1
[PRECHECK_FAIL]: -1
[PRECHECK_FAIL]: -1
[PRECHECK_FAIL]: -1
[PRECHECK_FAIL]: -1
[PRECHECK_FAIL]: -1
[PRECHECK_FAIL]: -1
[PRECHECK_FAIL]: -1
[PRECHECK_FAIL]: -1
[PRECHECK_FAIL]: -1
[PRECHECK_FAIL]: -1
[PRECHECK_FAIL]: -1
[PRECHECK_FAIL]: -1
[PRECHECK_FAIL]: -1
[PRECHECK_FAIL]: -1
[PRECHECK_FAIL]: -1
[PRECHECK_FAIL]: -1
[PRECHECK_FAIL]: -1
[PRECHECK_FAIL]: -1
[PRECHECK_FAIL]: -1
[PRECHECK_FAIL]: -1
[PRECHECK_FAIL]: -1
[PRECHECK_FAIL]: -1
[PRECHECK_FAIL]: -1
[PRECHECK_FAIL]: -1
[PRECHECK_FAIL]: -1
[PRECHECK_FAIL]: -1
[PRECHECK_FAIL]: -1
[PRECHECK_FAIL]: -1
[PRECHECK_FAIL]: -1
[PRECHECK_FAIL]: -1
[PRECHECK_FAIL]: -1
[PRECHECK_FAIL]: -1
[PRECHECK_FAIL]: -1
[PRECHECK_FAIL]: -1
[PRECHECK_FAIL]: -1
[PRECHECK_FAIL]: -1
[PRECHECK_FAIL]: -1
[PRECHECK_FAIL]: -1
[PRECHECK_FAIL]: -1
[PRECHECK_FAIL]: -1
[PRECHECK_FAIL]: -1
[PRECHECK_FAIL]: -1
[PRECHECK_FAIL]: -1
[PRECHECK_FAIL]: -1
[PRECHECK_FAIL]: -1
[PRECHECK_FAIL]: -1
[PRECHECK_FAIL]: -1
[PRECHECK_FAIL]: -1
[PRECHECK_FAIL]: -1
[PRECHECK_FAIL]: -1
[PRECHECK_FAIL]: -1
[PRECHECK_FAIL]: -1
[PRECHECK_FAIL]: -1
[PRECHECK_FAIL]: -1
[PRECHECK_FAIL]: -1
[PRECHECK_FAIL]: -1
[PRECHECK_FAIL]: -1
[PRECHECK_FAIL]: -1
[PRECHECK_FAIL]: -1
[PRECHECK_FAIL]: -1
[PRECHECK_FAIL]: -1
[PRECHECK_FAIL]: -1
[PRECHECK_FAIL]: -1
[PRECHECK_FAIL]: -1
[PRECHECK_FAIL]: -1
[PRECHECK_FAIL]: -1
[PRECHECK_FAIL]: -1
[PRECHECK_FAIL]: -1
[PRECHECK_FAIL]: -1
[PRECHECK_FAIL]: -1
[PRECHECK_FAIL]: -1
[PRECHECK_FAIL]: -1
[PRECHECK_FAIL]: -1
[PRECHECK_FAIL]: -1
[PRECHECK_FAIL]: -1
[PRECHECK_FAIL]: -1
[PRECHECK_FAIL]: -1
[PRECHECK_FAIL]: -1
[PRECHECK_FAIL]: -1
[PRECHECK_FAIL]: -1
[PRECHECK_FAIL]: -1
[PRECHECK_FAIL]: -1
[PRECHECK_FAIL]: -1
[PRECHECK_FAIL]: -1
[PRECHECK_FAIL]: -1
[PRECHECK_FAIL]: -1
[PRECHECK_FAIL]: -1
[PRECHECK_FAIL]: -1
[PRECHECK_FAIL]: -1
[PRECHECK_FAIL]: -1
[PRECHECK_FAIL]: -1
[PRECHECK_FAIL]: -1
[PRECHECK_FAIL]: -1
[PRECHECK_FAIL]: -1
[PRECHECK_FAIL]: -1
[PRECHECK_FAIL]: -1
[PRECHECK_FAIL]: -1
[PRECHECK_FAIL]: -1
[PRECHECK_FAIL]: -1
[PRECHECK_FAIL]: -1
[PRECHECK_FAIL]: -1
[PRECHECK_FAIL]: -1
[PRECHECK_FAIL]: -1
[PRECHECK_FAIL]: -1
[PRECHECK_FAIL]: -1
[PRECHECK_FAIL]: -1
[PRECHECK_FAIL]: -1
[PRECHECK_FAIL]: -1
[PRECHECK_FAIL]: -1
[PRECHECK_FAIL]: -1
[PRECHECK_FAIL]: -1
[PRECHECK_FAIL]: -1
[PRECHECK_FAIL]: -1
[PRECHECK_FAIL]: -1
[PRECHECK_FAIL]: -1
[PRECHECK_FAIL]: -1
[PRECHECK_FAIL]: -1
[PRECHECK_FAIL]: -1
[PRECHECK_FAIL]: -1
[PRECHECK_FAIL]: -1
[PRECHECK_FAIL]: -1
[PRECHECK_FAIL]: -1
[PRECHECK_FAIL]: -1
[PRECHECK_FAIL]: -1
[PRECHECK_FAIL]: -1
[PRECHECK_FAIL]: -1
[PRECHECK_FAIL]: -1
[PRECHECK_FAIL]: -1
[PRECHECK_FAIL]: -1
[PRECHECK_FAIL]: -1
[PRECHECK_FAIL]: -1
[PRECHECK_FAIL]: -1
[PRECHECK_FAIL]: -1
[PRECHECK_FAIL]: -1
[PRECHECK_FAIL]: -1
[PRECHECK_FAIL]: -1
[PRECHECK_FAIL]: -1
[PRECHECK_FAIL]: -1
[PRECHECK_FAIL]: -1
[PRECHECK_FAIL]: -1
[PRECHECK_FAIL]: -1
[PRECHECK_FAIL]: -1
[PRECHECK_FAIL]: -1
[PRECHECK_FAIL]: -1
[PRECHECK_FAIL]: -1
[PRECHECK_FAIL]: -1
[PRECHECK_FAIL]: -1
[PRECHECK_FAIL]: -1
[PRECHECK_FAIL]: -1
[PRECHECK_FAIL]: -1
[PRECHECK_FAIL]: -1
[PRECHECK_FAIL]: -1
[PRECHECK_FAIL]: -1
[PRECHECK_FAIL]: -1
[PRECHECK_FAIL]: -1
[PRECHECK_FAIL]: -1
[PRECHECK_FAIL]: -1
[PRECHECK_FAIL]: -1
[PRECHECK_FAIL]: -1
[PRECHECK_FAIL]: -1
[PRECHECK_FAIL]: -1
[PRECHECK_FAIL]: -1
[PRECHECK_FAIL]: -1
[PRECHECK_FAIL]: -1
[PRECHECK_FAIL]: -1
[PRECHECK_FAIL]: -1
[PRECHECK_FAIL]: -1
[PRECHECK_FAIL]: -1
[PRECHECK_FAIL]: -1
[PRECHECK_FAIL]: -1
[PRECHECK_FAIL]: -1
[PRECHECK_FAIL]: -1
[PRECHECK_FAIL]: -1
[PRECHECK_FAIL]: -1
[PRECHECK_FAIL]: -1
[PRECHECK_FAIL]: -1
[PRECHECK_FAIL]: -1
[PRECHECK_FAIL]: -1
[PRECHECK_FAIL]: -1
[PRECHECK_FAIL]: -1
[PRECHECK_FAIL]: -1
[PRECHECK_FAIL]: -1
[PRECHECK_FAIL]: -1
[PRECHECK_FAIL]: -1
[PRECHECK_FAIL]: -1
[PRECHECK_FAIL]: -1
[PRECHECK_FAIL]: -1
[PRECHECK_FAIL]: -1
[PRECHECK_FAIL]: -1
[PRECHECK_FAIL]: -1
[PRECHECK_FAIL]: -1
[PRECHECK_FAIL]: -1
[PRECHECK_FAIL]: -1
[PRECHECK_FAIL]: -1
[PRECHECK_FAIL]: -1
[PRECHECK_FAIL]: -1
[PRECHECK_FAIL]: -1
[PRECHECK_FAIL]: -1
[PRECHECK_FAIL]: -1
[PRECHECK_FAIL]: -1
[PRECHECK_FAIL]: -1
[PRECHECK_FAIL]: -1
[PRECHECK_FAIL]: -1
[PRECHECK_FAIL]: -1
[PRECHECK_FAIL]: -1
[PRECHECK_FAIL]: -1
[PRECHECK_FAIL]: -1
[PRECHECK_FAIL]: -1
[PRECHECK_FAIL]: -1
[PRECHECK_FAIL]: -1
[PRECHECK_FAIL]: -1
[PRECHECK_FAIL]: -1
[PRECHECK_FAIL]: -1
[PRECHECK_FAIL]: -1
[PRECHECK_FAIL]: -1
[PRECHECK_FAIL]: -1
[PRECHECK_FAIL]: -1
[PRECHECK_FAIL]: -1
[PRECHECK_FAIL]: -1
[PRECHECK_FAIL]: -1
[PRECHECK_FAIL]: -1
[PRECHECK_FAIL]: -1
[PRECHECK_FAIL]: -1
[PRECHECK_FAIL]: -1
[PRECHECK_FAIL]: -1
[PRECHECK_FAIL]: -1
[PRECHECK_FAIL]: -1
[PRECHECK_FAIL]: -1
[PRECHECK_FAIL]: -1
[PRECHECK_FAIL]: -1
[PRECHECK_FAIL]: -1
[PRECHECK_FAIL]: -1
[PRECHECK_FAIL]: -1
[PRECHECK_FAIL]: -1
[PRECHECK_FAIL]: -1
[PRECHECK_FAIL]: -1
[PRECHECK_FAIL]: -1
[PRECHECK_FAIL]: -1
[PRECHECK_FAIL]: -1
[PRECHECK_FAIL]: -1
[PRECHECK_FAIL]: -1
[PRECHECK_FAIL]: -1
[PRECHECK_FAIL]: -1
[PRECHECK_FAIL]: -1
[PRECHECK_FAIL]: -1
[PRECHECK_FAIL]: -1
[PRECHECK_FAIL]: -1
[PRECHECK_FAIL]: -1
[PRECHECK_FAIL]: -1
[PRECHECK_FAIL]: -1
[PRECHECK_FAIL]: -1
[PRECHECK_FAIL]: -1
[PRECHECK_FAIL]: -1
[PRECHECK_FAIL]: -1
[PRECHECK_FAIL]: -1
[PRECHECK_FAIL]: -1
[PRECHECK_FAIL]: -1
[PRECHECK_FAIL]: -1
[PRECHECK_FAIL]: -1
[PRECHECK_FAIL]: -1
[PRECHECK_FAIL]: -1
[PRECHECK_FAIL]: -1
[PRECHECK_FAIL]: -1
[PRECHECK_FAIL]: -1
[PRECHECK_FAIL]: -1
[PRECHECK_FAIL]: -1
[PRECHECK_FAIL]: -1
[PRECHECK_FAIL]: -1
[PRECHECK_FAIL]: -1
[PRECHECK_FAIL]: -1
[PRECHECK_FAIL]: -1
[PRECHECK_FAIL]: -1
[PRECHECK_FAIL]: -1
[PRECHECK_FAIL]: -1
[PRECHECK_FAIL]: -1
[PRECHECK_FAIL]: -1
[PRECHECK_FAIL]: -1
[PRECHECK_FAIL]: -1
[PRECHECK_FAIL]: -1
[PRECHECK_FAIL]: -1
[PRECHECK_FAIL]: -1
[PRECHECK_FAIL]: -1
[PRECHECK_FAIL]: -1
[PRECHECK_FAIL]: -1
[PRECHECK_FAIL]: -1
[PRECHECK_FAIL]: -1
[PRECHECK_FAIL]: -1
[PRECHECK_FAIL]: -1
[PRECHECK_FAIL]: -1
[PRECHECK_FAIL]: -1
[PRECHECK_FAIL]: -1
[PRECHECK_FAIL]: -1
[PRECHECK_FAIL]: -1
[PRECHECK_FAIL]: -1
[PRECHECK_FAIL]: -1
[PRECHECK_FAIL]: -1
[PRECHECK_FAIL]: -1
[PRECHECK_FAIL]: -1
[PRECHECK_FAIL]: -1
[PRECHECK_FAIL]: -1
[PRECHECK_FAIL]: -1
[PRECHECK_FAIL]: -1
[PRECHECK_FAIL]: -1
[PRECHECK_FAIL]: -1
[PRECHECK_FAIL]: -1
[PRECHECK_FAIL]: -1
[PRECHECK_FAIL]: -1
[PRECHECK_FAIL]: -1
[PRECHECK_FAIL]: -1
[PRECHECK_FAIL]: -1
[PRECHECK_FAIL]: -1
[PRECHECK_FAIL]: -1
[PRECHECK_FAIL]: -1
[PRECHECK_FAIL]: -1
[PRECHECK_FAIL]: -1
[PRECHECK_FAIL]: -1
[PRECHECK_FAIL]: -1
[PRECHECK_FAIL]: -1
[PRECHECK_FAIL]: -1
[PRECHECK_FAIL]: -1
[PRECHECK_FAIL]: -1
[PRECHECK_FAIL]: -1
[PRECHECK_FAIL]: -1
[PRECHECK_FAIL]: -1
[PRECHECK_FAIL]: -1
[PRECHECK_FAIL]: -1
[PRECHECK_FAIL]: -1
[PRECHECK_FAIL]: -1
[PRECHECK_FAIL]: -1
[PRECHECK_FAIL]: -1
[PRECHECK_FAIL]: -1
[PRECHECK_FAIL]: -1
[PRECHECK_FAIL]: -1
[PRECHECK_FAIL]: -1
[PRECHECK_FAIL]: -1
[PRECHECK_FAIL]: -1
[PRECHECK_FAIL]: -1
[PRECHECK_FAIL]: -1
[PRECHECK_FAIL]: -1
[PRECHECK_FAIL]: -1
[PRECHECK_FAIL]: -1
[PRECHECK_FAIL]: -1
[PRECHECK_FAIL]: -1
[PRECHECK_FAIL]: -1
[PRECHECK_FAIL]: -1
[PRECHECK_FAIL]: -1
[PRECHECK_FAIL]: -1
[PRECHECK_FAIL]: -1
[PRECHECK_FAIL]: -1
[PRECHECK_FAIL]: -1
[PRECHECK_FAIL]: -1
[PRECHECK_FAIL]: -1
[PRECHECK_FAIL]: -1
[PRECHECK_FAIL]: -1
[PRECHECK_FAIL]: -1
[PRECHECK_FAIL]: -1
[PRECHECK_FAIL]: -1
[PRECHECK_FAIL]: -1
[PRECHECK_FAIL]: -1
[PRECHECK_FAIL]: -1
[PRECHECK_FAIL]: -1
[PRECHECK_FAIL]: -1
[PRECHECK_FAIL]: -1
[PRECHECK_FAIL]: -1
[PRECHECK_FAIL]: -1
[FAIL]: -1
[FAIL]: -1
[FAIL]: -1
[FAIL]: -1
[FAIL]: -1
[FAIL]: -1
[FAIL]: -1
[FAIL]: -1
[FAIL]: -1
[FAIL]: -1
[DONE]: 1259ms (83/100)
[FAIL]: -1
[FAIL]: -1
[FAIL]: -1
[FAIL]: -1
[FAIL]: -1
[FAIL]: -1
[FAIL]: -1
[FAIL]: -1
[FAIL]: -1
[FAIL]: -1
[FAIL]: -1
[FAIL]: -1
[FAIL]: -1
[FAIL]: -1
[FAIL]: -1
[FAIL]: -1
[FAIL]: -1
[FAIL]: -1
[FAIL]: -1
[FAIL]: -1
[FAIL]: -1
[FAIL]: -1
[FAIL]: -1
[FAIL]: -1
[FAIL]: -1
[FAIL]: -1
[FAIL]: -1
[FAIL]: -1
[FAIL]: -1
[FAIL]: -1
[FAIL]: -1
[FAIL]: -1
[FAIL]: -1
[FAIL]: -1
[FAIL]: -1
[FAIL]: -1
[FAIL]: -1
[DONE]: 998ms (84/100)
[FAIL]: -1
[FAIL]: -1
[FAIL]: -1
[FAIL]: -1
[FAIL]: -1
[FAIL]: -1
[FAIL]: -1
[FAIL]: -1
[FAIL]: -1
[FAIL]: -1
[FAIL]: -1
[FAIL]: -1
[FAIL]: -1
[FAIL]: -1
[FAIL]: -1
[FAIL]: -1
[FAIL]: -1
[FAIL]: -1
[FAIL]: -1
[FAIL]: -1
[FAIL]: -1
[FAIL]: -1
[FAIL]: -1
[FAIL]: -1
[FAIL]: -1
[FAIL]: -1
[FAIL]: -1
[FAIL]: -1
[FAIL]: -1
[FAIL]: -1
[FAIL]: -1
[FAIL]: -1
[FAIL]: -1
[FAIL]: -1
[FAIL]: -1
[FAIL]: -1
[FAIL]: -1
[FAIL]: -1
[FAIL]: -1
[FAIL]: -1
[FAIL]: -1
[FAIL]: -1
[FAIL]: -1
[FAIL]: -1
[FAIL]: -1
[FAIL]: -1
[FAIL]: -1
[FAIL]: -1
[FAIL]: -1
[FAIL]: -1
[FAIL]: -1
[FAIL]: -1
[FAIL]: -1
[FAIL]: -1
[FAIL]: -1
[FAIL]: -1
[FAIL]: -1
[FAIL]: -1
[FAIL]: -1
[FAIL]: -1
[DONE]: 1026ms (85/100)
[FAIL]: -1
[FAIL]: -1
[FAIL]: -1
[FAIL]: -1
[FAIL]: -1
[FAIL]: -1
[FAIL]: -1
[FAIL]: -1
[FAIL]: -1
[FAIL]: -1
[FAIL]: -1
[FAIL]: -1
[FAIL]: -1
[FAIL]: -1
[FAIL]: -1
[FAIL]: -1
[FAIL]: -1
[FAIL]: -1
[FAIL]: -1
[FAIL]: -1
[FAIL]: -1
[FAIL]: -1
[FAIL]: -1
[FAIL]: -1
[FAIL]: -1
[FAIL]: -1
[FAIL]: -1
[FAIL]: -1
[FAIL]: -1
[FAIL]: -1
[FAIL]: -1
[FAIL]: -1
[FAIL]: -1
[FAIL]: -1
[FAIL]: -1
[FAIL]: -1
[FAIL]: -1
[FAIL]: -1
[FAIL]: -1
[FAIL]: -1
[FAIL]: -1
[FAIL]: -1
[FAIL]: -1
[FAIL]: -1
[FAIL]: -1
[FAIL]: -1
[FAIL]: -1
[FAIL]: -1
[FAIL]: -1
[FAIL]: -1
[FAIL]: -1
[FAIL]: -1
[FAIL]: -1
[FAIL]: -1
[FAIL]: -1
[FAIL]: -1
[FAIL]: -1
[FAIL]: -1
[FAIL]: -1
[FAIL]: -1
[FAIL]: -1
[FAIL]: -1
[FAIL]: -1
[FAIL]: -1
[FAIL]: -1
[FAIL]: -1
[FAIL]: -1
[FAIL]: -1
[FAIL]: -1
[FAIL]: -1
[FAIL]: -1
[FAIL]: -1
[FAIL]: -1
[FAIL]: -1
[DONE]: 939ms (86/100)
[FAIL]: -1
[FAIL]: -1
[FAIL]: -1
[DONE]: 1000ms (87/100)
[FAIL]: -1
[FAIL]: -1
[FAIL]: -1
[FAIL]: -1
[FAIL]: -1
[FAIL]: -1
[FAIL]: -1
[FAIL]: -1
[FAIL]: -1
[FAIL]: -1
[FAIL]: -1
[FAIL]: -1
[FAIL]: -1
[FAIL]: -1
[FAIL]: -1
[FAIL]: -1
[FAIL]: -1
[FAIL]: -1
[FAIL]: -1
[FAIL]: -1
[FAIL]: -1
[FAIL]: -1
[FAIL]: -1
[FAIL]: -1
[FAIL]: -1
[FAIL]: -1
[FAIL]: -1
[FAIL]: -1
[FAIL]: -1
[FAIL]: -1
[FAIL]: -1
[FAIL]: -1
[FAIL]: -1
[FAIL]: -1
[FAIL]: -1
[FAIL]: -1
[FAIL]: -1
[FAIL]: -1
[FAIL]: -1
[FAIL]: -1
[FAIL]: -1
[FAIL]: -1
[FAIL]: -1
[FAIL]: -1
[FAIL]: -1
[FAIL]: -1
[FAIL]: -1
[FAIL]: -1
[FAIL]: -1
[FAIL]: -1
[FAIL]: -1
[FAIL]: -1
[FAIL]: -1
[FAIL]: -1
[FAIL]: -1
[FAIL]: -1
[FAIL]: -1
[FAIL]: -1
[FAIL]: -1
[FAIL]: -1
[FAIL]: -1
[FAIL]: -1
[FAIL]: -1
[FAIL]: -1
[FAIL]: -1
[FAIL]: -1
[FAIL]: -1
[FAIL]: -1
[FAIL]: -1
[DONE]: 559ms (88/100)
[FAIL]: -1
[FAIL]: -1
[FAIL]: -1
[FAIL]: -1
[FAIL]: -1
[FAIL]: -1
[FAIL]: -1
[FAIL]: -1
[FAIL]: -1
[FAIL]: -1
[FAIL]: -1
[FAIL]: -1
[FAIL]: -1
[FAIL]: -1
[FAIL]: -1
[FAIL]: -1
[FAIL]: -1
[FAIL]: -1
[FAIL]: -1
[FAIL]: -1
[FAIL]: -1
[FAIL]: -1
[FAIL]: -1
[FAIL]: -1
[FAIL]: -1
[FAIL]: -1
[FAIL]: -1
[FAIL]: -1
[FAIL]: -1
[FAIL]: -1
[FAIL]: -1
[FAIL]: -1
[FAIL]: -1
[FAIL]: -1
[FAIL]: -1
[FAIL]: -1
[FAIL]: -1
[FAIL]: -1
[FAIL]: -1
[FAIL]: -1
[FAIL]: -1
[FAIL]: -1
[FAIL]: -1
[FAIL]: -1
[FAIL]: -1
[FAIL]: -1
[FAIL]: -1
[FAIL]: -1
[FAIL]: -1
[FAIL]: -1
[FAIL]: -1
[FAIL]: -1
[FAIL]: -1
[FAIL]: -1
[FAIL]: -1
[FAIL]: -1
[FAIL]: -1
[FAIL]: -1
[FAIL]: -1
[FAIL]: -1
[FAIL]: -1
[FAIL]: -1
[FAIL]: -1
[FAIL]: -1
[FAIL]: -1
[FAIL]: -1
[FAIL]: -1
[FAIL]: -1
[FAIL]: -1
[DONE]: 643ms (89/100)
[FAIL]: -1
[FAIL]: -1
[FAIL]: -1
[FAIL]: -1
[FAIL]: -1
[FAIL]: -1
[FAIL]: -1
[FAIL]: -1
[FAIL]: -1
[FAIL]: -1
[FAIL]: -1
[FAIL]: -1
[FAIL]: -1
[FAIL]: -1
[FAIL]: -1
[FAIL]: -1
[FAIL]: -1
[FAIL]: -1
[FAIL]: -1
[FAIL]: -1
[FAIL]: -1
[FAIL]: -1
[FAIL]: -1
[FAIL]: -1
[FAIL]: -1
[FAIL]: -1
[FAIL]: -1
[FAIL]: -1
[FAIL]: -1
[FAIL]: -1
[FAIL]: -1
[FAIL]: -1
[FAIL]: -1
[FAIL]: -1
[FAIL]: -1
[FAIL]: -1
[FAIL]: -1
[FAIL]: -1
[FAIL]: -1
[FAIL]: -1
[FAIL]: -1
[FAIL]: -1
[FAIL]: -1
[FAIL]: -1
[FAIL]: -1
[FAIL]: -1
[FAIL]: -1
[FAIL]: -1
[FAIL]: -1
[FAIL]: -1
[FAIL]: -1
[FAIL]: -1
[FAIL]: -1
[FAIL]: -1
[FAIL]: -1
[FAIL]: -1
[FAIL]: -1
[FAIL]: -1
[FAIL]: -1
[FAIL]: -1
[FAIL]: -1
[FAIL]: -1
[FAIL]: -1
[FAIL]: -1
[FAIL]: -1
[FAIL]: -1
[FAIL]: -1
[FAIL]: -1
[FAIL]: -1
[FAIL]: -1
[FAIL]: -1
[FAIL]: -1
[FAIL]: -1
[FAIL]: -1
[FAIL]: -1
[FAIL]: -1
[FAIL]: -1
[FAIL]: -1
[FAIL]: -1
[FAIL]: -1
[FAIL]: -1
[FAIL]: -1
[FAIL]: -1
[FAIL]: -1
[FAIL]: -1
[FAIL]: -1
[FAIL]: -1
[FAIL]: -1
[FAIL]: -1
[FAIL]: -1
[FAIL]: -1
[FAIL]: -1
[FAIL]: -1
[FAIL]: -1
[FAIL]: -1
[FAIL]: -1
[FAIL]: -1
[FAIL]: -1
[FAIL]: -1
[FAIL]: -1
[FAIL]: -1
[FAIL]: -1
[FAIL]: -1
[FAIL]: -1
[FAIL]: -1
[FAIL]: -1
[FAIL]: -1
[FAIL]: -1
[FAIL]: -1
[FAIL]: -1
[FAIL]: -1
[FAIL]: -1
[FAIL]: -1
[FAIL]: -1
[FAIL]: -1
[FAIL]: -1
[FAIL]: -1
[FAIL]: -1
[FAIL]: -1
[FAIL]: -1
[FAIL]: -1
[FAIL]: -1
[FAIL]: -1
[FAIL]: -1
[FAIL]: -1
[FAIL]: -1
[FAIL]: -1
[FAIL]: -1
[FAIL]: -1
[FAIL]: -1
[FAIL]: -1
[FAIL]: -1
[FAIL]: -1
[FAIL]: -1
[FAIL]: -1
[FAIL]: -1
[FAIL]: -1
[FAIL]: -1
[FAIL]: -1
[FAIL]: -1
[FAIL]: -1
[FAIL]: -1
[FAIL]: -1
[FAIL]: -1
[FAIL]: -1
[FAIL]: -1
[FAIL]: -1
[FAIL]: -1
[FAIL]: -1
[FAIL]: -1
[FAIL]: -1
[FAIL]: -1
[FAIL]: -1
[FAIL]: -1
[FAIL]: -1
[FAIL]: -1
[FAIL]: -1
[FAIL]: -1
[FAIL]: -1
[FAIL]: -1
[FAIL]: -1
[FAIL]: -1
[FAIL]: -1
[FAIL]: -1
[FAIL]: -1
[FAIL]: -1
[FAIL]: -1
[FAIL]: -1
[FAIL]: -1
[FAIL]: -1
[FAIL]: -1
[FAIL]: -1
[FAIL]: -1
[FAIL]: -1
[FAIL]: -1
[FAIL]: -1
[FAIL]: -1
[FAIL]: -1
[FAIL]: -1
[FAIL]: -1
[FAIL]: -1
[FAIL]: -1
[FAIL]: -1
[FAIL]: -1
[FAIL]: -1
[FAIL]: -1
[FAIL]: -1
[FAIL]: -1
[FAIL]: -1
[FAIL]: -1
[FAIL]: -1
[FAIL]: -1
[FAIL]: -1
[FAIL]: -1
[DONE]: 918ms (90/100)
[FAIL]: -1
[FAIL]: -1
[FAIL]: -1
[FAIL]: -1
[FAIL]: -1
[FAIL]: -1
[FAIL]: -1
[FAIL]: -1
[FAIL]: -1
[FAIL]: -1
[FAIL]: -1
[FAIL]: -1
[FAIL]: -1
[FAIL]: -1
[FAIL]: -1
[FAIL]: -1
[FAIL]: -1
[FAIL]: -1
[FAIL]: -1
[FAIL]: -1
[FAIL]: -1
[FAIL]: -1
[FAIL]: -1
[FAIL]: -1
[FAIL]: -1
[FAIL]: -1
[FAIL]: -1
[FAIL]: -1
[FAIL]: -1
[FAIL]: -1
[FAIL]: -1
[FAIL]: -1
[FAIL]: -1
[FAIL]: -1
[FAIL]: -1
[FAIL]: -1
[FAIL]: -1
[FAIL]: -1
[FAIL]: -1
[FAIL]: -1
[FAIL]: -1
[FAIL]: -1
[FAIL]: -1
[FAIL]: -1
[FAIL]: -1
[FAIL]: -1
[FAIL]: -1
[FAIL]: -1
[FAIL]: -1
[FAIL]: -1
[FAIL]: -1
[FAIL]: -1
[FAIL]: -1
[FAIL]: -1
[FAIL]: -1
[FAIL]: -1
[FAIL]: -1
[FAIL]: -1
[FAIL]: -1
[FAIL]: -1
[FAIL]: -1
[FAIL]: -1
[FAIL]: -1
[FAIL]: -1
[FAIL]: -1
[DONE]: 861ms (91/100)
[FAIL]: -1
[FAIL]: -1
[FAIL]: -1
[FAIL]: -1
[FAIL]: -1
[FAIL]: -1
[FAIL]: -1
[FAIL]: -1
[FAIL]: -1
[FAIL]: -1
[FAIL]: -1
[FAIL]: -1
[FAIL]: -1
[FAIL]: -1
[FAIL]: -1
[FAIL]: -1
[FAIL]: -1
[FAIL]: -1
[FAIL]: -1
[FAIL]: -1
[FAIL]: -1
[FAIL]: -1
[FAIL]: -1
[FAIL]: -1
[FAIL]: -1
[FAIL]: -1
[FAIL]: -1
[FAIL]: -1
[FAIL]: -1
[FAIL]: -1
[FAIL]: -1
[FAIL]: -1
[FAIL]: -1
[FAIL]: -1
[FAIL]: -1
[FAIL]: -1
[FAIL]: -1
[FAIL]: -1
[FAIL]: -1
[FAIL]: -1
[FAIL]: -1
[FAIL]: -1
[FAIL]: -1
[FAIL]: -1
[FAIL]: -1
[FAIL]: -1
[FAIL]: -1
[FAIL]: -1
[FAIL]: -1
[FAIL]: -1
[FAIL]: -1
[FAIL]: -1
[FAIL]: -1
[FAIL]: -1
[FAIL]: -1
[FAIL]: -1
[FAIL]: -1
[FAIL]: -1
[FAIL]: -1
[DONE]: 917ms (92/100)
[FAIL]: -1
[FAIL]: -1
[FAIL]: -1
[FAIL]: -1
[FAIL]: -1
[FAIL]: -1
[FAIL]: -1
[FAIL]: -1
[FAIL]: -1
[FAIL]: -1
[FAIL]: -1
[FAIL]: -1
[FAIL]: -1
[FAIL]: -1
[FAIL]: -1
[FAIL]: -1
[FAIL]: -1
[FAIL]: -1
[FAIL]: -1
[FAIL]: -1
[FAIL]: -1
[FAIL]: -1
[FAIL]: -1
[FAIL]: -1
[FAIL]: -1
[FAIL]: -1
[FAIL]: -1
[FAIL]: -1
[FAIL]: -1
[FAIL]: -1
[FAIL]: -1
[FAIL]: -1
[FAIL]: -1
[FAIL]: -1
[FAIL]: -1
[FAIL]: -1
[FAIL]: -1
[FAIL]: -1
[FAIL]: -1
[FAIL]: -1
[FAIL]: -1
[FAIL]: -1
[FAIL]: -1
[FAIL]: -1
[FAIL]: -1
[FAIL]: -1
[FAIL]: -1
[FAIL]: -1
[FAIL]: -1
[FAIL]: -1
[FAIL]: -1
[FAIL]: -1
[FAIL]: -1
[FAIL]: -1
[FAIL]: -1
[FAIL]: -1
[FAIL]: -1
[FAIL]: -1
[FAIL]: -1
[FAIL]: -1
[FAIL]: -1
[FAIL]: -1
[DONE]: 909ms (93/100)
[FAIL]: -1
[FAIL]: -1
[FAIL]: -1
[FAIL]: -1
[FAIL]: -1
[FAIL]: -1
[FAIL]: -1
[FAIL]: -1
[FAIL]: -1
[FAIL]: -1
[FAIL]: -1
[FAIL]: -1
[FAIL]: -1
[FAIL]: -1
[FAIL]: -1
[FAIL]: -1
[FAIL]: -1
[FAIL]: -1
[FAIL]: -1
[FAIL]: -1
[FAIL]: -1
[FAIL]: -1
[FAIL]: -1
[FAIL]: -1
[FAIL]: -1
[FAIL]: -1
[FAIL]: -1
[FAIL]: -1
[FAIL]: -1
[FAIL]: -1
[FAIL]: -1
[FAIL]: -1
[FAIL]: -1
[FAIL]: -1
[FAIL]: -1
[FAIL]: -1
[FAIL]: -1
[FAIL]: -1
[FAIL]: -1
[FAIL]: -1
[FAIL]: -1
[FAIL]: -1
[FAIL]: -1
[FAIL]: -1
[FAIL]: -1
[FAIL]: -1
[FAIL]: -1
[FAIL]: -1
[FAIL]: -1
[FAIL]: -1
[FAIL]: -1
[FAIL]: -1
[FAIL]: -1
[FAIL]: -1
[FAIL]: -1
[FAIL]: -1
[FAIL]: -1
[FAIL]: -1
[FAIL]: -1
[FAIL]: -1
[FAIL]: -1
[FAIL]: -1
[FAIL]: -1
[FAIL]: -1
[FAIL]: -1
[FAIL]: -1
[FAIL]: -1
[FAIL]: -1
[FAIL]: -1
[FAIL]: -1
[FAIL]: -1
[FAIL]: -1
[FAIL]: -1
[FAIL]: -1
[FAIL]: -1
[FAIL]: -1
[FAIL]: -1
[FAIL]: -1
[FAIL]: -1
[FAIL]: -1
[FAIL]: -1
[FAIL]: -1
[FAIL]: -1
[FAIL]: -1
[FAIL]: -1
[FAIL]: -1
[FAIL]: -1
[FAIL]: -1
[FAIL]: -1
[FAIL]: -1
[FAIL]: -1
[FAIL]: -1
[FAIL]: -1
[FAIL]: -1
[FAIL]: -1
[FAIL]: -1
[FAIL]: -1
[FAIL]: -1
[FAIL]: -1
[FAIL]: -1
[FAIL]: -1
[FAIL]: -1
[FAIL]: -1
[FAIL]: -1
[FAIL]: -1
[FAIL]: -1
[FAIL]: -1
[FAIL]: -1
[FAIL]: -1
[FAIL]: -1
[FAIL]: -1
[FAIL]: -1
[FAIL]: -1
[FAIL]: -1
[FAIL]: -1
[FAIL]: -1
[FAIL]: -1
[FAIL]: -1
[FAIL]: -1
[FAIL]: -1
[FAIL]: -1
[FAIL]: -1
[FAIL]: -1
[FAIL]: -1
[FAIL]: -1
[FAIL]: -1
[FAIL]: -1
[FAIL]: -1
[FAIL]: -1
[FAIL]: -1
[FAIL]: -1
[FAIL]: -1
[FAIL]: -1
[FAIL]: -1
[FAIL]: -1
[FAIL]: -1
[FAIL]: -1
[FAIL]: -1
[FAIL]: -1
[FAIL]: -1
[FAIL]: -1
[FAIL]: -1
[FAIL]: -1
[FAIL]: -1
[FAIL]: -1
[FAIL]: -1
[FAIL]: -1
[FAIL]: -1
[FAIL]: -1
[FAIL]: -1
[FAIL]: -1
[FAIL]: -1
[FAIL]: -1
[FAIL]: -1
[FAIL]: -1
[FAIL]: -1
[FAIL]: -1
[FAIL]: -1
[FAIL]: -1
[FAIL]: -1
[FAIL]: -1
[FAIL]: -1
[FAIL]: -1
[FAIL]: -1
[FAIL]: -1
[FAIL]: -1
[FAIL]: -1
[FAIL]: -1
[FAIL]: -1
[FAIL]: -1
[FAIL]: -1
[FAIL]: -1
[FAIL]: -1
[FAIL]: -1
[FAIL]: -1
[FAIL]: -1
[FAIL]: -1
[FAIL]: -1
[FAIL]: -1
[FAIL]: -1
[FAIL]: -1
[FAIL]: -1
[FAIL]: -1
[FAIL]: -1
[FAIL]: -1
[FAIL]: -1
[FAIL]: -1
[FAIL]: -1
[FAIL]: -1
[FAIL]: -1
[FAIL]: -1
[FAIL]: -1
[FAIL]: -1
[FAIL]: -1
[FAIL]: -1
[FAIL]: -1
[FAIL]: -1
[FAIL]: -1
[FAIL]: -1
[FAIL]: -1
[FAIL]: -1
[FAIL]: -1
[FAIL]: -1
[FAIL]: -1
[FAIL]: -1
[FAIL]: -1
[FAIL]: -1
[FAIL]: -1
[FAIL]: -1
[FAIL]: -1
[FAIL]: -1
[FAIL]: -1
[FAIL]: -1
[FAIL]: -1
[FAIL]: -1
[FAIL]: -1
[FAIL]: -1
[FAIL]: -1
[FAIL]: -1
[FAIL]: -1
[FAIL]: -1
[FAIL]: -1
[FAIL]: -1
[FAIL]: -1
[FAIL]: -1
[FAIL]: -1
[FAIL]: -1
[FAIL]: -1
[FAIL]: -1
[FAIL]: -1
[FAIL]: -1
[FAIL]: -1
[FAIL]: -1
[FAIL]: -1
[FAIL]: -1
[FAIL]: -1
[FAIL]: -1
[FAIL]: -1
[FAIL]: -1
[FAIL]: -1
[FAIL]: -1
[FAIL]: -1
[FAIL]: -1
[FAIL]: -1
[FAIL]: -1
[FAIL]: -1
[FAIL]: -1
[FAIL]: -1
[FAIL]: -1
[FAIL]: -1
[FAIL]: -1
[FAIL]: -1
[FAIL]: -1
[FAIL]: -1
[FAIL]: -1
[FAIL]: -1
[FAIL]: -1
[FAIL]: -1
[FAIL]: -1
[FAIL]: -1
[FAIL]: -1
[FAIL]: -1
[FAIL]: -1
[FAIL]: -1
[FAIL]: -1
[FAIL]: -1
[FAIL]: -1
[FAIL]: -1
[FAIL]: -1
[FAIL]: -1
[FAIL]: -1
[FAIL]: -1
[FAIL]: -1
[FAIL]: -1
[FAIL]: -1
[FAIL]: -1
[FAIL]: -1
[FAIL]: -1
[FAIL]: -1
[FAIL]: -1
[FAIL]: -1
[FAIL]: -1
[FAIL]: -1
[FAIL]: -1
[FAIL]: -1
[FAIL]: -1
[FAIL]: -1
[FAIL]: -1
[FAIL]: -1
[FAIL]: -1
[FAIL]: -1
[FAIL]: -1
[FAIL]: -1
[FAIL]: -1
[FAIL]: -1
[FAIL]: -1
[FAIL]: -1
[FAIL]: -1
[FAIL]: -1
[FAIL]: -1
[FAIL]: -1
[FAIL]: -1
[FAIL]: -1
[FAIL]: -1
[FAIL]: -1
[FAIL]: -1
[FAIL]: -1
[FAIL]: -1
[FAIL]: -1
[FAIL]: -1
[FAIL]: -1
[FAIL]: -1
[FAIL]: -1
[FAIL]: -1
[FAIL]: -1
[FAIL]: -1
[FAIL]: -1
[FAIL]: -1
[FAIL]: -1
[FAIL]: -1
[FAIL]: -1
[FAIL]: -1
[DONE]: 867ms (94/100)
[FAIL]: -1
[FAIL]: -1
[FAIL]: -1
[FAIL]: -1
[FAIL]: -1
[FAIL]: -1
[FAIL]: -1
[FAIL]: -1
[FAIL]: -1
[FAIL]: -1
[FAIL]: -1
[FAIL]: -1
[FAIL]: -1
[FAIL]: -1
[FAIL]: -1
[FAIL]: -1
[FAIL]: -1
[FAIL]: -1
[FAIL]: -1
[FAIL]: -1
[FAIL]: -1
[FAIL]: -1
[FAIL]: -1
[FAIL]: -1
[FAIL]: -1
[FAIL]: -1
[FAIL]: -1
[FAIL]: -1
[FAIL]: -1
[FAIL]: -1
[FAIL]: -1
[FAIL]: -1
[FAIL]: -1
[FAIL]: -1
[FAIL]: -1
[FAIL]: -1
[FAIL]: -1
[FAIL]: -1
[FAIL]: -1
[FAIL]: -1
[FAIL]: -1
[FAIL]: -1
[FAIL]: -1
[FAIL]: -1
[FAIL]: -1
[FAIL]: -1
[FAIL]: -1
[FAIL]: -1
[FAIL]: -1
[FAIL]: -1
[FAIL]: -1
[FAIL]: -1
[FAIL]: -1
[FAIL]: -1
[FAIL]: -1
[FAIL]: -1
[FAIL]: -1
[FAIL]: -1
[FAIL]: -1
[FAIL]: -1
[FAIL]: -1
[FAIL]: -1
[FAIL]: -1
[FAIL]: -1
[FAIL]: -1
[FAIL]: -1
[FAIL]: -1
[FAIL]: -1
[DONE]: 251ms (95/100)
[FAIL]: -1
[FAIL]: -1
[FAIL]: -1
[FAIL]: -1
[FAIL]: -1
[FAIL]: -1
[FAIL]: -1
[FAIL]: -1
[FAIL]: -1
[FAIL]: -1
[FAIL]: -1
[FAIL]: -1
[FAIL]: -1
[FAIL]: -1
[FAIL]: -1
[FAIL]: -1
[FAIL]: -1
[FAIL]: -1
[FAIL]: -1
[FAIL]: -1
[FAIL]: -1
[FAIL]: -1
[FAIL]: -1
[FAIL]: -1
[FAIL]: -1
[FAIL]: -1
[FAIL]: -1
[FAIL]: -1
[FAIL]: -1
[FAIL]: -1
[FAIL]: -1
[FAIL]: -1
[FAIL]: -1
[FAIL]: -1
[FAIL]: -1
[FAIL]: -1
[FAIL]: -1
[FAIL]: -1
[FAIL]: -1
[warn] target not reached after checks; added random fallback keys: 5
done total=15379 valid=100 fail=15284 elapsed=168.9s rate=0.59 key/s file=file/checked_keys/ss.txt
[stats] ss: {'cache_ok': 82, 'cache_fail': 1, 'precheck_fail': 14152, 'xray_ok': 13, 'xray_fail': 1131}
[start] file/git_keys/default/vless.txt -> file/checked_keys/vless.txt, priority=505 raw=83217 unique=78697, target=500
[CACHE_OK]: 312ms (1/500)
[CACHE_OK]: 3316ms (2/500)
[CACHE_OK]: 241ms (3/500)
[CACHE_OK]: 530ms (4/500)
[CACHE_OK]: 247ms (5/500)
[CACHE_OK]: 268ms (6/500)
[CACHE_OK]: 519ms (7/500)
[CACHE_OK]: 3108ms (8/500)
[CACHE_OK]: 396ms (9/500)
[CACHE_OK]: 337ms (10/500)
[CACHE_OK]: 164ms (11/500)
[CACHE_OK]: 267ms (12/500)
[CACHE_OK]: 507ms (13/500)
[CACHE_OK]: 420ms (14/500)
[CACHE_OK]: 223ms (15/500)
[CACHE_OK]: 229ms (16/500)
[CACHE_OK]: 1732ms (17/500)
[CACHE_OK]: 522ms (18/500)
[CACHE_OK]: 383ms (19/500)
[CACHE_OK]: 415ms (20/500)
[CACHE_OK]: 204ms (21/500)
[CACHE_OK]: 372ms (22/500)
[CACHE_OK]: 219ms (23/500)
[CACHE_OK]: 492ms (24/500)
[CACHE_OK]: 2418ms (25/500)
[CACHE_OK]: 516ms (26/500)
[CACHE_OK]: 352ms (27/500)
[CACHE_OK]: 704ms (28/500)
[CACHE_OK]: 989ms (29/500)
[CACHE_OK]: 383ms (30/500)
[CACHE_OK]: 425ms (31/500)
[CACHE_OK]: 280ms (32/500)
[CACHE_OK]: 306ms (33/500)
[CACHE_OK]: 450ms (34/500)
[CACHE_OK]: 269ms (35/500)
[CACHE_OK]: 740ms (36/500)
[CACHE_OK]: 363ms (37/500)
[CACHE_OK]: 2249ms (38/500)
[CACHE_OK]: 295ms (39/500)
[CACHE_OK]: 371ms (40/500)
[CACHE_OK]: 292ms (41/500)
[CACHE_OK]: 399ms (42/500)
[CACHE_OK]: 551ms (43/500)
[CACHE_OK]: 329ms (44/500)
[CACHE_OK]: 222ms (45/500)
[CACHE_OK]: 347ms (46/500)
[CACHE_OK]: 301ms (47/500)
[CACHE_OK]: 333ms (48/500)
[CACHE_OK]: 340ms (49/500)
[CACHE_OK]: 346ms (50/500)
[CACHE_OK]: 212ms (51/500)
[CACHE_OK]: 255ms (52/500)
[CACHE_OK]: 211ms (53/500)
[CACHE_OK]: 232ms (54/500)
[CACHE_OK]: 228ms (55/500)
[CACHE_OK]: 492ms (56/500)
[CACHE_OK]: 323ms (57/500)
[CACHE_OK]: 255ms (58/500)
[CACHE_OK]: 286ms (59/500)
[CACHE_OK]: 322ms (60/500)
[CACHE_OK]: 263ms (61/500)
[CACHE_OK]: 234ms (62/500)
[CACHE_OK]: 295ms (63/500)
[CACHE_OK]: 280ms (64/500)
[CACHE_OK]: 1739ms (65/500)
[CACHE_OK]: 477ms (66/500)
[CACHE_OK]: 282ms (67/500)
[CACHE_OK]: 389ms (68/500)
[CACHE_OK]: 279ms (69/500)
[CACHE_OK]: 330ms (70/500)
[CACHE_OK]: 412ms (71/500)
[CACHE_OK]: 368ms (72/500)
[CACHE_OK]: 360ms (73/500)
[CACHE_OK]: 389ms (74/500)
[CACHE_OK]: 262ms (75/500)
[CACHE_OK]: 405ms (76/500)
[CACHE_OK]: 1638ms (77/500)
[CACHE_OK]: 307ms (78/500)
[CACHE_OK]: 366ms (79/500)
[CACHE_OK]: 380ms (80/500)
[CACHE_OK]: 292ms (81/500)
[CACHE_OK]: 276ms (82/500)
[CACHE_OK]: 246ms (83/500)
[CACHE_OK]: 290ms (84/500)
[CACHE_OK]: 343ms (85/500)
[CACHE_OK]: 251ms (86/500)
[CACHE_OK]: 257ms (87/500)
[CACHE_OK]: 299ms (88/500)
[CACHE_OK]: 252ms (89/500)
[CACHE_OK]: 196ms (90/500)
[CACHE_OK]: 335ms (91/500)
[CACHE_OK]: 288ms (92/500)
[CACHE_OK]: 284ms (93/500)
[CACHE_OK]: 274ms (94/500)
[CACHE_OK]: 303ms (95/500)
[CACHE_OK]: 1190ms (96/500)
[CACHE_OK]: 275ms (97/500)
[CACHE_OK]: 444ms (98/500)
[CACHE_OK]: 291ms (99/500)
[CACHE_OK]: 252ms (100/500)
[CACHE_OK]: 249ms (101/500)
[CACHE_OK]: 437ms (102/500)
[CACHE_OK]: 355ms (103/500)
[CACHE_OK]: 340ms (104/500)
[CACHE_OK]: 292ms (105/500)
[CACHE_OK]: 284ms (106/500)
[CACHE_OK]: 356ms (107/500)
[CACHE_OK]: 311ms (108/500)
[CACHE_OK]: 240ms (109/500)
[CACHE_OK]: 300ms (110/500)
[CACHE_OK]: 223ms (111/500)
[CACHE_OK]: 274ms (112/500)
[CACHE_OK]: 268ms (113/500)
[CACHE_OK]: 232ms (114/500)
[CACHE_OK]: 941ms (115/500)
[CACHE_OK]: 283ms (116/500)
[CACHE_OK]: 294ms (117/500)
[CACHE_OK]: 879ms (118/500)
[CACHE_OK]: 273ms (119/500)
[CACHE_OK]: 1334ms (120/500)
[CACHE_OK]: 229ms (121/500)
[CACHE_OK]: 248ms (122/500)
[CACHE_OK]: 255ms (123/500)
[CACHE_OK]: 232ms (124/500)
[CACHE_OK]: 435ms (125/500)
[CACHE_OK]: 545ms (126/500)
[CACHE_OK]: 724ms (127/500)
[CACHE_OK]: 1399ms (128/500)
[CACHE_OK]: 238ms (129/500)
[CACHE_OK]: 186ms (130/500)
[CACHE_OK]: 320ms (131/500)
[CACHE_OK]: 264ms (132/500)
[CACHE_OK]: 271ms (133/500)
[CACHE_OK]: 306ms (134/500)
[CACHE_OK]: 241ms (135/500)
[CACHE_OK]: 512ms (136/500)
[CACHE_OK]: 382ms (137/500)
[CACHE_OK]: 307ms (138/500)
[CACHE_OK]: 209ms (139/500)
[CACHE_OK]: 1224ms (140/500)
[CACHE_OK]: 330ms (141/500)
[CACHE_OK]: 318ms (142/500)
[CACHE_OK]: 267ms (143/500)
[CACHE_OK]: 247ms (144/500)
[CACHE_OK]: 278ms (145/500)
[CACHE_OK]: 358ms (146/500)
[CACHE_OK]: 461ms (147/500)
[CACHE_OK]: 317ms (148/500)
[CACHE_OK]: 342ms (149/500)
[CACHE_OK]: 389ms (150/500)
[CACHE_OK]: 321ms (151/500)
[CACHE_OK]: 353ms (152/500)
[CACHE_OK]: 297ms (153/500)
[CACHE_OK]: 245ms (154/500)
[CACHE_OK]: 770ms (155/500)
[CACHE_OK]: 298ms (156/500)
[CACHE_OK]: 303ms (157/500)
[CACHE_OK]: 285ms (158/500)
[CACHE_OK]: 283ms (159/500)
[CACHE_OK]: 277ms (160/500)
[CACHE_OK]: 263ms (161/500)
[CACHE_OK]: 208ms (162/500)
[CACHE_OK]: 283ms (163/500)
[CACHE_OK]: 1111ms (164/500)
[CACHE_OK]: 1277ms (165/500)
[CACHE_OK]: 329ms (166/500)
[CACHE_OK]: 703ms (167/500)
[CACHE_OK]: 376ms (168/500)
[CACHE_OK]: 279ms (169/500)
[CACHE_OK]: 264ms (170/500)
[CACHE_OK]: 493ms (171/500)
[CACHE_OK]: 464ms (172/500)
[CACHE_OK]: 2293ms (173/500)
[CACHE_OK]: 411ms (174/500)
[CACHE_OK]: 339ms (175/500)
[CACHE_OK]: 287ms (176/500)
[CACHE_OK]: 308ms (177/500)
[CACHE_OK]: 490ms (178/500)
[CACHE_OK]: 532ms (179/500)
[CACHE_OK]: 467ms (180/500)
[CACHE_OK]: 268ms (181/500)
[CACHE_OK]: 281ms (182/500)
[CACHE_OK]: 687ms (183/500)
[CACHE_OK]: 312ms (184/500)
[CACHE_OK]: 294ms (185/500)
[CACHE_OK]: 273ms (186/500)
[CACHE_OK]: 327ms (187/500)
[CACHE_OK]: 408ms (188/500)
[CACHE_OK]: 1126ms (189/500)
[CACHE_OK]: 248ms (190/500)
[CACHE_OK]: 333ms (191/500)
[CACHE_OK]: 306ms (192/500)
[CACHE_OK]: 372ms (193/500)
[CACHE_OK]: 320ms (194/500)
[CACHE_OK]: 335ms (195/500)
[CACHE_OK]: 315ms (196/500)
[CACHE_OK]: 264ms (197/500)
[CACHE_OK]: 450ms (198/500)
[CACHE_OK]: 238ms (199/500)
[CACHE_OK]: 295ms (200/500)
[CACHE_OK]: 357ms (201/500)
[CACHE_OK]: 318ms (202/500)
[CACHE_OK]: 322ms (203/500)
[CACHE_OK]: 335ms (204/500)
[CACHE_OK]: 2098ms (205/500)
[CACHE_OK]: 258ms (206/500)
[CACHE_OK]: 324ms (207/500)
[CACHE_OK]: 1468ms (208/500)
[CACHE_OK]: 394ms (209/500)
[CACHE_OK]: 1836ms (210/500)
[CACHE_OK]: 644ms (211/500)
[CACHE_OK]: 317ms (212/500)
[CACHE_OK]: 242ms (213/500)
[CACHE_OK]: 343ms (214/500)
[CACHE_OK]: 1079ms (215/500)
[CACHE_OK]: 321ms (216/500)
[CACHE_OK]: 420ms (217/500)
[CACHE_OK]: 324ms (218/500)
[CACHE_OK]: 341ms (219/500)
[CACHE_OK]: 299ms (220/500)
[CACHE_OK]: 330ms (221/500)
[CACHE_OK]: 254ms (222/500)
[CACHE_OK]: 314ms (223/500)
[CACHE_OK]: 353ms (224/500)
[CACHE_OK]: 317ms (225/500)
[CACHE_OK]: 424ms (226/500)
[CACHE_OK]: 377ms (227/500)
[CACHE_OK]: 284ms (228/500)
[CACHE_OK]: 287ms (229/500)
[CACHE_OK]: 323ms (230/500)
[CACHE_OK]: 340ms (231/500)
[CACHE_OK]: 332ms (232/500)
[CACHE_OK]: 1409ms (233/500)
[CACHE_OK]: 1584ms (234/500)
[CACHE_OK]: 3872ms (235/500)
[CACHE_OK]: 2275ms (236/500)
[CACHE_OK]: 1762ms (237/500)
[CACHE_OK]: 1062ms (238/500)
[CACHE_OK]: 294ms (239/500)
[CACHE_OK]: 392ms (240/500)
[CACHE_OK]: 377ms (241/500)
[CACHE_OK]: 375ms (242/500)
[CACHE_OK]: 281ms (243/500)
[CACHE_OK]: 361ms (244/500)
[CACHE_OK]: 1327ms (245/500)
[CACHE_OK]: 772ms (246/500)
[CACHE_OK]: 347ms (247/500)
[CACHE_OK]: 360ms (248/500)
[CACHE_OK]: 285ms (249/500)
[CACHE_OK]: 314ms (250/500)
[CACHE_OK]: 346ms (251/500)
[CACHE_OK]: 245ms (252/500)
[CACHE_OK]: 343ms (253/500)
[CACHE_OK]: 331ms (254/500)
[CACHE_OK]: 317ms (255/500)
[CACHE_OK]: 254ms (256/500)
[CACHE_OK]: 288ms (257/500)
[CACHE_OK]: 311ms (258/500)
[CACHE_OK]: 285ms (259/500)
[CACHE_OK]: 298ms (260/500)
[CACHE_OK]: 259ms (261/500)
[CACHE_OK]: 3351ms (262/500)
[CACHE_OK]: 324ms (263/500)
[CACHE_OK]: 340ms (264/500)
[CACHE_OK]: 414ms (265/500)
[CACHE_OK]: 680ms (266/500)
[CACHE_OK]: 693ms (267/500)
[CACHE_OK]: 329ms (268/500)
[CACHE_OK]: 293ms (269/500)
[CACHE_OK]: 331ms (270/500)
[CACHE_OK]: 318ms (271/500)
[CACHE_OK]: 408ms (272/500)
[CACHE_OK]: 304ms (273/500)
[CACHE_OK]: 336ms (274/500)
[CACHE_OK]: 315ms (275/500)
[CACHE_OK]: 215ms (276/500)
[CACHE_OK]: 274ms (277/500)
[CACHE_OK]: 394ms (278/500)
[CACHE_OK]: 743ms (279/500)
[CACHE_OK]: 774ms (280/500)
[CACHE_OK]: 291ms (281/500)
[CACHE_OK]: 296ms (282/500)
[CACHE_OK]: 580ms (283/500)
[CACHE_OK]: 1420ms (284/500)
[CACHE_OK]: 306ms (285/500)
[CACHE_OK]: 308ms (286/500)
[CACHE_OK]: 298ms (287/500)
[CACHE_OK]: 290ms (288/500)
[CACHE_OK]: 264ms (289/500)
[CACHE_OK]: 1319ms (290/500)
[CACHE_OK]: 331ms (291/500)
[CACHE_OK]: 242ms (292/500)
[CACHE_OK]: 3503ms (293/500)
[CACHE_OK]: 1021ms (294/500)
[CACHE_OK]: 570ms (295/500)
[CACHE_OK]: 362ms (296/500)
[CACHE_OK]: 329ms (297/500)
[CACHE_OK]: 332ms (298/500)
[CACHE_OK]: 452ms (299/500)
[CACHE_OK]: 228ms (300/500)
[CACHE_OK]: 441ms (301/500)
[CACHE_OK]: 629ms (302/500)
[CACHE_OK]: 2053ms (303/500)
[CACHE_OK]: 550ms (304/500)
[CACHE_OK]: 416ms (305/500)
[CACHE_OK]: 400ms (306/500)
[CACHE_OK]: 352ms (307/500)
[CACHE_OK]: 448ms (308/500)
[CACHE_OK]: 365ms (309/500)
[CACHE_OK]: 2134ms (310/500)
[CACHE_OK]: 1389ms (311/500)
[CACHE_OK]: 845ms (312/500)
[CACHE_OK]: 341ms (313/500)
[CACHE_OK]: 1830ms (314/500)
[CACHE_OK]: 626ms (315/500)
[CACHE_OK]: 378ms (316/500)
[CACHE_OK]: 341ms (317/500)
[CACHE_OK]: 1308ms (318/500)
[CACHE_OK]: 278ms (319/500)
[CACHE_OK]: 339ms (320/500)
[CACHE_OK]: 990ms (321/500)
[CACHE_OK]: 264ms (322/500)
[CACHE_OK]: 352ms (323/500)
[CACHE_OK]: 300ms (324/500)
[CACHE_OK]: 270ms (325/500)
[CACHE_OK]: 314ms (326/500)
[CACHE_OK]: 1118ms (327/500)
[CACHE_OK]: 329ms (328/500)
[CACHE_OK]: 337ms (329/500)
[CACHE_OK]: 357ms (330/500)
[CACHE_OK]: 532ms (331/500)
[CACHE_OK]: 430ms (332/500)
[CACHE_OK]: 298ms (333/500)
[CACHE_OK]: 374ms (334/500)
[CACHE_OK]: 365ms (335/500)
[CACHE_OK]: 1241ms (336/500)
[CACHE_OK]: 395ms (337/500)
[CACHE_OK]: 320ms (338/500)
[CACHE_OK]: 373ms (339/500)
[CACHE_OK]: 486ms (340/500)
[CACHE_OK]: 514ms (341/500)
[CACHE_OK]: 383ms (342/500)
[CACHE_OK]: 449ms (343/500)
[CACHE_OK]: 295ms (344/500)
[CACHE_OK]: 300ms (345/500)
[CACHE_OK]: 274ms (346/500)
[CACHE_OK]: 236ms (347/500)
[CACHE_OK]: 427ms (348/500)
[CACHE_OK]: 330ms (349/500)
[CACHE_OK]: 330ms (350/500)
[CACHE_OK]: 343ms (351/500)
[CACHE_OK]: 292ms (352/500)
[CACHE_OK]: 283ms (353/500)
[CACHE_OK]: 291ms (354/500)
[CACHE_OK]: 1469ms (355/500)
[CACHE_OK]: 3476ms (356/500)
[CACHE_OK]: 1477ms (357/500)
[CACHE_OK]: 304ms (358/500)
[CACHE_OK]: 319ms (359/500)
[CACHE_OK]: 2642ms (360/500)
[CACHE_OK]: 552ms (361/500)
[CACHE_OK]: 524ms (362/500)
[CACHE_OK]: 725ms (363/500)
[CACHE_OK]: 429ms (364/500)
[CACHE_OK]: 2183ms (365/500)
[CACHE_OK]: 833ms (366/500)
[CACHE_OK]: 660ms (367/500)
[CACHE_OK]: 309ms (368/500)
[CACHE_OK]: 312ms (369/500)
[CACHE_OK]: 346ms (370/500)
[CACHE_OK]: 300ms (371/500)
[CACHE_OK]: 359ms (372/500)
[CACHE_OK]: 396ms (373/500)
[CACHE_OK]: 755ms (374/500)
[CACHE_OK]: 238ms (375/500)
[CACHE_OK]: 272ms (376/500)
[CACHE_OK]: 298ms (377/500)
[CACHE_OK]: 302ms (378/500)
[CACHE_OK]: 357ms (379/500)
[CACHE_OK]: 319ms (380/500)
[CACHE_OK]: 290ms (381/500)
[CACHE_OK]: 439ms (382/500)
[CACHE_OK]: 557ms (383/500)
[CACHE_OK]: 734ms (384/500)
[CACHE_OK]: 504ms (385/500)
[CACHE_OK]: 505ms (386/500)
[CACHE_OK]: 338ms (387/500)
[CACHE_OK]: 299ms (388/500)
[CACHE_OK]: 687ms (389/500)
[CACHE_OK]: 521ms (390/500)
[CACHE_OK]: 347ms (391/500)
[CACHE_OK]: 276ms (392/500)
[CACHE_OK]: 489ms (393/500)
[CACHE_OK]: 361ms (394/500)
[CACHE_OK]: 324ms (395/500)
[CACHE_OK]: 338ms (396/500)
[CACHE_OK]: 451ms (397/500)
[CACHE_OK]: 363ms (398/500)
[CACHE_OK]: 321ms (399/500)
[CACHE_OK]: 3276ms (400/500)
[CACHE_OK]: 466ms (401/500)
[CACHE_OK]: 257ms (402/500)
[CACHE_OK]: 357ms (403/500)
[CACHE_OK]: 315ms (404/500)
[CACHE_OK]: 676ms (405/500)
[CACHE_OK]: 263ms (406/500)
[CACHE_OK]: 382ms (407/500)
[CACHE_OK]: 384ms (408/500)
[CACHE_OK]: 372ms (409/500)
[CACHE_OK]: 328ms (410/500)
[CACHE_OK]: 281ms (411/500)
[CACHE_OK]: 1139ms (412/500)
[CACHE_OK]: 367ms (413/500)
[CACHE_OK]: 426ms (414/500)
[CACHE_OK]: 282ms (415/500)
[CACHE_OK]: 251ms (416/500)
[CACHE_OK]: 396ms (417/500)
[CACHE_OK]: 329ms (418/500)
[CACHE_OK]: 681ms (419/500)
[CACHE_OK]: 616ms (420/500)
[CACHE_OK]: 416ms (421/500)
[CACHE_OK]: 321ms (422/500)
[CACHE_OK]: 271ms (423/500)
[CACHE_OK]: 431ms (424/500)
[CACHE_OK]: 319ms (425/500)
[CACHE_OK]: 573ms (426/500)
[CACHE_OK]: 380ms (427/500)
[CACHE_OK]: 262ms (428/500)
[CACHE_OK]: 324ms (429/500)
[CACHE_OK]: 335ms (430/500)
[CACHE_OK]: 354ms (431/500)
[CACHE_OK]: 338ms (432/500)
[CACHE_OK]: 321ms (433/500)
[CACHE_OK]: 569ms (434/500)
[CACHE_OK]: 340ms (435/500)
[CACHE_OK]: 287ms (436/500)
[CACHE_OK]: 337ms (437/500)
[CACHE_OK]: 288ms (438/500)
[CACHE_OK]: 463ms (439/500)
[CACHE_OK]: 260ms (440/500)
[CACHE_OK]: 323ms (441/500)
[CACHE_OK]: 733ms (442/500)
[CACHE_OK]: 365ms (443/500)
[CACHE_OK]: 246ms (444/500)
[CACHE_OK]: 391ms (445/500)
[CACHE_OK]: 371ms (446/500)
[CACHE_OK]: 438ms (447/500)
[CACHE_OK]: 1590ms (448/500)
[CACHE_OK]: 306ms (449/500)
[CACHE_OK]: 394ms (450/500)
[CACHE_OK]: 241ms (451/500)
[CACHE_OK]: 299ms (452/500)
[CACHE_OK]: 284ms (453/500)
[CACHE_OK]: 1236ms (454/500)
[CACHE_OK]: 407ms (455/500)
[CACHE_OK]: 753ms (456/500)
[CACHE_OK]: 499ms (457/500)
[CACHE_OK]: 540ms (458/500)
[CACHE_OK]: 632ms (459/500)
[CACHE_OK]: 372ms (460/500)
[CACHE_OK]: 281ms (461/500)
[CACHE_OK]: 308ms (462/500)
[CACHE_OK]: 315ms (463/500)
[CACHE_OK]: 328ms (464/500)
[CACHE_OK]: 287ms (465/500)
[CACHE_OK]: 264ms (466/500)
[CACHE_OK]: 332ms (467/500)
[CACHE_OK]: 221ms (468/500)
[CACHE_OK]: 300ms (469/500)
[CACHE_OK]: 268ms (470/500)
[CACHE_OK]: 269ms (471/500)
[CACHE_OK]: 371ms (472/500)
[CACHE_OK]: 310ms (473/500)
[CACHE_OK]: 2227ms (474/500)
[CACHE_OK]: 428ms (475/500)
[CACHE_OK]: 379ms (476/500)
[CACHE_OK]: 453ms (477/500)
[CACHE_OK]: 377ms (478/500)
[CACHE_OK]: 411ms (479/500)
[CACHE_OK]: 329ms (480/500)
[CACHE_OK]: 326ms (481/500)
[CACHE_OK]: 328ms (482/500)
[CACHE_OK]: 385ms (483/500)
[CACHE_OK]: 426ms (484/500)
[CACHE_OK]: 409ms (485/500)
[CACHE_OK]: 639ms (486/500)
[CACHE_OK]: 315ms (487/500)
[CACHE_OK]: 293ms (488/500)
[CACHE_OK]: 272ms (489/500)
[CACHE_OK]: 348ms (490/500)
[CACHE_OK]: 358ms (491/500)
[CACHE_OK]: 359ms (492/500)
[CACHE_OK]: 299ms (493/500)
[CACHE_OK]: 315ms (494/500)
[CACHE_OK]: 396ms (495/500)
[CACHE_OK]: 516ms (496/500)
[CACHE_OK]: 498ms (497/500)
[CACHE_OK]: 1909ms (498/500)
[CACHE_OK]: 2670ms (499/500)
[CACHE_OK]: 353ms (500/500)
done total=78697 valid=500 fail=0 elapsed=0.0s rate=32053.31 key/s file=file/checked_keys/vless.txt
[stats] vless: {'cache_ok': 500, 'cache_fail': 0, 'precheck_fail': 0, 'xray_ok': 0, 'xray_fail': 0}
[start] file/git_keys/whiteList/keys.txt -> file/checked_keys/keys.txt, priority=500 raw=112074 unique=106474, target=500
[CACHE_OK]: 1277ms (1/500)
[CACHE_OK]: 337ms (2/500)
[CACHE_OK]: 461ms (3/500)
[CACHE_OK]: 321ms (4/500)
[CACHE_OK]: 353ms (5/500)
[CACHE_OK]: 297ms (6/500)
[CACHE_OK]: 303ms (7/500)
[CACHE_OK]: 1111ms (8/500)
[CACHE_OK]: 2293ms (9/500)
[CACHE_OK]: 287ms (10/500)
[CACHE_OK]: 687ms (11/500)
[CACHE_OK]: 312ms (12/500)
[CACHE_OK]: 294ms (13/500)
[CACHE_OK]: 273ms (14/500)
[CACHE_OK]: 314ms (15/500)
[CACHE_OK]: 353ms (16/500)
[CACHE_OK]: 1584ms (17/500)
[CACHE_OK]: 2275ms (18/500)
[CACHE_OK]: 1762ms (19/500)
[CACHE_OK]: 1010ms (20/500)
[CACHE_OK]: 347ms (21/500)
[CACHE_OK]: 3351ms (22/500)
[CACHE_OK]: 340ms (23/500)
[CACHE_OK]: 329ms (24/500)
[CACHE_OK]: 743ms (25/500)
[CACHE_OK]: 774ms (26/500)
[CACHE_OK]: 291ms (27/500)
[CACHE_OK]: 492ms (28/500)
[CACHE_OK]: 1319ms (29/500)
[CACHE_OK]: 1021ms (30/500)
[CACHE_OK]: 570ms (31/500)
[CACHE_OK]: 365ms (32/500)
[CACHE_OK]: 800ms (33/500)
[CACHE_OK]: 1389ms (34/500)
[CACHE_OK]: 1830ms (35/500)
[CACHE_OK]: 990ms (36/500)
[CACHE_OK]: 264ms (37/500)
[CACHE_OK]: 352ms (38/500)
[CACHE_OK]: 314ms (39/500)
[CACHE_OK]: 298ms (40/500)
[CACHE_OK]: 374ms (41/500)
[CACHE_OK]: 365ms (42/500)
[CACHE_OK]: 885ms (43/500)
[CACHE_OK]: 514ms (44/500)
[CACHE_OK]: 236ms (45/500)
[CACHE_OK]: 427ms (46/500)
[CACHE_OK]: 429ms (47/500)
[CACHE_OK]: 755ms (48/500)
[CACHE_OK]: 232ms (49/500)
[CACHE_OK]: 505ms (50/500)
[CACHE_OK]: 299ms (51/500)
[CACHE_OK]: 321ms (52/500)
[CACHE_OK]: 3276ms (53/500)
[CACHE_OK]: 315ms (54/500)
[CACHE_OK]: 676ms (55/500)
[CACHE_OK]: 372ms (56/500)
[CACHE_OK]: 328ms (57/500)
[CACHE_OK]: 396ms (58/500)
[CACHE_OK]: 271ms (59/500)
[CACHE_OK]: 431ms (60/500)
[CACHE_OK]: 319ms (61/500)
[CACHE_OK]: 287ms (62/500)
[CACHE_OK]: 337ms (63/500)
[CACHE_OK]: 288ms (64/500)
[CACHE_OK]: 306ms (65/500)
[CACHE_OK]: 865ms (66/500)
[CACHE_OK]: 407ms (67/500)
[CACHE_OK]: 221ms (68/500)
[CACHE_OK]: 379ms (69/500)
[CACHE_OK]: 453ms (70/500)
[CACHE_OK]: 411ms (71/500)
[CACHE_OK]: 315ms (72/500)
[CACHE_OK]: 396ms (73/500)
[CACHE_OK]: 2670ms (74/500)
[CACHE_OK]: 353ms (75/500)
[CACHE_OK]: 252ms (76/500)
[CACHE_OK]: 853ms (77/500)
[CACHE_OK]: 1399ms (78/500)
[CACHE_OK]: 1014ms (79/500)
[CACHE_OK]: 520ms (80/500)
[CACHE_OK]: 832ms (81/500)
[CACHE_OK]: 862ms (82/500)
[CACHE_OK]: 291ms (83/500)
[CACHE_OK]: 884ms (84/500)
[CACHE_OK]: 626ms (85/500)
[CACHE_OK]: 307ms (86/500)
[CACHE_OK]: 838ms (87/500)
[CACHE_OK]: 2749ms (88/500)
[CACHE_OK]: 2418ms (89/500)
[CACHE_OK]: 997ms (90/500)
[CACHE_OK]: 1224ms (91/500)
[CACHE_OK]: 885ms (92/500)
[CACHE_OK]: 2387ms (93/500)
[CACHE_OK]: 1292ms (94/500)
[CACHE_OK]: 389ms (95/500)
[CACHE_OK]: 516ms (96/500)
[CACHE_OK]: 318ms (97/500)
[CACHE_OK]: 855ms (98/500)
[CACHE_OK]: 649ms (99/500)
[CACHE_OK]: 311ms (100/500)
[CACHE_OK]: 733ms (101/500)
[CACHE_OK]: 380ms (102/500)
[CACHE_OK]: 371ms (103/500)
[CACHE_OK]: 1451ms (104/500)
[CACHE_OK]: 279ms (105/500)
[CACHE_OK]: 319ms (106/500)
[CACHE_OK]: 288ms (107/500)
[CACHE_OK]: 372ms (108/500)
[CACHE_OK]: 3575ms (109/500)
[CACHE_OK]: 374ms (110/500)
[CACHE_OK]: 369ms (111/500)
[CACHE_OK]: 202ms (112/500)
[CACHE_OK]: 456ms (113/500)
[CACHE_OK]: 535ms (114/500)
[CACHE_OK]: 375ms (115/500)
[CACHE_OK]: 389ms (116/500)
[CACHE_OK]: 549ms (117/500)
[CACHE_OK]: 203ms (118/500)
[CACHE_OK]: 673ms (119/500)
[CACHE_OK]: 418ms (120/500)
[CACHE_OK]: 709ms (121/500)
[CACHE_OK]: 377ms (122/500)
[CACHE_OK]: 323ms (123/500)
[CACHE_OK]: 534ms (124/500)
[CACHE_OK]: 341ms (125/500)
[CACHE_OK]: 387ms (126/500)
[CACHE_OK]: 277ms (127/500)
[CACHE_OK]: 161ms (128/500)
[CACHE_OK]: 335ms (129/500)
[CACHE_OK]: 296ms (130/500)
[CACHE_OK]: 267ms (131/500)
[CACHE_OK]: 308ms (132/500)
[CACHE_OK]: 184ms (133/500)
[CACHE_OK]: 274ms (134/500)
[CACHE_OK]: 278ms (135/500)
[CACHE_OK]: 296ms (136/500)
[CACHE_OK]: 300ms (137/500)
[CACHE_OK]: 195ms (138/500)
[CACHE_OK]: 277ms (139/500)
[CACHE_OK]: 296ms (140/500)
[CACHE_OK]: 422ms (141/500)
[CACHE_OK]: 310ms (142/500)
[CACHE_OK]: 271ms (143/500)
[CACHE_OK]: 177ms (144/500)
[CACHE_OK]: 300ms (145/500)
[CACHE_OK]: 285ms (146/500)
[CACHE_OK]: 241ms (147/500)
[CACHE_OK]: 213ms (148/500)
[CACHE_OK]: 272ms (149/500)
[CACHE_OK]: 269ms (150/500)
[CACHE_OK]: 349ms (151/500)
[CACHE_OK]: 1823ms (152/500)
[CACHE_OK]: 269ms (153/500)
[CACHE_OK]: 365ms (154/500)
[CACHE_OK]: 363ms (155/500)
[CACHE_OK]: 228ms (156/500)
[CACHE_OK]: 300ms (157/500)
[CACHE_OK]: 290ms (158/500)
[CACHE_OK]: 2904ms (159/500)
[CACHE_OK]: 2565ms (160/500)
[CACHE_OK]: 401ms (161/500)
[CACHE_OK]: 345ms (162/500)
[CACHE_OK]: 318ms (163/500)
[CACHE_OK]: 3585ms (164/500)
[CACHE_OK]: 256ms (165/500)
[CACHE_OK]: 353ms (166/500)
[CACHE_OK]: 2678ms (167/500)
[CACHE_OK]: 281ms (168/500)
[CACHE_OK]: 197ms (169/500)
[CACHE_OK]: 410ms (170/500)
[CACHE_OK]: 292ms (171/500)
[CACHE_OK]: 2889ms (172/500)
[CACHE_OK]: 2242ms (173/500)
[CACHE_OK]: 2035ms (174/500)
[CACHE_OK]: 777ms (175/500)
[CACHE_OK]: 286ms (176/500)
[CACHE_OK]: 301ms (177/500)
[CACHE_OK]: 409ms (178/500)
[CACHE_OK]: 342ms (179/500)
[CACHE_OK]: 189ms (180/500)
[CACHE_OK]: 247ms (181/500)
[CACHE_OK]: 213ms (182/500)
[CACHE_OK]: 339ms (183/500)
[CACHE_OK]: 442ms (184/500)
[CACHE_OK]: 286ms (185/500)
[CACHE_OK]: 304ms (186/500)
[CACHE_OK]: 442ms (187/500)
[CACHE_OK]: 311ms (188/500)
[CACHE_OK]: 206ms (189/500)
[CACHE_OK]: 253ms (190/500)
[CACHE_OK]: 242ms (191/500)
[CACHE_OK]: 292ms (192/500)
[CACHE_OK]: 322ms (193/500)
[CACHE_OK]: 274ms (194/500)
[CACHE_OK]: 1141ms (195/500)
[CACHE_OK]: 306ms (196/500)
[CACHE_OK]: 368ms (197/500)
[CACHE_OK]: 331ms (198/500)
[CACHE_OK]: 284ms (199/500)
[CACHE_OK]: 1556ms (200/500)
[CACHE_OK]: 310ms (201/500)
[CACHE_OK]: 491ms (202/500)
[CACHE_OK]: 238ms (203/500)
[CACHE_OK]: 484ms (204/500)
[CACHE_OK]: 313ms (205/500)
[CACHE_OK]: 286ms (206/500)
[CACHE_OK]: 1398ms (207/500)
[CACHE_OK]: 318ms (208/500)
[CACHE_OK]: 311ms (209/500)
[CACHE_OK]: 474ms (210/500)
[CACHE_OK]: 393ms (211/500)
[CACHE_OK]: 348ms (212/500)
[CACHE_OK]: 217ms (213/500)
[CACHE_OK]: 358ms (214/500)
[CACHE_OK]: 281ms (215/500)
[CACHE_OK]: 223ms (216/500)
[CACHE_OK]: 295ms (217/500)
[CACHE_OK]: 333ms (218/500)
[CACHE_OK]: 319ms (219/500)
[CACHE_OK]: 217ms (220/500)
[CACHE_OK]: 397ms (221/500)
[CACHE_OK]: 316ms (222/500)
[CACHE_OK]: 316ms (223/500)
[CACHE_OK]: 280ms (224/500)
[CACHE_OK]: 293ms (225/500)
[CACHE_OK]: 317ms (226/500)
[CACHE_OK]: 409ms (227/500)
[CACHE_OK]: 206ms (228/500)
[CACHE_OK]: 314ms (229/500)
[CACHE_OK]: 339ms (230/500)
[CACHE_OK]: 300ms (231/500)
[CACHE_OK]: 336ms (232/500)
[CACHE_OK]: 351ms (233/500)
[CACHE_OK]: 315ms (234/500)
[CACHE_OK]: 250ms (235/500)
[CACHE_OK]: 3472ms (236/500)
[CACHE_OK]: 3866ms (237/500)
[CACHE_OK]: 2487ms (238/500)
[CACHE_OK]: 1064ms (239/500)
[CACHE_OK]: 339ms (240/500)
[CACHE_OK]: 600ms (241/500)
[CACHE_OK]: 578ms (242/500)
[CACHE_OK]: 391ms (243/500)
[CACHE_OK]: 375ms (244/500)
[CACHE_OK]: 316ms (245/500)
[CACHE_OK]: 362ms (246/500)
[CACHE_OK]: 314ms (247/500)
[CACHE_OK]: 256ms (248/500)
[CACHE_OK]: 300ms (249/500)
[CACHE_OK]: 391ms (250/500)
[CACHE_OK]: 284ms (251/500)
[CACHE_OK]: 312ms (252/500)
[CACHE_OK]: 2511ms (253/500)
[CACHE_OK]: 296ms (254/500)
[CACHE_OK]: 292ms (255/500)
[CACHE_OK]: 341ms (256/500)
[CACHE_OK]: 305ms (257/500)
[CACHE_OK]: 294ms (258/500)
[CACHE_OK]: 375ms (259/500)
[CACHE_OK]: 328ms (260/500)
[CACHE_OK]: 367ms (261/500)
[CACHE_OK]: 340ms (262/500)
[CACHE_OK]: 1038ms (263/500)
[CACHE_OK]: 329ms (264/500)
[CACHE_OK]: 297ms (265/500)
[CACHE_OK]: 308ms (266/500)
[CACHE_OK]: 303ms (267/500)
[CACHE_OK]: 314ms (268/500)
[CACHE_OK]: 3149ms (269/500)
[CACHE_OK]: 335ms (270/500)
[CACHE_OK]: 393ms (271/500)
[CACHE_OK]: 327ms (272/500)
[CACHE_OK]: 281ms (273/500)
[CACHE_OK]: 352ms (274/500)
[CACHE_OK]: 316ms (275/500)
[CACHE_OK]: 282ms (276/500)
[CACHE_OK]: 188ms (277/500)
[CACHE_OK]: 277ms (278/500)
[CACHE_OK]: 287ms (279/500)
[CACHE_OK]: 398ms (280/500)
[CACHE_OK]: 190ms (281/500)
[CACHE_OK]: 315ms (282/500)
[CACHE_OK]: 318ms (283/500)
[CACHE_OK]: 287ms (284/500)
[CACHE_OK]: 304ms (285/500)
[CACHE_OK]: 150ms (286/500)
[CACHE_OK]: 469ms (287/500)
[CACHE_OK]: 368ms (288/500)
[CACHE_OK]: 318ms (289/500)
[CACHE_OK]: 352ms (290/500)
[CACHE_OK]: 335ms (291/500)
[CACHE_OK]: 261ms (292/500)
[CACHE_OK]: 540ms (293/500)
[CACHE_OK]: 649ms (294/500)
[CACHE_OK]: 313ms (295/500)
[CACHE_OK]: 265ms (296/500)
[CACHE_OK]: 232ms (297/500)
[CACHE_OK]: 312ms (298/500)
[CACHE_OK]: 249ms (299/500)
[CACHE_OK]: 214ms (300/500)
[CACHE_OK]: 229ms (301/500)
[CACHE_OK]: 409ms (302/500)
[CACHE_OK]: 287ms (303/500)
[CACHE_OK]: 3488ms (304/500)
[CACHE_OK]: 2910ms (305/500)
[CACHE_OK]: 2347ms (306/500)
[CACHE_OK]: 2615ms (307/500)
[CACHE_OK]: 1289ms (308/500)
[CACHE_OK]: 1082ms (309/500)
[CACHE_OK]: 686ms (310/500)
[CACHE_OK]: 1420ms (311/500)
[CACHE_OK]: 307ms (312/500)
[CACHE_OK]: 535ms (313/500)
[CACHE_OK]: 305ms (314/500)
[CACHE_OK]: 512ms (315/500)
[CACHE_OK]: 405ms (316/500)
[CACHE_OK]: 343ms (317/500)
[CACHE_OK]: 335ms (318/500)
[CACHE_OK]: 287ms (319/500)
[CACHE_OK]: 300ms (320/500)
[CACHE_OK]: 535ms (321/500)
[CACHE_OK]: 251ms (322/500)
[CACHE_OK]: 438ms (323/500)
[CACHE_OK]: 291ms (324/500)
[CACHE_OK]: 306ms (325/500)
[CACHE_OK]: 276ms (326/500)
[CACHE_OK]: 295ms (327/500)
[CACHE_OK]: 281ms (328/500)
[CACHE_OK]: 300ms (329/500)
[CACHE_OK]: 272ms (330/500)
[CACHE_OK]: 268ms (331/500)
[CACHE_OK]: 235ms (332/500)
[CACHE_OK]: 343ms (333/500)
[CACHE_OK]: 3548ms (334/500)
[CACHE_OK]: 2232ms (335/500)
[CACHE_OK]: 1229ms (336/500)
[CACHE_OK]: 909ms (337/500)
[CACHE_OK]: 648ms (338/500)
[CACHE_OK]: 1093ms (339/500)
[CACHE_OK]: 286ms (340/500)
[CACHE_OK]: 272ms (341/500)
[CACHE_OK]: 257ms (342/500)
[CACHE_OK]: 302ms (343/500)
[CACHE_OK]: 296ms (344/500)
[CACHE_OK]: 462ms (345/500)
[CACHE_OK]: 277ms (346/500)
[CACHE_OK]: 289ms (347/500)
[CACHE_OK]: 371ms (348/500)
[CACHE_OK]: 278ms (349/500)
[CACHE_OK]: 193ms (350/500)
[CACHE_OK]: 336ms (351/500)
[CACHE_OK]: 333ms (352/500)
[CACHE_OK]: 311ms (353/500)
[CACHE_OK]: 341ms (354/500)
[CACHE_OK]: 300ms (355/500)
[CACHE_OK]: 177ms (356/500)
[CACHE_OK]: 1092ms (357/500)
[CACHE_OK]: 314ms (358/500)
[CACHE_OK]: 288ms (359/500)
[CACHE_OK]: 759ms (360/500)
[CACHE_OK]: 238ms (361/500)
[CACHE_OK]: 281ms (362/500)
[CACHE_OK]: 205ms (363/500)
[CACHE_OK]: 303ms (364/500)
[CACHE_OK]: 454ms (365/500)
[CACHE_OK]: 1128ms (366/500)
[CACHE_OK]: 311ms (367/500)
[CACHE_OK]: 256ms (368/500)
[CACHE_OK]: 325ms (369/500)
[CACHE_OK]: 256ms (370/500)
[CACHE_OK]: 402ms (371/500)
[CACHE_OK]: 1223ms (372/500)
[CACHE_OK]: 306ms (373/500)
[CACHE_OK]: 250ms (374/500)
[CACHE_OK]: 268ms (375/500)
[CACHE_OK]: 272ms (376/500)
[CACHE_OK]: 598ms (377/500)
[CACHE_OK]: 288ms (378/500)
[CACHE_OK]: 373ms (379/500)
[CACHE_OK]: 285ms (380/500)
[CACHE_OK]: 302ms (381/500)
[CACHE_OK]: 278ms (382/500)
[CACHE_OK]: 240ms (383/500)
[CACHE_OK]: 1126ms (384/500)
[CACHE_OK]: 339ms (385/500)
[CACHE_OK]: 329ms (386/500)
[CACHE_OK]: 559ms (387/500)
[CACHE_OK]: 1321ms (388/500)
[CACHE_OK]: 321ms (389/500)
[CACHE_OK]: 282ms (390/500)
[CACHE_OK]: 325ms (391/500)
[CACHE_OK]: 388ms (392/500)
[CACHE_OK]: 127ms (393/500)
[CACHE_OK]: 311ms (394/500)
[CACHE_OK]: 1770ms (395/500)
[CACHE_OK]: 277ms (396/500)
[CACHE_OK]: 522ms (397/500)
[CACHE_OK]: 622ms (398/500)
[CACHE_OK]: 324ms (399/500)
[CACHE_OK]: 421ms (400/500)
[CACHE_OK]: 332ms (401/500)
[CACHE_OK]: 389ms (402/500)
[CACHE_OK]: 441ms (403/500)
[CACHE_OK]: 975ms (404/500)
[CACHE_OK]: 391ms (405/500)
[CACHE_OK]: 305ms (406/500)
[CACHE_OK]: 774ms (407/500)
[CACHE_OK]: 293ms (408/500)
[CACHE_OK]: 229ms (409/500)
[CACHE_OK]: 317ms (410/500)
[CACHE_OK]: 271ms (411/500)
[CACHE_OK]: 493ms (412/500)
[CACHE_OK]: 481ms (413/500)
[CACHE_OK]: 747ms (414/500)
[CACHE_OK]: 436ms (415/500)
[CACHE_OK]: 437ms (416/500)
[CACHE_OK]: 371ms (417/500)
[CACHE_OK]: 3458ms (418/500)
[CACHE_OK]: 379ms (419/500)
[CACHE_OK]: 310ms (420/500)
[CACHE_OK]: 372ms (421/500)
[CACHE_OK]: 472ms (422/500)
[CACHE_OK]: 299ms (423/500)
[CACHE_OK]: 327ms (424/500)
[CACHE_OK]: 536ms (425/500)
[CACHE_OK]: 378ms (426/500)
[CACHE_OK]: 397ms (427/500)
[CACHE_OK]: 3039ms (428/500)
[CACHE_OK]: 716ms (429/500)
[CACHE_OK]: 306ms (430/500)
[CACHE_OK]: 305ms (431/500)
[CACHE_OK]: 2841ms (432/500)
[CACHE_OK]: 750ms (433/500)
[CACHE_OK]: 666ms (434/500)
[CACHE_OK]: 1924ms (435/500)
[CACHE_OK]: 304ms (436/500)
[CACHE_OK]: 607ms (437/500)
[CACHE_OK]: 302ms (438/500)
[CACHE_OK]: 2364ms (439/500)
[CACHE_OK]: 482ms (440/500)
[CACHE_OK]: 283ms (441/500)
[CACHE_OK]: 375ms (442/500)
[CACHE_OK]: 362ms (443/500)
[CACHE_OK]: 346ms (444/500)
[CACHE_OK]: 286ms (445/500)
[CACHE_OK]: 310ms (446/500)
[CACHE_OK]: 416ms (447/500)
[CACHE_OK]: 251ms (448/500)
[CACHE_OK]: 572ms (449/500)
[CACHE_OK]: 285ms (450/500)
[CACHE_OK]: 252ms (451/500)
[CACHE_OK]: 325ms (452/500)
[CACHE_OK]: 304ms (453/500)
[CACHE_OK]: 325ms (454/500)
[CACHE_OK]: 1010ms (455/500)
[CACHE_OK]: 321ms (456/500)
[CACHE_OK]: 283ms (457/500)
[CACHE_OK]: 330ms (458/500)
[CACHE_OK]: 249ms (459/500)
[CACHE_OK]: 326ms (460/500)
[CACHE_OK]: 854ms (461/500)
[CACHE_OK]: 918ms (462/500)
[CACHE_OK]: 446ms (463/500)
[CACHE_OK]: 393ms (464/500)
[CACHE_OK]: 500ms (465/500)
[CACHE_OK]: 355ms (466/500)
[CACHE_OK]: 482ms (467/500)
[CACHE_OK]: 478ms (468/500)
[CACHE_OK]: 962ms (469/500)
[CACHE_OK]: 602ms (470/500)
[CACHE_OK]: 500ms (471/500)
[CACHE_OK]: 382ms (472/500)
[CACHE_OK]: 265ms (473/500)
[CACHE_OK]: 498ms (474/500)
[CACHE_OK]: 192ms (475/500)
[CACHE_OK]: 371ms (476/500)
[CACHE_OK]: 255ms (477/500)
[CACHE_OK]: 312ms (478/500)
[CACHE_OK]: 286ms (479/500)
[CACHE_OK]: 333ms (480/500)
[CACHE_OK]: 343ms (481/500)
[CACHE_OK]: 275ms (482/500)
[CACHE_OK]: 312ms (483/500)
[CACHE_OK]: 461ms (484/500)
[CACHE_OK]: 1233ms (485/500)
[CACHE_OK]: 453ms (486/500)
[CACHE_OK]: 222ms (487/500)
[CACHE_OK]: 283ms (488/500)
[CACHE_OK]: 349ms (489/500)
[CACHE_OK]: 290ms (490/500)
[CACHE_OK]: 307ms (491/500)
[CACHE_OK]: 288ms (492/500)
[CACHE_OK]: 349ms (493/500)
[CACHE_OK]: 251ms (494/500)
[CACHE_OK]: 1191ms (495/500)
[CACHE_OK]: 565ms (496/500)
[CACHE_OK]: 479ms (497/500)
[CACHE_OK]: 424ms (498/500)
[CACHE_OK]: 403ms (499/500)
[CACHE_OK]: 438ms (500/500)
done total=106474 valid=500 fail=0 elapsed=0.0s rate=33351.65 key/s file=file/checked_keys/keys.txt
[stats] keys: {'cache_ok': 500, 'cache_fail': 0, 'precheck_fail': 0, 'xray_ok': 0, 'xray_fail': 0}
[round 1/1] checking 100 keys (parallel=80)
done input=100 used=100 rounds=1 elapsed=6.2s success=39.00% ranked=file/valid_keys/ss.txt stats=file/valid_keys/ss_stats.csv
[round 1/2] checking 500 keys (parallel=80)
[round 2/2] checking 500 keys (parallel=80)
done input=500 used=500 rounds=2 elapsed=62.1s success=9.30% ranked=file/valid_keys/vless.txt stats=file/valid_keys/vless_stats.csv
[round 1/2] checking 500 keys (parallel=80)
[round 2/2] checking 500 keys (parallel=80)
done input=500 used=500 rounds=2 elapsed=56.9s success=20.60% ranked=file/valid_keys/keys.txt stats=file/valid_keys/keys_stats.csv
[info] total keys=1100, geodetect subset=635
[done] deck files created: ss=10, vless=200, keys=200, RU_keys=16
[stats] geo: {'cache_hit': 397, 'run_dedupe_hit': 46, 'geo_detect': 192}
[info] loaded vless: 200 keys
[info] loaded keys: 200 keys
[info] loaded ru: 16 keys
[ok] written git/2Tues (200 keys)
[ok] written git/WhiteKeys (200 keys)
[ok] written git/RU_other (16 keys)
[done] git files updated
